userId,movieId,rating,timestamp
69,2918,4.0,1121104575
275,929,4.0,1136710456
253,4022,4.0,1353744173
192,36525,4.0,1153930984
222,17,4.0,945070183
569,1645,4.0,1245982281
451,3412,4.0,1131361207
57,48780,4.0,1299381786
405,7323,4.0,1296440719
50,898,4.0,905249690
544,539,4.0,944941540
310,515,4.0,1142447640
564,95,4.0,957925254
292,44195,4.0,1190270925
467,480,4.0,1430452611
168,4027,4.0,1159239203
189,2788,4.0,1170025268
543,2546,4.0,995891432
117,1,4.0,851343558
405,6242,4.0,1296441130
597,1552,4.0,965155097
130,2505,4.0,941882507
576,101895,4.0,1446821135
458,2441,4.0,975780862
347,2336,4.0,1274978749
29,50,4.0,836583902
130,5298,4.0,1022692226
555,1124,4.0,875313756
610,1619,4.0,1303104184
501,1127,4.0,1042988517
336,56174,4.0,1248029626
354,950,4.0,965328588
109,2372,4.0,918641390
575,55290,4.0,1208192173
250,3683,4.0,1107160284
232,3617,4.0,1277408907
209,4975,4.0,1013140148
32,1015,4.0,903225640
164,44825,4.0,1440813643
495,2664,4.0,993844475
495,2528,4.0,993843735
668,6296,4.0,1093966850
331,1032,4.0,1138985148
560,3864,4.0,1067534421
267,1273,4.0,968990256
403,42738,4.0,1225993488
555,953,4.0,875312702
452,6502,4.0,1290765080
575,2467,4.0,939926249
383,4973,4.0,1214210785
376,2736,4.0,942194054
460,4025,4.0,1130278068
581,4995,4.0,1110287243
561,1784,4.0,948000645
581,2100,4.0,1110284737
223,2628,4.0,948940658
165,648,4.0,862302027
128,30810,4.0,1332523651
156,953,4.0,885581776
244,1678,4.0,953168748
274,1584,4.0,892800935
607,3977,4.0,974707939
63,4369,4.0,1299773570
357,3798,4.0,964452282
188,179,4.0,879098053
133,318,4.0,837546506
303,2502,4.0,976218543
255,1291,4.0,1174421105
668,6443,4.0,1427773520
422,1302,4.0,1074650312
458,905,4.0,975731090
118,2797,4.0,1045007361
607,4446,4.0,995553939
228,2735,4.0,1125608218
166,80463,4.0,1439764167
518,4226,4.0,1439913070
495,3753,4.0,993839472
600,3751,4.0,978215283
456,318,4.0,841927980
325,1291,4.0,1300117494
224,115569,4.0,1420876869
232,27537,4.0,1282530469
260,236,4.0,847822828
662,912,4.0,945173817
232,75985,4.0,1277408884
402,6808,4.0,1172482184
668,5989,4.0,1413089161
390,273,4.0,828804252
354,1247,4.0,965328795
283,247,4.0,868263691
599,4128,4.0,1424811527
564,733,4.0,957925008
605,2917,4.0,955376467
209,4995,4.0,1013139372
220,1188,4.0,1111995799
451,6534,4.0,1131361081
192,4069,4.0,1030748222
532,91529,4.0,1442002824
627,63222,4.0,1237932000
369,2700,4.0,941389923
232,38097,4.0,1296462443
570,593,4.0,833568179
158,64620,4.0,1247269100
354,2032,4.0,1036534585
158,474,4.0,1247269462
389,261,4.0,1319160825
382,90403,4.0,1322872988
232,3972,4.0,1277404092
286,4720,4.0,1437596654
575,7348,4.0,1110811991
328,1270,4.0,1224214781
310,2918,4.0,1091954083
461,246,4.0,1193063679
461,1267,4.0,1179854649
235,1722,4.0,953740993
328,69,4.0,1223270531
380,1580,4.0,1020278511
208,153,4.0,837958934
560,2133,4.0,1067534923
192,3175,4.0,1059406165
535,36529,4.0,1432619050
121,2125,4.0,945968209
458,57669,4.0,1240571140
19,6947,4.0,1442282363
668,134368,4.0,1434287418
560,3754,4.0,1067535450
662,1621,4.0,945180015
438,44195,4.0,1224532726
513,1270,4.0,1322787861
607,45,4.0,974706113
632,2502,4.0,1388950405
662,1455,4.0,945179829
392,63992,4.0,1281452186
337,1220,4.0,962607806
220,4508,4.0,1112608538
160,2120,4.0,903489369
303,1921,4.0,976999297
495,2529,4.0,993844088
662,57,4.0,945175105
162,161,4.0,836675336
615,2115,4.0,955127861
31,348,4.0,832397742
128,1243,4.0,1281578693
648,260,4.0,859029756
632,4995,4.0,1388950373
105,490,4.0,857737151
167,6016,4.0,1446587417
225,339,4.0,835161750
495,2407,4.0,993842754
548,3428,4.0,953596869
380,366,4.0,1020279208
405,3994,4.0,1296441915
66,2966,4.0,1041612844
89,543,4.0,1328923049
600,1230,4.0,965669371
451,4902,4.0,1130593431
668,5470,4.0,1040264084
526,2387,4.0,1044308952
224,81932,4.0,1428127870
458,4488,4.0,1006051026
228,260,4.0,1124278269
410,1449,4.0,1137509381
46,36,4.0,954566890
337,1961,4.0,962607826
238,7147,4.0,1082122393
122,2628,4.0,1024807994
255,1214,4.0,1174417465
458,3044,4.0,953241156
63,2278,4.0,1299619604
386,1279,4.0,1223296125
353,367,4.0,844639466
438,104,4.0,1224530790
118,153,4.0,1045005679
532,106487,4.0,1440349112
461,1265,4.0,1193030281
127,1921,4.0,1044479220
495,3994,4.0,993837571
326,412,4.0,844184718
274,485,4.0,892802629
575,8640,4.0,1182609508
458,3576,4.0,975730029
232,89039,4.0,1320528905
586,3996,4.0,1397069889
48,252,4.0,1081162496
109,1171,4.0,918797943
501,3481,4.0,1042992576
458,1610,4.0,953240854
602,1208,4.0,1105450950
32,161,4.0,906858251
191,315,4.0,1111545396
213,2080,4.0,1112607934
209,2081,4.0,1013138239
421,805,4.0,879858300
650,1722,4.0,965501982
192,1084,4.0,1002133720
575,3308,4.0,952402340
633,5952,4.0,1140152250
597,2167,4.0,965119166
668,5085,4.0,1025850699
236,1961,4.0,1119980618
399,2028,4.0,945151781
63,8874,4.0,1299504588
16,653,4.0,842889495
542,77658,4.0,1319980658
461,3683,4.0,1179854537
241,1232,4.0,1446919543
546,3247,4.0,1036015857
160,615,4.0,903489407
418,1300,4.0,1100030006
592,44191,4.0,1447968902
662,1250,4.0,945174626
228,8528,4.0,1125607706
568,1224,4.0,1142790959
124,2739,4.0,1006895285
16,377,4.0,842888284
561,2431,4.0,948002600
575,41569,4.0,1144070418
55,2571,4.0,1269637353
386,2729,4.0,1223296104
127,1203,4.0,1044478497
255,1077,4.0,1174421765
79,7153,4.0,1227242697
526,2710,4.0,1044310376
255,26271,4.0,1174423225
668,7116,4.0,1070466692
93,780,4.0,862554594
546,4212,4.0,1036014841
605,428,4.0,954089758
607,2245,4.0,974791188
631,1704,4.0,943354692
109,2991,4.0,940499097
402,7980,4.0,1173647437
210,5568,4.0,1041826350
428,5843,4.0,1105416471
218,2087,4.0,1256750473
224,8529,4.0,1444708816
41,4641,4.0,1067130950
15,128838,4.0,1447478472
458,2692,4.0,950226664
475,37475,4.0,1362840384
583,547,4.0,978506957
601,1446,4.0,938948867
443,2288,4.0,915220337
192,2406,4.0,1247082236
575,3633,4.0,958357458
401,1617,4.0,1417253711
555,316,4.0,875312998
399,778,4.0,945152075
213,2,4.0,1111501769
580,8961,4.0,1209463765
88,81845,4.0,1398563092
235,3270,4.0,953677784
147,1282,4.0,986111130
546,1033,4.0,1036014282
662,1682,4.0,945180073
319,27347,4.0,1413952421
531,85780,4.0,1447688321
601,1296,4.0,938946292
32,316,4.0,903225748
412,96821,4.0,1415287590
250,2396,4.0,1107160938
389,2496,4.0,1319263463
372,8372,4.0,1111667029
668,85342,4.0,1357526829
567,3948,4.0,1129522892
192,3534,4.0,1002210319
640,64,4.0,860492452
627,2278,4.0,1237932056
458,4978,4.0,1022036962
607,4056,4.0,1021626966
160,361,4.0,902695520
582,2126,4.0,911287614
451,8360,4.0,1130471547
542,2012,4.0,1378063895
71,1344,4.0,1063750255
232,3969,4.0,1277409883
610,1210,4.0,1303105470
619,3793,4.0,1445257205
619,1641,4.0,1445257781
69,7156,4.0,1121089157
188,357,4.0,879098784
220,1080,4.0,1111757721
323,1234,4.0,1429968617
458,8813,4.0,1114846162
163,52281,4.0,1199030486
218,2402,4.0,1255817929
493,1210,4.0,1218333039
352,2997,4.0,1076253461
537,920,4.0,1356399504
578,1411,4.0,858656024
521,551,4.0,1386967883
147,3267,4.0,986111467
242,904,4.0,944909190
413,595,4.0,1231559316
107,805,4.0,958165548
198,1584,4.0,958689306
289,2617,4.0,1446724632
380,1,4.0,1020278172
122,4850,4.0,1024806517
341,1674,4.0,956685558
586,1223,4.0,1397065939
31,266,4.0,832397551
63,59594,4.0,1299951817
29,1036,4.0,842454531
192,2648,4.0,1059403033
51,329,4.0,836242102
361,592,4.0,834834204
160,74,4.0,902695365
494,158,4.0,1328296288
475,5498,4.0,1389639560
575,4279,4.0,988227218
232,86880,4.0,1306442262
198,3175,4.0,958687866
264,288,4.0,847928029
650,709,4.0,965433621
605,4018,4.0,977797477
561,2150,4.0,948001875
164,1213,4.0,1440811684
244,994,4.0,953168435
668,2212,4.0,1025858212
109,4718,4.0,1018622615
291,2502,4.0,967487662
490,2109,4.0,1399941247
627,1954,4.0,1237932809
586,223,4.0,1397069095
428,924,4.0,1087081777
157,1748,4.0,916672852
192,2080,4.0,1059403065
109,3841,4.0,971174700
575,1569,4.0,939810689
573,1036,4.0,1006522500
461,1994,4.0,1193067998
532,89774,4.0,1440349243
203,1917,4.0,955137112
282,4881,4.0,1026935981
268,2858,4.0,1227220254
264,356,4.0,847927884
17,2571,4.0,1235221810
102,3998,4.0,976343221
187,595,4.0,863204595
576,87869,4.0,1447416616
118,805,4.0,1045006890
160,262,4.0,903488752
198,3510,4.0,974781645
192,2294,4.0,1077120627
575,85394,4.0,1329756488
428,2334,4.0,1105416412
588,2987,4.0,995162272
177,3,4.0,1074053506
202,431,4.0,1174785407
306,99114,4.0,1448901045
471,1200,4.0,972783287
475,1262,4.0,1305325514
403,4754,4.0,1225993066
136,2150,4.0,1250943189
461,6659,4.0,1193031066
607,3581,4.0,1010478572
511,153,4.0,834597340
422,594,4.0,1063251443
421,36,4.0,879858263
425,1246,4.0,1078168784
224,4886,4.0,1390064335
168,1,4.0,1159237721
399,1256,4.0,945151502
399,2600,4.0,945153210
109,2093,4.0,919153803
130,1222,4.0,941882727
387,33794,4.0,1369600775
109,3519,4.0,971096944
97,58299,4.0,1448958402
50,247,4.0,904747658
600,3498,4.0,1026275648
458,1079,4.0,975731149
578,1004,4.0,858656024
613,316,4.0,830716749
633,3066,4.0,1134972402
187,62,4.0,863122454
225,261,4.0,835161909
255,34,4.0,1174416304
600,3201,4.0,977982340
334,141,4.0,845388888
23,1240,4.0,1420797679
96,805,4.0,857048837
228,3257,4.0,1141171265
599,60674,4.0,1424813472
390,296,4.0,828804252
106,8368,4.0,1440861117
451,3479,4.0,1131360812
109,2408,4.0,918798268
376,1982,4.0,942591018
607,4649,4.0,1027756820
122,3114,4.0,1024804805
93,608,4.0,862554825
209,4061,4.0,1013220616
413,1275,4.0,1353419007
109,3635,4.0,971088165
560,2405,4.0,1067533996
228,2291,4.0,1124279458
668,539,4.0,1025855042
193,1088,4.0,944904341
615,608,4.0,955126269
458,2058,4.0,938814098
248,1617,4.0,1013711432
531,2694,4.0,1447672873
399,527,4.0,945151758
668,26647,4.0,1255280225
501,3421,4.0,1042989220
289,7153,4.0,1446724021
380,1641,4.0,1020278109
399,1840,4.0,945155271
633,150,4.0,1140153112
222,377,4.0,945322509
330,2863,4.0,1053308666
537,1207,4.0,1356396376
250,1610,4.0,1107161132
597,3775,4.0,965117941
544,485,4.0,944941265
38,6753,4.0,1406488070
235,414,4.0,953850172
180,110,4.0,1180846052
3,477,4.0,841483987
607,2775,4.0,995396058
254,1483,4.0,1354258362
114,63433,4.0,1452131634
575,32943,4.0,1249917265
130,5319,4.0,1022692226
220,3044,4.0,1112608748
635,480,4.0,951538650
380,1923,4.0,1020278246
668,5791,4.0,1080859671
195,780,4.0,1250242467
218,1721,4.0,1255815938
600,4117,4.0,1014435915
49,2268,4.0,938965283
668,3739,4.0,1025853386
567,2857,4.0,1129534772
21,106489,4.0,1428011496
128,51540,4.0,1262377388
6,6711,4.0,1348881409
4,1284,4.0,950323441
164,90916,4.0,1440814286
558,261,4.0,841216280
66,2987,4.0,961685245
627,2529,4.0,1237938180
213,3871,4.0,1111502503
352,3365,4.0,1006557025
655,3801,4.0,1255790535
193,1097,4.0,944901439
563,1784,4.0,1112205899
383,4995,4.0,1214210747
224,1779,4.0,1390080845
278,3697,4.0,1341358617
60,5349,4.0,1162941788
2,736,4.0,859046895
164,6795,4.0,1440814547
128,68848,4.0,1262125046
575,3111,4.0,949754476
599,227,4.0,1424812876
403,74228,4.0,1290723195
440,3635,4.0,962679166
615,1225,4.0,955125265
644,1391,4.0,868190321
403,6754,4.0,1225993483
118,3271,4.0,1045003525
201,4718,4.0,1027311418
438,1366,4.0,1224529945
224,47640,4.0,1444769606
611,307,4.0,1368125600
473,150,4.0,836972393
530,46850,4.0,1163820227
574,79702,4.0,1339817005
665,5989,4.0,1231676517
642,116797,4.0,1439788993
555,1250,4.0,875313404
583,1388,4.0,978507273
439,724,4.0,864847277
63,44788,4.0,1299506755
666,3362,4.0,1021280729
568,2371,4.0,1142790782
28,733,4.0,884098074
567,33166,4.0,1176228568
448,97,4.0,1439418227
168,480,4.0,1159237626
583,596,4.0,978426637
458,3141,4.0,953243042
232,33679,4.0,1277839178
574,31878,4.0,1257553803
615,2210,4.0,955126269
444,339,4.0,833531452
222,838,4.0,945322390
303,2750,4.0,976218149
410,1299,4.0,1146171795
283,337,4.0,868263690
32,647,4.0,906858281
192,474,4.0,1077121002
308,296,4.0,1233208512
413,91079,4.0,1361026674
164,88954,4.0,1440812654
402,72489,4.0,1267815461
383,48394,4.0,1214215156
461,71129,4.0,1264801972
44,1274,4.0,1225239437
630,34,4.0,836085285
232,5219,4.0,1277840735
614,316,4.0,1415079874
63,49530,4.0,1299476241
210,1201,4.0,1041826793
308,30707,4.0,1233353192
592,46723,4.0,1447969326
164,2571,4.0,1440813556
198,457,4.0,958686738
576,63,4.0,1449450147
243,186,4.0,833624464
106,73017,4.0,1440861124
495,260,4.0,993843288
220,6242,4.0,1111757662
107,47,4.0,958159647
212,1206,4.0,858543165
161,7445,4.0,1448008139
309,50804,4.0,1293928903
597,355,4.0,965182160
139,2712,4.0,1095884267
38,6934,4.0,1406754087
143,165,4.0,841221795
311,778,4.0,850408135
72,1518,4.0,877802132
201,1645,4.0,1027374455
213,2115,4.0,1111503237
28,593,4.0,884099816
400,7153,4.0,1197752318
161,1267,4.0,1449925339
469,741,4.0,865533805
576,100326,4.0,1448915694
428,3697,4.0,1105416917
575,440,4.0,939811937
75,1240,4.0,1051245796
567,37741,4.0,1176228756
213,1291,4.0,1112606995
63,55276,4.0,1299505978
561,1222,4.0,948000270
434,608,4.0,1241492346
567,8464,4.0,1129535119
493,3996,4.0,1218333219
601,1251,4.0,938946930
268,4903,4.0,1227219536
584,2973,4.0,945275780
575,500,4.0,939849484
47,431,4.0,853361965
668,93933,4.0,1343222712
233,380,4.0,835095888
337,1302,4.0,962607927
380,3104,4.0,1020278442
622,106491,4.0,1447455768
659,4993,4.0,1394645051
147,1233,4.0,986104044
16,292,4.0,842889758
542,7361,4.0,1412229102
599,75395,4.0,1424825928
478,3967,4.0,1242924612
372,8961,4.0,1111665684
192,4962,4.0,1059403764
418,1270,4.0,1100031409
659,356,4.0,1394645977
215,4993,4.0,1433873925
235,2232,4.0,953677013
461,2100,4.0,1193066700
168,1242,4.0,1159238161
281,1201,4.0,992331435
108,1394,4.0,944975920
109,897,4.0,918645598
461,27311,4.0,1332697904
593,524,4.0,976422398
387,46578,4.0,1416700202
370,380,4.0,830303993
524,1722,4.0,993243696
235,337,4.0,953677718
128,80693,4.0,1324793825
461,2291,4.0,1193030702
458,8167,4.0,1085825109
657,54997,4.0,1243037186
403,48394,4.0,1222682354
205,16,4.0,839439049
282,4226,4.0,990471747
501,1393,4.0,1042990569
443,1284,4.0,915221270
443,1029,4.0,915222944
224,40278,4.0,1425333795
458,1614,4.0,953241226
157,474,4.0,916673689
255,2396,4.0,1174415996
275,5780,4.0,1136712406
575,3098,4.0,949754660
575,3105,4.0,951133515
600,2236,4.0,1019970991
196,237,4.0,834707573
275,7092,4.0,1136702706
590,62434,4.0,1243381108
128,45722,4.0,1262157370
267,162,4.0,968989157
282,3006,4.0,962650301
380,3007,4.0,1020278845
2,260,4.0,859047004
462,742,4.0,862801023
668,2717,4.0,1025849854
6,4239,4.0,1348881216
469,168,4.0,865533534
627,57368,4.0,1237940555
109,3510,4.0,984403242
113,32,4.0,1209265232
24,3505,4.0,963468523
63,64839,4.0,1299477014
273,47,4.0,1227879742
530,2692,4.0,972792871
415,70286,4.0,1341297586
387,2502,4.0,1378064728
500,53953,4.0,1318399065
201,4231,4.0,1027311075
147,681,4.0,986103988
623,1207,4.0,852059379
89,2085,4.0,1328923542
376,911,4.0,942573816
425,1722,4.0,1077442745
118,552,4.0,1045003215
164,5954,4.0,1440813398
528,34,4.0,1252816481
668,52378,4.0,1383890597
332,2528,4.0,1307495418
189,318,4.0,1170025398
666,2804,4.0,1021279618
209,1947,4.0,1013220377
473,431,4.0,836973059
160,1263,4.0,902696215
232,94494,4.0,1356229602
113,5418,4.0,1209265532
104,160,4.0,836834572
461,2761,4.0,1193065218
211,2080,4.0,1138403349
461,7099,4.0,1193064027
600,1610,4.0,1018673135
232,208,4.0,1277374714
360,1416,4.0,1286595382
164,1049,4.0,1440962790
76,7361,4.0,1416612920
628,1584,4.0,1112465680
157,1222,4.0,916673439
581,7573,4.0,1110285574
50,97,4.0,904748179
476,1270,4.0,1267547825
628,329,4.0,1112473830
272,2041,4.0,952634797
315,1291,4.0,1075409227
405,2011,4.0,1296441963
555,982,4.0,875314943
458,2028,4.0,953240057
109,1220,4.0,901259779
422,1092,4.0,1063252495
188,589,4.0,879098485
195,50,4.0,1234131967
128,49530,4.0,1262377803
408,457,4.0,831668037
493,551,4.0,1218333392
451,8970,4.0,1130472825
451,2311,4.0,1131346518
524,2002,4.0,993243830
668,1263,4.0,1025860585
668,36,4.0,1025888432
399,1186,4.0,945155024
546,5712,4.0,1036014678
599,72165,4.0,1424825843
25,539,4.0,916665421
134,991,4.0,862764489
562,2414,4.0,953422366
583,2916,4.0,978427149
606,4878,4.0,1448032527
217,858,4.0,941215759
576,1923,4.0,1446940134
544,852,4.0,945032932
232,67197,4.0,1277842245
666,1208,4.0,1021280040
568,2959,4.0,1142789417
537,608,4.0,1356396765
458,3783,4.0,983589866
597,1573,4.0,965181925
591,1831,4.0,1271093695
61,1222,4.0,1058834102
315,2115,4.0,1075409127
134,832,4.0,862764150
525,461,4.0,946570556
458,1114,4.0,953241926
128,165,4.0,1262128387
380,1097,4.0,1020279510
145,2736,4.0,955413938
546,5199,4.0,1036014988
376,1947,4.0,942186556
495,2137,4.0,993837237
267,72,4.0,968989585
128,7387,4.0,1287238851
380,2028,4.0,1020277826
563,4772,4.0,1112212315
128,1197,4.0,1300179889
584,2750,4.0,945277486
164,27904,4.0,1440813623
281,2993,4.0,992331667
24,1283,4.0,963467033
156,110,4.0,885580545
123,2302,4.0,1155480003
452,2428,4.0,1290764853
461,84944,4.0,1334188181
357,4881,4.0,1023735272
576,1036,4.0,1445536803
130,1371,4.0,941904491
283,537,4.0,868265540
33,4216,4.0,1009740413
576,4958,4.0,1446414242
399,1704,4.0,945155024
576,65230,4.0,1446402336
109,107,4.0,918645319
79,1213,4.0,1227242638
458,1699,4.0,953239203
418,2076,4.0,1100030235
39,367,4.0,1001785637
282,588,4.0,959816836
433,53972,4.0,1439794813
607,3476,4.0,974713857
583,4016,4.0,978425754
399,1210,4.0,945153020
405,3006,4.0,1302325992
575,4306,4.0,998256553
574,4011,4.0,1311396473
561,3300,4.0,951683312
258,253,4.0,833911170
575,8809,4.0,1173707270
110,2916,4.0,1025147543
109,2706,4.0,1050417993
605,4306,4.0,992902977
255,1945,4.0,1174417834
633,44974,4.0,1175146556
431,21,4.0,839893596
192,45517,4.0,1153930493
561,1257,4.0,948002111
458,1527,4.0,953241768
296,4993,4.0,1085798673
308,4973,4.0,1233208464
560,5907,4.0,1069085279
4,1617,4.0,950323208
575,5060,4.0,1012131601
413,2115,4.0,1354602018
575,4326,4.0,989971466
109,2581,4.0,971093161
128,92420,4.0,1338929480
354,3101,4.0,1017843517
88,2193,4.0,1180921554
600,4535,4.0,1025322512
60,1073,4.0,1162941858
164,99349,4.0,1440813253
668,25922,4.0,1271282809
405,4306,4.0,1296705412
277,64614,4.0,1445255776
458,8337,4.0,1085825008
337,589,4.0,962606276
537,1230,4.0,1356396807
580,8644,4.0,1209465532
280,3107,4.0,944897384
220,2301,4.0,1112608617
187,1307,4.0,863206536
555,22,4.0,875312799
25,908,4.0,916663908
238,500,4.0,1082061092
451,1218,4.0,1130494732
32,2013,4.0,903226218
36,587,4.0,847183309
110,2005,4.0,1025147543
104,32,4.0,836834599
63,2947,4.0,1299697305
436,242,4.0,837695038
451,3897,4.0,1130472780
413,2973,4.0,1399846504
179,1171,4.0,1056440597
168,2918,4.0,1159238057
213,1022,4.0,1112607938
575,161,4.0,939808889
544,2694,4.0,944937601
569,3448,4.0,1245981603
475,38061,4.0,1305331638
413,4306,4.0,1305335018
555,153,4.0,875314634
29,225,4.0,836583510
213,1982,4.0,1111503007
228,1608,4.0,1141173598
577,420,4.0,1031892425
312,340,4.0,828564956
405,5618,4.0,1296439081
192,5282,4.0,1077119711
100,6753,4.0,1116728678
156,374,4.0,886548510
242,1480,4.0,944906536
480,5991,4.0,1136552918
607,2692,4.0,974706113
530,3683,4.0,1064710638
475,109864,4.0,1428600349
126,457,4.0,1269878772
268,48774,4.0,1227220304
157,1376,4.0,916672982
668,3529,4.0,1025860143
188,10,4.0,879100065
109,1391,4.0,918632586
558,781,4.0,841217562
580,2002,4.0,1209461420
286,4993,4.0,1437596580
622,4444,4.0,1448550840
575,1197,4.0,939916305
607,2280,4.0,974713585
174,1136,4.0,1276655637
668,32179,4.0,1168297643
278,1221,4.0,1341358769
607,1211,4.0,974790941
287,648,4.0,869578515
451,2871,4.0,1130472237
544,2381,4.0,945034334
458,1299,4.0,975982900
521,66097,4.0,1386967877
23,2618,4.0,1420797943
347,2467,4.0,1274981246
405,71282,4.0,1296439819
250,2289,4.0,1107160079
590,3471,4.0,1243443951
615,1276,4.0,955125220
434,1259,4.0,1241492174
50,1916,4.0,904743413
128,62376,4.0,1271898581
561,590,4.0,948000605
524,648,4.0,993243740
502,852,4.0,1062968274
69,6867,4.0,1121104437
336,587,4.0,1262104075
606,117851,4.0,1448031707
627,442,4.0,1237935289
405,260,4.0,1296439087
668,77800,4.0,1302755034
294,163,4.0,1001985876
192,3088,4.0,1002133470
255,1963,4.0,1174421256
213,6650,4.0,1111503281
555,1552,4.0,875327169
480,5377,4.0,1136517290
24,3334,4.0,963466677
273,260,4.0,1227879510
71,2000,4.0,1063749225
310,41285,4.0,1155065543
480,7153,4.0,1136441614
242,2648,4.0,944902951
203,3081,4.0,955136180
458,3685,4.0,975731330
235,2478,4.0,953849701
542,4754,4.0,1412228998
128,1206,4.0,1262377745
482,2504,4.0,974651936
583,2006,4.0,978506206
627,4034,4.0,1237933445
21,111759,4.0,1428010974
425,2291,4.0,1077328988
403,51662,4.0,1222301391
544,414,4.0,944946373
71,1259,4.0,1063749761
409,79008,4.0,1292610970
45,1223,4.0,1149373390
578,799,4.0,858655640
668,36056,4.0,1279938835
369,457,4.0,951020616
386,6350,4.0,1223152493
174,2951,4.0,1276577789
164,55209,4.0,1440814366
242,2657,4.0,944908551
495,3868,4.0,993843089
413,899,4.0,1396479055
451,4844,4.0,1145359726
189,1267,4.0,1170026049
372,520,4.0,1111665178
301,3578,4.0,1317056898
578,685,4.0,858656163
104,282,4.0,836834619
620,858,4.0,1024538229
220,249,4.0,1111757619
607,1905,4.0,976813331
668,1258,4.0,1025851276
627,3726,4.0,1237933656
425,1923,4.0,1077442330
62,1954,4.0,1267564233
176,1240,4.0,965402246
102,3409,4.0,975429802
575,3176,4.0,947427273
544,1265,4.0,944937601
254,296,4.0,1354258666
469,1268,4.0,865534204
453,1270,4.0,859326227
424,356,4.0,836378602
198,1269,4.0,958689103
4,1247,4.0,950323707
458,3125,4.0,981987100
88,2096,4.0,1040315465
458,1513,4.0,953242317
122,5378,4.0,1024803658
528,3088,4.0,1252650358
326,168,4.0,844184283
668,1193,4.0,1025850901
575,5112,4.0,1029682174
312,590,4.0,828564955
235,1,4.0,953738714
458,2539,4.0,953241387
600,596,4.0,977982688
475,2871,4.0,1364736210
63,1270,4.0,1299504595
215,95510,4.0,1433879962
451,1128,4.0,1130718556
418,1374,4.0,1100021028
389,2424,4.0,1319160755
252,914,4.0,1048128730
24,2475,4.0,963467726
561,2005,4.0,948002137
475,2333,4.0,1365159043
590,4886,4.0,1243424481
493,2918,4.0,1218333339
164,47610,4.0,1440813401
607,1860,4.0,974714438
631,2336,4.0,943354197
218,2662,4.0,1255804843
668,5145,4.0,1038424721
597,2753,4.0,965118922
615,2231,4.0,955128027
376,2437,4.0,943182851
220,1148,4.0,1112609291
60,1673,4.0,1162942136
91,1376,4.0,949281459
63,541,4.0,1299478200
426,2300,4.0,973996982
373,2134,4.0,1449332997
492,347,4.0,835507049
84,109487,4.0,1437309481
156,1131,4.0,885582740
366,4039,4.0,1084996535
622,45517,4.0,1447456824
210,1772,4.0,1041825701
299,223,4.0,1292893074
668,587,4.0,1025849830
147,249,4.0,986111739
294,39,4.0,1001986331
123,318,4.0,1155481707
306,6377,4.0,1448901114
628,2959,4.0,1112465683
399,2236,4.0,945155336
18,3081,4.0,1108296668
66,4034,4.0,1041611629
88,2420,4.0,1236289133
430,150,4.0,833993280
601,1617,4.0,938948165
69,457,4.0,1121088705
121,3450,4.0,954388997
104,145,4.0,836835025
109,368,4.0,918631534
499,1682,4.0,1284498323
410,4666,4.0,1144963953
19,88744,4.0,1442282730
403,592,4.0,1222301305
167,54001,4.0,1446588440
530,2664,4.0,945321831
63,1247,4.0,1300122175
267,2917,4.0,968990558
209,4770,4.0,1013138614
203,224,4.0,955136039
235,2611,4.0,953677612
66,2706,4.0,1041613083
54,33162,4.0,1146942482
88,266,4.0,1040314968
354,3548,4.0,965328795
576,4623,4.0,1446397926
560,2867,4.0,1067544962
271,788,4.0,860663358
544,1221,4.0,944941726
572,260,4.0,855516525
458,3264,4.0,953241926
488,2236,4.0,910638610
580,1265,4.0,1209463954
403,27904,4.0,1222302206
250,2599,4.0,1107161421
444,186,4.0,833531649
560,6116,4.0,1067537459
458,1611,4.0,1175356859
521,60753,4.0,1351089035
54,4886,4.0,1146935446
560,3699,4.0,1067534866
376,1584,4.0,942191423
389,2081,4.0,1319160512
337,1230,4.0,962608391
322,750,4.0,1030116131
179,1269,4.0,1056712315
28,1270,4.0,884099927
145,36,4.0,955414557
299,3623,4.0,1290574260
255,943,4.0,1174421446
232,173,4.0,1277375238
273,316,4.0,1227879803
588,2108,4.0,993932361
485,1035,4.0,1029260718
491,593,4.0,839301921
512,2617,4.0,1254433853
362,2329,4.0,1270903198
662,1747,4.0,945177396
303,3307,4.0,975171898
218,2065,4.0,1255805272
469,1243,4.0,865437444
615,1036,4.0,955126405
493,1732,4.0,1218333510
228,3793,4.0,1124123577
150,1247,4.0,1043210054
164,93297,4.0,1440812615
183,3147,4.0,1380377279
644,999,4.0,868190477
544,2379,4.0,945034977
640,848,4.0,860492729
328,1090,4.0,1237953337
576,40583,4.0,1447416657
44,3701,4.0,1225238402
480,6711,4.0,1136440868
575,4570,4.0,994593734
607,2407,4.0,974787070
512,45447,4.0,1254432078
194,4963,4.0,1364056203
250,8784,4.0,1107161841
160,1950,4.0,903489209
575,6797,4.0,1064507249
63,47,4.0,1299477294
607,4096,4.0,979629113
605,1096,4.0,955376421
668,7700,4.0,1088480010
597,2017,4.0,965118755
451,608,4.0,1130471206
560,4929,4.0,1067537108
541,3,4.0,1004508893
458,1112,4.0,976328916
300,1036,4.0,942965003
485,1014,4.0,1028844514
231,1125,4.0,1321055217
220,4239,4.0,1112608731
534,1732,4.0,916851040
232,81562,4.0,1297385573
668,60147,4.0,1312104119
622,6548,4.0,1449339691
575,349,4.0,939810689
495,2090,4.0,993843770
315,1198,4.0,938799767
451,2028,4.0,1130494990
480,8528,4.0,1136441304
220,1250,4.0,1111995074
562,919,4.0,953421961
352,492,4.0,1006318892
428,7757,4.0,1105415255
88,3175,4.0,1040271878
164,31685,4.0,1440964279
541,3444,4.0,1004509900
428,2916,4.0,1087081761
225,480,4.0,835161882
232,5294,4.0,1277403953
600,1231,4.0,977982156
664,165,4.0,1423497021
275,4970,4.0,1136702814
616,56367,4.0,1259905619
614,2404,4.0,1415079331
109,3301,4.0,991308062
244,2469,4.0,953167395
615,3281,4.0,955128412
389,1895,4.0,1319196123
627,3793,4.0,1237940478
546,4890,4.0,1036015167
656,339,4.0,838777501
97,33493,4.0,1448956040
544,1193,4.0,944942906
128,91542,4.0,1343973842
560,2327,4.0,1067545321
576,115569,4.0,1449203548
541,2273,4.0,1004508211
495,1,4.0,993841431
590,1485,4.0,1243443969
668,1067,4.0,1405143333
224,1258,4.0,1390026647
160,474,4.0,902698095
109,1931,4.0,918645020
413,260,4.0,1353855751
541,3702,4.0,1004507537
232,3755,4.0,1277839298
44,8970,4.0,1225240952
180,4022,4.0,1180846659
633,1222,4.0,1140152891
561,2372,4.0,948002256
399,3105,4.0,945155271
458,7934,4.0,1085825307
458,4116,4.0,981928946
220,5444,4.0,1111758061
18,1754,4.0,1107374295
299,1213,4.0,1290447835
375,1270,4.0,1046188851
274,1408,4.0,892802222
224,1784,4.0,1444777097
536,805,4.0,860417812
495,3793,4.0,993839406
607,585,4.0,978818303
122,3256,4.0,1024805670
19,112552,4.0,1442282871
471,480,4.0,972782129
88,161,4.0,1180878787
236,296,4.0,1119979664
33,1272,4.0,1009741083
592,3992,4.0,1447969435
627,3081,4.0,1237932840
193,2641,4.0,944902157
575,1307,4.0,939915882
580,3114,4.0,1209464125
109,4299,4.0,1032853618
560,3802,4.0,1067534496
567,5049,4.0,1129527674
469,1290,4.0,865534304
575,5563,4.0,1047210953
275,946,4.0,1136705394
378,1221,4.0,957662445
668,3090,4.0,1100215563
513,1527,4.0,1322788043
89,141,4.0,1328925410
232,56169,4.0,1284500076
163,1240,4.0,1168525565
24,480,4.0,963470454
668,5957,4.0,1099245533
97,68237,4.0,1448955981
366,3255,4.0,1084996955
87,1214,4.0,1173621717
656,521,4.0,838778479
626,5151,4.0,1258665075
160,923,4.0,903488800
627,1258,4.0,1237934879
432,2699,4.0,957671111
561,1220,4.0,944928901
451,3499,4.0,1130593588
630,588,4.0,836085163
471,2443,4.0,972415437
110,5444,4.0,1103589612
220,247,4.0,1111995761
224,115713,4.0,1436765901
461,318,4.0,1179853810
365,1997,4.0,1062892501
584,2575,4.0,944922450
577,2002,4.0,1031892247
267,1265,4.0,968989889
455,3996,4.0,1107328864
228,31804,4.0,1141168512
583,2951,4.0,978506161
495,2078,4.0,993844158
583,170,4.0,978506957
562,1183,4.0,953422442
473,457,4.0,836972489
25,1641,4.0,916664201
270,2997,4.0,1004070963
555,339,4.0,875311868
605,3005,4.0,962331007
549,3476,4.0,1216529145
157,2455,4.0,916672908
461,1350,4.0,1193030923
193,2393,4.0,944902506
236,1079,4.0,1119980649
668,2357,4.0,1025856102
160,1032,4.0,902697764
71,2692,4.0,1063748929
125,637,4.0,1329423621
607,25,4.0,974714301
232,73268,4.0,1277842391
71,1704,4.0,1063749830
23,1200,4.0,1420797637
317,91325,4.0,1338137142
232,3698,4.0,1277409907
337,1036,4.0,962607689
512,2273,4.0,1254432858
234,380,4.0,901931327
235,1092,4.0,953676803
605,110,4.0,954089467
22,6874,4.0,1111573606
668,41569,4.0,1175962352
65,454,4.0,835490517
561,1371,4.0,944928232
358,33794,4.0,1408188978
583,2410,4.0,978507246
428,7362,4.0,1105417190
289,97752,4.0,1446724501
232,1207,4.0,1277407267
120,1500,4.0,960332121
615,780,4.0,955127374
250,1225,4.0,1107161163
24,1287,4.0,963469977
4,2186,4.0,950323609
656,380,4.0,838777398
627,2114,4.0,1237932399
443,1101,4.0,915222221
259,4967,4.0,1079617271
367,357,4.0,833572907
394,471,4.0,845891458
277,6669,4.0,1445254991
558,383,4.0,841217092
235,492,4.0,953676803
665,4995,4.0,1231677609
209,1007,4.0,1013145895
195,7361,4.0,1234131719
192,2918,4.0,1002132961
406,380,4.0,973557485
458,70286,4.0,1251606718
469,1172,4.0,865437395
213,1625,4.0,1111504082
200,3513,4.0,1271877419
38,74458,4.0,1432615654
32,154,4.0,903750027
668,7371,4.0,1138395153
158,32,4.0,1241328671
586,588,4.0,1397068646
164,1747,4.0,1440962648
250,1200,4.0,1107161001
24,1587,4.0,963472893
321,22,4.0,848665939
387,1527,4.0,1300088080
380,2353,4.0,1020278555
242,1086,4.0,945675810
405,2268,4.0,1301871084
627,4351,4.0,1237991434
62,3266,4.0,1267577841
668,2020,4.0,1025854048
232,97423,4.0,1407633251
563,3498,4.0,1112208294
475,2916,4.0,1305359338
582,316,4.0,911288475
403,1219,4.0,1222302929
281,1233,4.0,992331344
275,5225,4.0,1136705526
121,1307,4.0,945968302
665,3409,4.0,1231683195
167,131920,4.0,1446587988
475,32469,4.0,1356549246
192,50802,4.0,1187303448
535,45720,4.0,1432619404
458,6291,4.0,1157046460
75,4745,4.0,1051070849
458,587,4.0,953241833
490,31658,4.0,1400033815
571,52,4.0,859156092
253,50,4.0,1353228092
88,3578,4.0,1114384594
137,1580,4.0,1205623394
422,5026,4.0,1063153268
414,2712,4.0,1032191536
174,1212,4.0,1276503410
501,4993,4.0,1042989432
455,318,4.0,1107193658
8,805,4.0,858611606
227,527,4.0,971137939
627,34162,4.0,1237932471
600,41,4.0,977982739
555,506,4.0,875312398
607,178,4.0,994310765
30,1207,4.0,1292689379
137,3100,4.0,1201400310
128,62250,4.0,1262377636
348,778,4.0,1311171233
24,948,4.0,963472338
569,32587,4.0,1245978922
123,1688,4.0,1155477714
386,1206,4.0,1223297196
370,225,4.0,830304110
33,907,4.0,1009740827
544,2496,4.0,944946165
524,4019,4.0,993243035
198,1964,4.0,958686970
560,704,4.0,1067535025
600,2145,4.0,971298174
210,3153,4.0,1045510282
627,7460,4.0,1237941389
511,62,4.0,834597640
262,2571,4.0,1183002076
235,265,4.0,953677443
524,165,4.0,993243629
192,1240,4.0,1014419231
194,6378,4.0,1364055783
518,141,4.0,1439912899
164,65216,4.0,1440965011
20,2803,4.0,1289756718
560,2002,4.0,1067534239
354,4280,4.0,1030735426
573,3206,4.0,1009823410
495,3210,4.0,993843062
610,79008,4.0,1303104981
575,1250,4.0,953380016
600,3507,4.0,1014435540
555,302,4.0,875312489
578,664,4.0,858656219
484,1396,4.0,1308768356
20,5064,4.0,1289757394
575,91077,4.0,1335359959
346,8169,4.0,1279996228
458,2745,4.0,975780214
588,2366,4.0,993877135
597,934,4.0,965182004
109,832,4.0,919145061
275,3936,4.0,1136701929
156,196,4.0,886547684
210,2987,4.0,1045510371
198,2349,4.0,958688306
220,5060,4.0,1111994784
471,3155,4.0,972415582
575,3253,4.0,949702241
455,1407,4.0,1107328919
72,1464,4.0,877800729
88,6296,4.0,1137457387
109,2640,4.0,930038306
580,2694,4.0,1209466029
247,7153,4.0,1451122392
615,1047,4.0,955126900
438,4979,4.0,1224531149
66,2492,4.0,961684932
644,1466,4.0,868190571
228,6537,4.0,1141872644
128,60756,4.0,1262127186
544,780,4.0,945032477
184,509,4.0,1148547127
137,539,4.0,1205623512
213,292,4.0,1129881160
588,1333,4.0,994721536
130,1610,4.0,941881670
232,6707,4.0,1277875155
458,1399,4.0,953241518
232,48518,4.0,1277413762
247,96610,4.0,1451122682
88,2353,4.0,1040275486
188,1392,4.0,879097238
126,32,4.0,1269877816
560,585,4.0,1067549645
5,4016,4.0,1303500821
224,30812,4.0,1384736762
371,17,4.0,841274886
448,96829,4.0,1439500221
177,2011,4.0,1074041906
475,69481,4.0,1305328249
232,93363,4.0,1346984540
493,253,4.0,1218329830
458,94959,4.0,1347478585
192,920,4.0,1002133795
156,1270,4.0,885580853
458,8542,4.0,1122819184
603,1254,4.0,860498825
627,968,4.0,1237936680
273,4995,4.0,1227880056
303,318,4.0,975172071
84,79132,4.0,1437658881
273,4306,4.0,1227879879
668,3930,4.0,1026179989
451,2403,4.0,1131346537
458,1263,4.0,1099981189
575,52435,4.0,1227568405
337,2117,4.0,962608132
299,7293,4.0,1290572282
45,1262,4.0,1149373587
157,1036,4.0,916673689
235,1805,4.0,953678014
335,1172,4.0,1303490450
241,44191,4.0,1446670871
627,194,4.0,1237936753
668,115713,4.0,1438456511
443,2115,4.0,915221776
668,130956,4.0,1439168116
232,2054,4.0,1277375104
456,589,4.0,841932465
219,4886,4.0,1011718969
38,480,4.0,1406484952
558,553,4.0,841216214
347,608,4.0,1274981610
422,2139,4.0,1074649973
620,3266,4.0,1024538425
429,4022,4.0,993082743
600,17,4.0,969754296
665,40339,4.0,1231675121
666,1127,4.0,1021278557
440,1196,4.0,962686899
32,1296,4.0,903794140
451,800,4.0,1131665173
481,2735,4.0,938873129
575,1240,4.0,952547702
495,1304,4.0,993844028
614,3740,4.0,1415078946
463,58559,4.0,1274471884
218,1377,4.0,1255810830
541,4541,4.0,1004507117
253,6539,4.0,1353228017
458,5630,4.0,1038848942
668,47619,4.0,1253835779
488,2231,4.0,910637685
303,319,4.0,976999297
627,259,4.0,1237992303
220,1073,4.0,1111758032
615,3135,4.0,955125546
510,1265,4.0,1217319352
399,1260,4.0,945151230
458,6565,4.0,1226095051
554,3994,4.0,1111866441
315,2140,4.0,1075409279
24,1291,4.0,963470209
632,2398,4.0,1388950750
542,2858,4.0,1305672844
459,32,4.0,845305901
118,316,4.0,1045006142
211,7131,4.0,1138402551
137,45517,4.0,1223514431
668,39381,4.0,1159646805
198,2916,4.0,958689306
588,4022,4.0,998093652
458,3147,4.0,965782827
584,1132,4.0,945275780
234,733,4.0,901931327
668,1537,4.0,1025847958
469,1377,4.0,865533661
220,431,4.0,1112608510
303,3504,4.0,976124752
425,3994,4.0,1077442852
602,2021,4.0,1105451432
590,56587,4.0,1404057333
105,318,4.0,857735426
595,653,4.0,863240637
113,1500,4.0,1209266233
422,1089,4.0,1063252574
174,3418,4.0,1276467273
668,4479,4.0,1291923961
495,592,4.0,993842783
203,852,4.0,955136124
275,932,4.0,1136710469
556,9,4.0,862828720
121,2324,4.0,944957469
611,1258,4.0,1368126560
235,1411,4.0,953677393
409,1580,4.0,1292610694
533,1760,4.0,1215816383
27,1077,4.0,946234011
160,362,4.0,902695137
257,653,4.0,1093986377
590,2683,4.0,1243424797
228,231,4.0,1124283902
257,112,4.0,1093986428
194,8972,4.0,1364056297
542,5903,4.0,1412229107
576,6598,4.0,1446409056
66,123,4.0,961685460
69,25855,4.0,1121104554
560,4714,4.0,1067537115
456,590,4.0,841924361
622,120466,4.0,1447457918
633,329,4.0,1140153225
57,48516,4.0,1299381716
463,778,4.0,1274471705
458,63131,4.0,1249677403
458,2700,4.0,943728945
331,26662,4.0,1138982391
665,500,4.0,1231677066
93,852,4.0,862554942
109,4016,4.0,1004719534
192,3987,4.0,1030748477
428,2947,4.0,1105415115
399,1339,4.0,945153665
636,2396,4.0,939630610
560,4132,4.0,1067537694
167,68288,4.0,1446588903
403,10,4.0,1222301641
462,1120,4.0,862801052
88,3174,4.0,1195683423
413,6863,4.0,1320791840
24,3585,4.0,963469489
525,1260,4.0,946570630
668,3038,4.0,1192808514
435,2126,4.0,974423867
220,3996,4.0,1111757388
409,4993,4.0,1292610876
82,273,4.0,1217431149
575,1584,4.0,939879575
596,306,4.0,1048835163
546,3244,4.0,1036014177
574,85774,4.0,1354080562
451,2976,4.0,1131750442
605,3078,4.0,954090849
588,5060,4.0,995162360
561,1385,4.0,944929091
612,2640,4.0,940518278
156,52,4.0,886185114
585,457,4.0,847807945
188,162,4.0,879098247
71,2028,4.0,1063749179
160,1894,4.0,901154545
102,3081,4.0,975430395
242,1060,4.0,945673370
128,1263,4.0,1262159793
195,49272,4.0,1234132119
352,3155,4.0,1076262166
480,50872,4.0,1183229224
113,2371,4.0,1209262832
461,457,4.0,1193031263
118,5299,4.0,1045333900
136,66097,4.0,1250944303
7,3793,4.0,1322063109
6,3262,4.0,1348693273
668,357,4.0,1025849256
405,3114,4.0,1299803294
575,8010,4.0,1085090387
314,59315,4.0,1448466687
405,733,4.0,1299803468
615,3461,4.0,955126316
180,1196,4.0,1180913502
271,104,4.0,860663358
391,2382,4.0,1260316529
207,2371,4.0,992195498
607,538,4.0,974714818
451,27801,4.0,1142128713
561,2841,4.0,944926600
160,1300,4.0,903488800
213,3175,4.0,1111503178
192,1208,4.0,1002134235
64,2762,4.0,1193288854
458,920,4.0,1096791379
102,3745,4.0,975429527
326,207,4.0,844184612
143,553,4.0,841221985
163,4226,4.0,1168526319
461,32387,4.0,1193063971
362,5989,4.0,1270903131
91,2333,4.0,949282507
421,1234,4.0,879858467
575,3738,4.0,960209867
244,2501,4.0,953168492
376,3099,4.0,942577883
156,3,4.0,885583995
160,272,4.0,903570034
232,67087,4.0,1277404350
408,592,4.0,831667363
399,2593,4.0,945152053
561,1265,4.0,948000741
1,296,4.0,1217896125
367,628,4.0,851785741
440,2968,4.0,962687064
139,6696,4.0,1095886316
633,208,4.0,1134971124
195,1197,4.0,1234131869
389,69406,4.0,1319263374
584,1199,4.0,945276889
354,3334,4.0,1017844023
607,273,4.0,974713937
244,940,4.0,953167948
668,1245,4.0,1025850372
128,5574,4.0,1269621267
250,541,4.0,1107160225
323,919,4.0,1429968658
308,31878,4.0,1233208080
601,1245,4.0,938943523
238,1968,4.0,1082152651
228,2916,4.0,1124281892
603,648,4.0,857568111
118,1422,4.0,1045244742
88,2710,4.0,1143594711
310,30749,4.0,1120419650
399,1476,4.0,945155271
458,101,4.0,953240493
365,2009,4.0,1062892019
602,2683,4.0,1105450907
177,2712,4.0,1074053949
580,1242,4.0,1209636509
220,4873,4.0,1111758455
232,8636,4.0,1277409652
469,1245,4.0,865534237
583,2826,4.0,978506693
194,60950,4.0,1364054667
613,26,4.0,833195560
600,3006,4.0,1005451027
235,101,4.0,953850219
352,1201,4.0,1025711586
458,4027,4.0,986041658
471,1023,4.0,972781769
667,110,4.0,1082552463
561,2447,4.0,948002600
232,55080,4.0,1283640294
189,5258,4.0,1195629209
508,1240,4.0,1451233559
601,1058,4.0,938942961
38,55872,4.0,1408380852
232,2762,4.0,1277374588
232,7285,4.0,1280857050
575,7762,4.0,1182294366
475,37495,4.0,1305330031
130,1212,4.0,941881834
160,49,4.0,902694962
145,3072,4.0,955413989
562,1375,4.0,953422311
269,555,4.0,1293104710
567,3039,4.0,1129527163
583,1479,4.0,978507088
128,4034,4.0,1389052402
27,2043,4.0,946234416
11,1214,4.0,850817822
110,920,4.0,992250003
583,3999,4.0,978506814
33,3360,4.0,1009740943
443,2194,4.0,915220274
124,1120,4.0,1011476343
354,4338,4.0,1017785301
228,1377,4.0,1141170825
282,1179,4.0,959816963
399,965,4.0,945151943
367,237,4.0,853681852
668,2611,4.0,1025891246
402,293,4.0,1172356147
354,3996,4.0,1017843842
425,1073,4.0,1077442159
237,49651,4.0,1215135263
394,356,4.0,845891049
232,85788,4.0,1303954345
375,902,4.0,1046188514
627,1212,4.0,1237930950
270,3535,4.0,1004086171
582,1682,4.0,911287845
458,40278,4.0,1164560469
232,48877,4.0,1277842656
458,31923,4.0,1156141141
586,2003,4.0,1397065369
622,103141,4.0,1451566187
354,1266,4.0,965327276
203,2100,4.0,955136021
164,55031,4.0,1440813225
109,4370,4.0,1050419637
226,609,4.0,857755604
242,2160,4.0,944909218
600,2174,4.0,1014434928
478,58047,4.0,1242924341
425,3020,4.0,1077477408
560,2038,4.0,1067535667
330,1358,4.0,1022353644
47,162,4.0,853361891
605,1185,4.0,955376552
150,5380,4.0,1042253140
123,5299,4.0,1075389952
560,4270,4.0,1067533956
232,1515,4.0,1277371756
584,529,4.0,944926129
96,3,4.0,857048737
561,2012,4.0,944928181
668,2575,4.0,1046446081
576,54648,4.0,1447400605
578,112,4.0,858655276
561,2791,4.0,948001724
442,551,4.0,840556430
376,1206,4.0,942188315
92,500,4.0,840581636
549,318,4.0,1216529526
605,2908,4.0,962330969
205,356,4.0,839438564
87,457,4.0,1173620370
109,1674,4.0,919144491
150,3798,4.0,1042254811
160,1931,4.0,903816985
668,44204,4.0,1164677939
130,6502,4.0,1063066206
374,2959,4.0,1433269772
160,1569,4.0,902694961
444,588,4.0,833531381
255,5060,4.0,1174416323
228,1644,4.0,1124282263
155,926,4.0,945101926
668,971,4.0,1028258510
164,114849,4.0,1440814276
605,3500,4.0,954086859
616,46578,4.0,1259905337
575,389,4.0,998687650
453,1198,4.0,859325860
563,2973,4.0,1112211041
444,434,4.0,833531452
143,95,4.0,841222033
107,3613,4.0,958160505
281,2058,4.0,992331702
128,46965,4.0,1262377478
45,5952,4.0,1149373494
413,4351,4.0,1344774989
160,346,4.0,902697655
583,2427,4.0,978506316
232,58025,4.0,1277841404
22,3978,4.0,1111573668
156,344,4.0,885821304
38,68932,4.0,1408383829
583,227,4.0,978507922
250,1219,4.0,1107161301
160,2100,4.0,902694823
461,4211,4.0,1193063765
79,778,4.0,1227242742
5,33499,4.0,1303500204
656,47,4.0,838777534
246,508,4.0,845316550
76,3578,4.0,1416612816
605,1958,4.0,955376762
532,3499,4.0,1442000891
213,2268,4.0,1111502013
192,6562,4.0,1059406817
605,3396,4.0,954087440
46,1735,4.0,954566587
516,4442,4.0,1001472463
164,353,4.0,1440813852
578,1410,4.0,858656312
139,7139,4.0,1097185287
196,261,4.0,834707484
145,1413,4.0,955414063
330,3735,4.0,1053308144
118,5,4.0,1045003260
188,110,4.0,879098906
458,5445,4.0,1032288276
128,71106,4.0,1332214656
235,2401,4.0,953849701
615,3418,4.0,955128835
444,586,4.0,833533489
612,1909,4.0,940518630
83,5445,4.0,1418838069
71,1333,4.0,1063750099
150,5013,4.0,1042254164
458,4345,4.0,1027653074
326,364,4.0,844184008
491,592,4.0,839301822
590,7001,4.0,1243444505
8,1047,4.0,858611797
493,6377,4.0,1218333502
640,1409,4.0,860492521
220,3033,4.0,1111995587
168,4963,4.0,1159237914
662,1518,4.0,945175005
633,34,4.0,1140153206
63,2232,4.0,1299619587
198,608,4.0,958688120
567,383,4.0,1129697513
400,356,4.0,1197752289
274,10,4.0,892802222
339,2716,4.0,1172019986
567,3994,4.0,1129522946
88,58494,4.0,1231640471
232,80846,4.0,1288133675
158,2,4.0,1247269341
469,337,4.0,865534033
62,7360,4.0,1269671807
244,1394,4.0,953166862
399,1784,4.0,945152760
661,1210,4.0,866410097
220,22,4.0,1111995053
434,64614,4.0,1245077008
354,4401,4.0,1017951520
130,2067,4.0,941840920
420,3451,4.0,956588245
607,1391,4.0,974711302
444,380,4.0,833531345
662,1409,4.0,945179440
341,2739,4.0,956685191
605,1220,4.0,955376552
399,6,4.0,945152933
575,339,4.0,939812863
224,39292,4.0,1420878083
402,56782,4.0,1209153474
244,357,4.0,953167163
506,337,4.0,1175243899
531,134783,4.0,1452095866
628,2011,4.0,1112474099
310,2682,4.0,1145547085
277,7386,4.0,1445254409
376,2135,4.0,942186410
218,2420,4.0,1258134798
369,2020,4.0,953444255
303,903,4.0,976135921
65,253,4.0,835490430
495,2662,4.0,993841149
54,3448,4.0,1146934038
403,4128,4.0,1225993253
156,786,4.0,885585325
584,1660,4.0,944925348
334,440,4.0,845388786
45,31410,4.0,1149373409
63,72479,4.0,1301416429
560,377,4.0,1067530899
549,4855,4.0,1219549635
332,54503,4.0,1307495442
569,2109,4.0,1245975423
458,34437,4.0,1142625756
107,1923,4.0,958160101
513,59784,4.0,1322788327
52,4963,4.0,1441811899
480,1225,4.0,1136440343
84,4025,4.0,1437658726
84,1721,4.0,1437310091
607,714,4.0,979246804
46,1219,4.0,954566737
149,235,4.0,835535478
576,3948,4.0,1446410765
541,223,4.0,1004506093
560,6582,4.0,1067533861
560,648,4.0,1067533837
223,1217,4.0,948940883
510,2174,4.0,1217320072
224,105504,4.0,1390151883
591,55765,4.0,1281884037
495,1080,4.0,993843557
597,1021,4.0,965118564
607,3203,4.0,974708729
186,589,4.0,848980075
65,230,4.0,835490810
268,5418,4.0,1227219445
316,1213,4.0,940239855
598,32,4.0,1270497357
469,1479,4.0,865436886
28,541,4.0,884099892
422,185,4.0,1063252419
521,2291,4.0,1351088704
583,3020,4.0,978506769
79,58559,4.0,1227243230
606,6620,4.0,1448040501
434,5707,4.0,1241405801
38,1188,4.0,1449380022
112,2407,4.0,956591027
600,2941,4.0,971298214
607,2700,4.0,974705935
355,150,4.0,835212939
668,5291,4.0,1041361245
575,10,4.0,945200447
347,6459,4.0,1274979522
524,1590,4.0,993244062
113,34405,4.0,1209266196
75,1392,4.0,1051070346
109,306,4.0,918636845
557,44191,4.0,1284927357
484,53996,4.0,1308767668
244,3260,4.0,953168435
312,47,4.0,828564956
228,1909,4.0,1124281869
583,1037,4.0,978507357
213,1304,4.0,1111501927
111,480,4.0,847916551
376,2946,4.0,942578049
476,6016,4.0,1267547214
428,1199,4.0,1087081787
510,2136,4.0,1217319636
66,1704,4.0,961685460
495,1275,4.0,993843031
601,41,4.0,938942468
354,541,4.0,965327353
465,3301,4.0,1097880792
668,25788,4.0,1156516094
667,4886,4.0,1082471761
32,1295,4.0,903794140
668,97923,4.0,1358005774
44,1103,4.0,1225240739
480,318,4.0,1136441500
617,4886,4.0,1225248623
306,63859,4.0,1449163754
157,555,4.0,916673900
444,542,4.0,833535170
283,1175,4.0,868265258
88,2455,4.0,1143679482
475,125906,4.0,1450959048
461,1241,4.0,1179880781
568,5377,4.0,1142790551
128,593,4.0,1262377495
475,161,4.0,1357330511
242,370,4.0,945672069
181,858,4.0,865813334
426,608,4.0,973996783
169,1196,4.0,854002164
590,293,4.0,1243423961
137,919,4.0,1223510324
575,265,4.0,939806455
583,1373,4.0,978507357
224,4499,4.0,1390065994
224,2890,4.0,1420829754
164,733,4.0,1440813785
21,5690,4.0,1431213931
530,272,4.0,945142554
668,3396,4.0,1026441300
199,480,4.0,975877910
305,1653,4.0,995561402
164,89864,4.0,1440811975
143,19,4.0,841221894
114,88125,4.0,1452131923
232,2012,4.0,1277374966
354,3831,4.0,1020714027
39,3114,4.0,1001786983
219,4387,4.0,1011719362
544,367,4.0,944946913
192,586,4.0,1157141914
24,3062,4.0,963469546
528,55247,4.0,1252811434
560,5382,4.0,1067537118
358,6774,4.0,1408190207
209,1777,4.0,1013220578
622,88125,4.0,1447034203
164,77364,4.0,1440812389
574,5445,4.0,1257554281
422,1393,4.0,1064794856
376,1222,4.0,942188791
575,4023,4.0,1001243564
563,431,4.0,1112206082
451,2618,4.0,1130495300
568,2067,4.0,1142790803
600,2949,4.0,1018673169
128,1303,4.0,1396211447
575,3201,4.0,952367524
179,3260,4.0,1082952347
213,26242,4.0,1140342486
601,778,4.0,938943232
376,17,4.0,942186410
127,1197,4.0,1044478752
11,316,4.0,850815615
668,6495,4.0,1093902142
575,3653,4.0,960390031
622,57640,4.0,1447457311
195,8784,4.0,1250241405
224,70,4.0,1390027604
122,2232,4.0,1024805797
583,3635,4.0,978506120
403,2115,4.0,1224525352
177,3255,4.0,1074298415
150,4018,4.0,1042254724
549,6552,4.0,1219549435
367,597,4.0,833676041
262,593,4.0,1183001999
231,4161,4.0,1321055274
588,1944,4.0,993932235
525,2145,4.0,946570071
358,1587,4.0,1373741809
600,3671,4.0,1014434435
501,4641,4.0,1042992546
109,2402,4.0,918634650
576,3869,4.0,1446943249
177,2840,4.0,1074054749
458,307,4.0,975779812
148,597,4.0,837259630
397,2336,4.0,979408878
255,6331,4.0,1174423181
141,4993,4.0,1267890948
605,1242,4.0,955399680
575,5952,4.0,1075117272
303,2359,4.0,976218409
389,78039,4.0,1312977307
62,1235,4.0,1267424967
612,924,4.0,940519095
625,3681,4.0,1085175994
113,1073,4.0,1209267174
232,51086,4.0,1277849246
129,457,4.0,832594587
387,60069,4.0,1416700185
235,3450,4.0,953850081
469,279,4.0,865534141
561,2580,4.0,944927211
365,2142,4.0,1062894491
545,95,4.0,845322139
354,7090,4.0,1131399692
584,2599,4.0,944926048
160,1620,4.0,902697990
575,26587,4.0,1260802182
160,351,4.0,902695520
128,79592,4.0,1298753391
342,356,4.0,845453757
62,5618,4.0,1267493164
458,55805,4.0,1232285934
150,5168,4.0,1043209992
451,3624,4.0,1131750191
232,1347,4.0,1277405001
650,558,4.0,965433385
389,480,4.0,1315057595
600,317,4.0,1014434927
458,3072,4.0,975731168
188,316,4.0,879101941
164,1391,4.0,1440813832
24,3686,4.0,963469039
137,6807,4.0,1223509514
173,3176,4.0,954597991
658,1513,4.0,956602599
29,593,4.0,836583317
118,3360,4.0,1045919893
600,4979,4.0,1025321622
138,237,4.0,835879502
459,318,4.0,845305778
160,1754,4.0,902698472
575,5025,4.0,1075117167
668,1242,4.0,1025860489
382,31694,4.0,1322873773
83,89745,4.0,1418858399
109,2378,4.0,918801291
122,1754,4.0,1024805927
24,1179,4.0,963466914
584,1834,4.0,944925467
330,1201,4.0,1021829929
194,318,4.0,1364055763
403,5881,4.0,1222303227
242,1641,4.0,945671185
555,1378,4.0,875312398
38,88125,4.0,1406484948
493,1197,4.0,1218329809
548,3438,4.0,953597023
420,3552,4.0,956588510
642,3753,4.0,1439775314
303,1129,4.0,976999414
152,3744,4.0,1317152644
88,996,4.0,1236285399
88,539,4.0,1143594694
644,1447,4.0,868191912
198,1296,4.0,958687103
220,5568,4.0,1111759065
213,32291,4.0,1129880902
399,162,4.0,945151502
668,52967,4.0,1195842593
319,4084,4.0,1402406749
542,7099,4.0,1412229743
575,4705,4.0,995893685
213,3949,4.0,1112242548
66,3948,4.0,1041612260
389,1517,4.0,1315057925
475,1124,4.0,1416757339
87,6365,4.0,1173620818
60,1278,4.0,1162942431
451,6537,4.0,1130836437
610,33794,4.0,1303105460
629,4306,4.0,1168863534
163,2858,4.0,1168525860
615,2475,4.0,955129148
451,3186,4.0,1131360847
601,1234,4.0,938948036
273,1892,4.0,1227876372
615,1616,4.0,955127417
458,2243,4.0,975731438
622,97913,4.0,1447455197
282,110,4.0,959816640
564,1094,4.0,957928858
402,1136,4.0,1172698032
224,51931,4.0,1425336338
384,1220,4.0,1065387279
201,5388,4.0,1027374431
338,1440,4.0,969764016
451,5349,4.0,1130494556
166,91658,4.0,1447394903
458,3152,4.0,975779934
242,2,4.0,944907914
161,1573,4.0,1446722923
461,1639,4.0,1193066695
506,1222,4.0,1175243931
584,531,4.0,944925133
661,43,4.0,866411200
131,1684,4.0,962763428
474,5095,4.0,1324182882
530,5902,4.0,1051472516
354,3219,4.0,1017931262
422,1032,4.0,1071612153
109,2941,4.0,971095541
516,4795,4.0,1001471864
451,4020,4.0,1131361140
135,1212,4.0,891662311
49,2550,4.0,938964954
403,52281,4.0,1225992580
574,7502,4.0,1309493785
499,1246,4.0,1278288792
599,72226,4.0,1424824602
71,3408,4.0,1063748313
137,5004,4.0,1239480334
469,531,4.0,865437476
160,1213,4.0,901155077
259,7256,4.0,1079617181
210,1252,4.0,1041826612
627,8874,4.0,1237933383
662,23,4.0,945179123
432,1408,4.0,957670088
130,3019,4.0,941840429
451,4085,4.0,1131360759
557,3671,4.0,1285002413
213,3210,4.0,1112242944
352,3101,4.0,1006560704
627,2599,4.0,1237935368
180,49530,4.0,1180913392
458,4036,4.0,991618866
622,6059,4.0,1449339736
627,1267,4.0,1237936356
97,68358,4.0,1448956096
315,7073,4.0,1084223349
619,2710,4.0,1445257768
128,80463,4.0,1291317716
569,1196,4.0,1245978744
545,457,4.0,845321483
564,1259,4.0,957925621
63,5292,4.0,1299774762
484,2005,4.0,1308768779
374,296,4.0,1433269777
668,7702,4.0,1192749315
220,5377,4.0,1111757450
458,1419,4.0,938852898
213,3034,4.0,1112607931
268,33794,4.0,1227219438
218,49651,4.0,1255817985
235,34,4.0,953677393
458,4741,4.0,1116099309
420,440,4.0,956588530
4,1392,4.0,950323796
575,2770,4.0,949234987
329,586,4.0,1009671197
668,4844,4.0,1025845366
192,1584,4.0,1171560056
324,1729,4.0,891601297
27,1234,4.0,946234182
469,1277,4.0,865437444
118,4499,4.0,1045920218
338,3871,4.0,969761631
422,2006,4.0,1063251362
224,2424,4.0,1390080897
369,449,4.0,942579614
461,2455,4.0,1193065336
213,2664,4.0,1111502946
178,380,4.0,843392892
145,1186,4.0,955414603
300,2990,4.0,942965334
244,943,4.0,953167163
282,3948,4.0,978472767
560,6665,4.0,1067545210
192,2310,4.0,1059406009
446,539,4.0,835116554
628,8464,4.0,1112468156
157,2034,4.0,916673278
255,1263,4.0,1174416458
25,1378,4.0,916665421
621,79702,4.0,1289746764
79,57669,4.0,1227245447
617,741,4.0,1225249673
88,2413,4.0,1180998116
314,6942,4.0,1449802870
668,1997,4.0,1025885701
76,110,4.0,1416612925
405,4963,4.0,1296443549
631,2268,4.0,943354292
561,2353,4.0,944929044
485,4039,4.0,1028843172
546,2668,4.0,1036015040
24,1247,4.0,963472392
600,4571,4.0,1005450457
412,110,4.0,1415279156
322,1288,4.0,1030117629
32,1233,4.0,906858251
114,1625,4.0,1452130554
62,8950,4.0,1269671159
150,3070,4.0,1043209831
434,599,4.0,1241447735
615,1303,4.0,955127572
29,494,4.0,839603910
402,64614,4.0,1269175570
192,4448,4.0,1059406267
108,1500,4.0,944975216
265,2916,4.0,974736778
24,1674,4.0,963468491
137,4007,4.0,1205621794
575,8725,4.0,1091051017
444,552,4.0,833532114
232,2722,4.0,1277840319
561,2077,4.0,948001757
444,370,4.0,833533604
185,2694,4.0,1099496128
668,44555,4.0,1189877788
157,10,4.0,916673900
458,4019,4.0,991500973
56,4901,4.0,1007676516
597,577,4.0,965118540
422,253,4.0,1063252992
615,1601,4.0,955128517
590,102445,4.0,1403725217
158,6874,4.0,1241061423
413,60684,4.0,1308918148
590,74458,4.0,1336063409
28,1387,4.0,884100918
365,4343,4.0,1062893499
560,4299,4.0,1067533879
544,2042,4.0,944946561
499,36525,4.0,1277426138
650,2710,4.0,965433741
107,436,4.0,958165817
244,1211,4.0,953167284
192,2333,4.0,1002210830
528,2353,4.0,1252817482
263,2413,4.0,916235849
79,48516,4.0,1227245092
444,266,4.0,833531529
668,2956,4.0,1025858898
636,924,4.0,939666189
405,70293,4.0,1296442482
234,1259,4.0,901931797
419,68358,4.0,1447594700
88,1288,4.0,1180891951
607,2770,4.0,994059507
458,3983,4.0,1006218644
167,69757,4.0,1446587825
599,76175,4.0,1424825200
273,165,4.0,1227879794
192,56949,4.0,1219086640
603,1554,4.0,868273638
409,1394,4.0,1292614825
22,5093,4.0,1111574164
130,5446,4.0,1063067901
549,1097,4.0,1216531233
110,2571,4.0,992249840
500,223,4.0,1318399538
192,2174,4.0,1163460963
576,3552,4.0,1449658779
108,457,4.0,944962854
230,608,4.0,1192689591
583,89,4.0,978507120
192,3861,4.0,1030747528
66,3160,4.0,961685113
458,2762,4.0,957139217
347,1408,4.0,1274978652
380,4135,4.0,1020279296
423,596,4.0,1087859193
587,168,4.0,846184543
578,627,4.0,858656024
220,337,4.0,1111758077
438,356,4.0,1224530529
594,2572,4.0,1163478718
358,410,4.0,1408188936
530,5502,4.0,1084749852
561,1517,4.0,948000949
580,852,4.0,1209461321
88,89745,4.0,1398563231
354,2968,4.0,965327353
242,1704,4.0,945673370
242,1084,4.0,945670526
448,61236,4.0,1439418339
485,2581,4.0,1028843883
180,49272,4.0,1180913576
480,2278,4.0,1154822908
474,1059,4.0,1323044907
415,6333,4.0,1341532953
570,282,4.0,833568210
606,48394,4.0,1448032581
109,2353,4.0,971091374
428,4238,4.0,1105416280
599,111364,4.0,1424813594
569,1343,4.0,1245975230
627,4878,4.0,1237934539
531,5349,4.0,1447671909
418,1077,4.0,1100031391
389,364,4.0,1319160094
60,6297,4.0,1162941710
607,1982,4.0,974788775
567,1259,4.0,1129522179
88,2580,4.0,1110083261
261,47,4.0,1138112538
63,3633,4.0,1299697445
451,40815,4.0,1134346952
461,6734,4.0,1193066018
213,7072,4.0,1111502476
605,1962,4.0,955399663
616,1120,4.0,1259848534
150,933,4.0,1043209802
159,3996,4.0,1125513254
189,37545,4.0,1195626543
403,6016,4.0,1222301977
590,88744,4.0,1337286380
160,1417,4.0,901155401
201,4372,4.0,1027310790
139,6218,4.0,1095887190
203,1645,4.0,955137401
560,4621,4.0,1067537688
566,2692,4.0,1381620787
88,2985,4.0,1040271900
404,110,4.0,1266118361
480,5602,4.0,1187809776
458,1965,4.0,975731389
642,118696,4.0,1439771484
137,3101,4.0,1223511039
567,8880,4.0,1176564570
425,2078,4.0,1077476633
136,1347,4.0,1250943308
461,68959,4.0,1264802297
7,63113,4.0,1322057024
232,68237,4.0,1299111825
451,924,4.0,1130471430
575,1292,4.0,939927286
63,44974,4.0,1299507056
317,87869,4.0,1338137050
356,345,4.0,833958880
599,82744,4.0,1424825868
451,1210,4.0,1130471234
484,441,4.0,1308769768
158,1721,4.0,1241296623
232,49526,4.0,1277413676
140,52,4.0,847403133
164,104956,4.0,1440814140
69,6327,4.0,1121088218
458,1947,4.0,975984061
354,590,4.0,1017935652
109,1201,4.0,918634232
209,2016,4.0,1013145895
418,1230,4.0,1100029912
576,85022,4.0,1445085704
329,1885,4.0,1009869555
458,194,4.0,938813904
203,535,4.0,955136689
518,3793,4.0,1439913072
432,1674,4.0,957670180
576,5956,4.0,1449449830
289,115713,4.0,1446724147
147,1625,4.0,986111413
583,1376,4.0,978506206
133,1210,4.0,852201115
588,4321,4.0,994205272
57,1732,4.0,1299386560
88,1080,4.0,1040271580
605,1036,4.0,955376369
309,34405,4.0,1293927847
599,86142,4.0,1424825497
560,2455,4.0,1067545011
63,2329,4.0,1299477204
628,6539,4.0,1112468199
208,47,4.0,837959101
128,2539,4.0,1262377837
533,575,4.0,1215816375
285,3005,4.0,974036219
621,34405,4.0,1289749910
495,4103,4.0,993842383
668,4223,4.0,1025856336
495,1968,4.0,993842653
600,2857,4.0,1018672946
575,2571,4.0,939801790
599,60832,4.0,1424825946
544,2403,4.0,945035406
180,4016,4.0,1180932181
187,141,4.0,863122453
113,91500,4.0,1427733125
105,349,4.0,857735510
296,610,4.0,1085798977
238,3101,4.0,1082152005
164,5325,4.0,1440963721
235,1036,4.0,953831204
354,5391,4.0,1024941537
584,1966,4.0,944923935
461,4105,4.0,1179880759
88,4720,4.0,1195683127
354,4448,4.0,1028160124
615,1234,4.0,955127950
183,50872,4.0,1379257860
158,253,4.0,1247269271
627,8528,4.0,1237941595
369,1784,4.0,941391423
427,296,4.0,1329765579
218,33493,4.0,1258390489
146,2795,4.0,944927444
30,33493,4.0,1292640121
352,4995,4.0,1025710324
88,2273,4.0,1040275533
451,480,4.0,1131749759
192,1101,4.0,1163460915
471,590,4.0,972781612
188,1408,4.0,879099919
443,1611,4.0,915225827
220,475,4.0,1111757886
325,58025,4.0,1300118134
328,52281,4.0,1235212527
244,1278,4.0,953172039
521,3000,4.0,1351088215
198,1374,4.0,958689364
583,1225,4.0,978425905
607,3479,4.0,974784341
343,1438,4.0,1196304184
575,6961,4.0,1182293159
118,539,4.0,1045334593
627,2467,4.0,1238075826
501,5146,4.0,1042989908
495,3471,4.0,993837136
232,1991,4.0,1277851428
242,538,4.0,945673643
410,2716,4.0,1133385515
480,508,4.0,1136513890
586,38038,4.0,1397069252
588,900,4.0,993932361
458,3181,4.0,973354596
168,2081,4.0,1159237367
352,4557,4.0,1006560047
128,55467,4.0,1285180017
633,457,4.0,1135045852
164,94122,4.0,1440963876
580,500,4.0,1209464232
607,1270,4.0,974707026
413,5816,4.0,1333842836
584,1678,4.0,944925348
521,32587,4.0,1351088978
476,73017,4.0,1267548209
109,1385,4.0,918631207
405,30810,4.0,1296705330
235,3317,4.0,955569067
147,1674,4.0,986187990
304,2571,4.0,1351444636
244,1380,4.0,953167395
512,1061,4.0,1254433292
160,222,4.0,901155401
128,2987,4.0,1272601984
599,7502,4.0,1424811800
84,5218,4.0,1437658683
426,1291,4.0,973997567
456,293,4.0,841936067
188,647,4.0,879097215
345,4298,4.0,1395024862
419,8360,4.0,1447585177
352,4014,4.0,1025712010
352,3100,4.0,1006317315
530,1340,4.0,945022215
619,116797,4.0,1445257437
561,2406,4.0,944928992
341,541,4.0,956685218
88,3701,4.0,1143679612
383,1136,4.0,1214210279
69,1288,4.0,1121088016
575,54796,4.0,1203347160
399,2027,4.0,945154104
176,2723,4.0,965403029
620,351,4.0,1024597707
41,597,4.0,1067131758
575,17,4.0,939803343
24,3095,4.0,963472172
421,1196,4.0,879858504
210,2100,4.0,1045510236
475,83182,4.0,1309117910
228,8526,4.0,1141172762
224,51935,4.0,1425335504
615,2730,4.0,955126018
286,7153,4.0,1437596575
402,3535,4.0,1172479035
402,1080,4.0,1172698030
623,300,4.0,849629995
568,33166,4.0,1142798156
600,5016,4.0,1025320955
235,198,4.0,953676980
668,111251,4.0,1431030520
120,1885,4.0,960332134
32,2174,4.0,903794700
128,1223,4.0,1262123111
328,903,4.0,1224214633
458,26360,4.0,1262024610
384,2136,4.0,1065386713
360,552,4.0,1286595182
235,3044,4.0,953676757
475,1729,4.0,1305325473
576,61132,4.0,1446939857
584,2791,4.0,945275878
627,4973,4.0,1237930629
380,1009,4.0,1020279466
646,8532,4.0,1105230124
461,5049,4.0,1193031062
451,592,4.0,1131749721
204,5952,4.0,1159882365
102,2710,4.0,975430102
561,2193,4.0,944929236
597,2396,4.0,965788530
301,79132,4.0,1317056563
409,3396,4.0,1292751429
315,599,4.0,1075409317
24,3811,4.0,963466387
24,3682,4.0,963467344
402,3985,4.0,1172483323
164,60753,4.0,1440964111
622,103042,4.0,1447054465
599,46972,4.0,1424812805
127,2987,4.0,1044478930
244,942,4.0,953170956
244,1247,4.0,953166990
413,1907,4.0,1305335864
108,104,4.0,944976822
668,2739,4.0,1026442780
56,356,4.0,1007070881
615,1447,4.0,955128069
70,2687,4.0,1252701545
232,5218,4.0,1346984506
273,590,4.0,1227879523
225,477,4.0,835162074
315,3545,4.0,1099955346
310,2797,4.0,1091956341
24,1213,4.0,963471080
590,7102,4.0,1246835463
555,535,4.0,875312734
303,1900,4.0,976056641
436,300,4.0,837693807
490,47,4.0,1399942222
66,1177,4.0,961686446
623,1289,4.0,852059804
575,4160,4.0,1011542323
519,1252,4.0,1446449120
176,589,4.0,965402396
461,2915,4.0,1179852981
168,6539,4.0,1159237929
458,8961,4.0,1282929895
242,2306,4.0,945672234
564,457,4.0,957924917
599,2058,4.0,1424812842
583,2701,4.0,978508332
588,3365,4.0,994205204
278,589,4.0,1341360389
600,2291,4.0,971297864
337,1244,4.0,962608829
275,7215,4.0,1137208351
471,1097,4.0,972784317
561,1297,4.0,948001927
69,3468,4.0,1121089142
194,27497,4.0,1364055082
222,1644,4.0,945321744
560,4966,4.0,1067547843
605,1784,4.0,954087953
596,6235,4.0,1048835163
555,196,4.0,875314987
369,32,4.0,953444336
376,750,4.0,942187504
81,1,4.0,976285594
225,185,4.0,835161782
560,4517,4.0,1067545114
169,1259,4.0,857626250
283,308,4.0,868264327
123,5745,4.0,1155479655
576,361,4.0,1445459109
113,1225,4.0,1209264399
615,3363,4.0,955125829
137,3424,4.0,1223509543
458,4865,4.0,1022592577
456,383,4.0,841936999
489,2683,4.0,971348141
376,50,4.0,942185618
661,1393,4.0,866410996
118,73,4.0,1045003655
24,897,4.0,963472695
145,1945,4.0,955414257
615,931,4.0,955126565
175,932,4.0,974835281
17,64969,4.0,1350206906
531,134853,4.0,1447663551
512,49272,4.0,1254435427
50,904,4.0,904745484
615,2427,4.0,955127240
72,95,4.0,877801761
122,4980,4.0,1024807883
537,58559,4.0,1356396629
399,1279,4.0,945155271
629,5218,4.0,1168863080
220,7624,4.0,1111757483
352,924,4.0,1025711586
479,55872,4.0,1445791976
620,4226,4.0,1024598031
139,4500,4.0,1095885926
198,3476,4.0,958689103
107,1894,4.0,958173609
383,333,4.0,1214211135
63,55288,4.0,1300031929
60,1321,4.0,1162941881
412,2571,4.0,1415279133
444,376,4.0,833532147
188,232,4.0,879098247
495,1196,4.0,993840639
612,2455,4.0,940519209
335,922,4.0,1304538982
118,4018,4.0,1045334482
470,2915,4.0,1293420026
458,26302,4.0,1159207239
63,2474,4.0,1299621407
210,101,4.0,1041826447
421,1200,4.0,879858263
668,64983,4.0,1244085477
122,2005,4.0,1024807828
177,2231,4.0,1074043224
255,1278,4.0,1174417679
369,1220,4.0,953444538
71,589,4.0,1063749183
296,2993,4.0,1085800300
583,438,4.0,978507667
228,2315,4.0,1125609102
461,99813,4.0,1421319500
250,2858,4.0,1107160775
530,194,4.0,945044049
460,5782,4.0,1130302993
590,99114,4.0,1403725222
252,3798,4.0,1024762605
275,3858,4.0,1136712421
403,1213,4.0,1222302023
179,2329,4.0,1077163747
170,356,4.0,1439779070
160,93,4.0,902695660
224,53129,4.0,1444769468
451,353,4.0,1131360718
232,82037,4.0,1297009607
328,913,4.0,1223460831
11,1374,4.0,850817584
305,1077,4.0,995561402
575,4784,4.0,1000309013
97,102125,4.0,1448956204
369,34,4.0,941390478
503,89492,4.0,1323534838
622,30812,4.0,1447457668
516,4720,4.0,1001471473
236,1097,4.0,1119980373
349,434,4.0,834661000
653,159,4.0,829072857
376,837,4.0,942189369
599,110,4.0,1424811231
448,3266,4.0,1443233063
218,595,4.0,1256750433
590,1580,4.0,1336063572
326,272,4.0,844184424
28,318,4.0,884099892
95,858,4.0,862502986
387,3751,4.0,1334964216
458,1552,4.0,953242446
255,593,4.0,1174414816
37,527,4.0,1113691304
42,1188,4.0,1399109710
563,3006,4.0,1112207889
139,36,4.0,1095885795
555,381,4.0,875314586
664,2762,4.0,1423496364
413,527,4.0,1244288972
192,5214,4.0,1206560825
294,3071,4.0,1001986770
530,1084,4.0,1155176820
592,1682,4.0,1447969069
169,608,4.0,853511631
352,5291,4.0,1033788924
60,553,4.0,1162941545
442,555,4.0,840555675
196,524,4.0,834708135
300,2011,4.0,942968220
458,1476,4.0,953241542
88,1060,4.0,1180891967
109,2582,4.0,1004721368
128,104841,4.0,1419645407
490,4878,4.0,1400033807
588,4329,4.0,994205247
586,608,4.0,1397065613
480,3148,4.0,1136814319
633,30749,4.0,1134971943
354,2528,4.0,965327656
620,1188,4.0,1024598097
646,2268,4.0,1093653286
213,2176,4.0,1111502803
156,1401,4.0,888101643
72,912,4.0,889832749
322,1584,4.0,1030115738
460,1125,4.0,1130272701
218,3527,4.0,1255810007
575,6377,4.0,1070278814
175,3420,4.0,974835123
163,6874,4.0,1168525755
330,2028,4.0,1022545296
331,1947,4.0,1138985919
50,2150,4.0,904746641
628,3578,4.0,1112473913
387,91658,4.0,1378064638
144,2858,4.0,1242185603
561,1994,4.0,948001757
303,1392,4.0,975183238
28,838,4.0,884099669
577,1544,4.0,1031892285
137,1784,4.0,1201401313
605,2112,4.0,954089953
232,1961,4.0,1277374789
590,6548,4.0,1404057168
491,349,4.0,839301872
652,1729,4.0,974692426
528,8873,4.0,1252811365
446,589,4.0,835116500
443,588,4.0,915223960
118,2411,4.0,1045006607
303,1994,4.0,976999351
575,3521,4.0,956065690
310,6787,4.0,1091954955
668,1935,4.0,1025857662
461,6210,4.0,1223546739
345,106330,4.0,1395023505
60,6288,4.0,1162942127
195,648,4.0,1234132115
590,5219,4.0,1404057184
113,1220,4.0,1209265973
255,2991,4.0,1174416650
63,72998,4.0,1299576942
600,4857,4.0,1025322158
495,3864,4.0,993839423
296,1953,4.0,1085799154
305,29,4.0,995561436
461,3949,4.0,1179854603
283,1407,4.0,868262556
668,45170,4.0,1344699795
615,2919,4.0,955125586
290,110,4.0,1432612474
513,3020,4.0,1322788175
605,1584,4.0,955374708
293,3499,4.0,1276627456
444,293,4.0,833531649
232,85131,4.0,1300169851
432,2253,4.0,957671521
107,1792,4.0,958164537
241,55820,4.0,1446670925
402,59315,4.0,1210706135
402,2762,4.0,1172345322
422,2724,4.0,1063253423
147,596,4.0,986110977
232,40278,4.0,1277840377
88,2302,4.0,1180879192
102,1196,4.0,975429051
310,2387,4.0,1092231939
160,294,4.0,902695481
627,2716,4.0,1237931979
597,653,4.0,965181484
296,236,4.0,1085798538
475,750,4.0,1364914253
244,50,4.0,953168362
575,4034,4.0,994593385
374,1210,4.0,1433269737
315,1200,4.0,979183073
575,3264,4.0,949702442
505,50,4.0,965682825
524,1876,4.0,993243720
499,56908,4.0,1277426564
63,55118,4.0,1299476719
183,316,4.0,1381954731
586,475,4.0,1397069938
109,3717,4.0,984403469
198,1132,4.0,958688305
387,54995,4.0,1334966013
568,1517,4.0,1142915785
605,3198,4.0,955377312
354,4467,4.0,1017844109
84,72011,4.0,1437659121
158,1682,4.0,1247269385
291,1267,4.0,967487006
68,1358,4.0,913755148
544,25,4.0,944948092
24,1036,4.0,963468491
615,1527,4.0,955129188
232,54787,4.0,1283535750
615,30,4.0,955124923
487,7701,4.0,1199648346
561,153,4.0,948001383
655,1125,4.0,1255634074
510,6807,4.0,1217320250
413,91077,4.0,1339162144
255,1267,4.0,1174414529
110,353,4.0,992254148
402,59387,4.0,1229859440
164,1687,4.0,1440814242
528,2012,4.0,1252817020
214,543,4.0,1059599577
357,1968,4.0,948848601
149,319,4.0,835535836
469,861,4.0,865533627
161,1527,4.0,1442650182
668,143385,4.0,1446388585
60,431,4.0,1162941901
268,27878,4.0,1227219094
560,2367,4.0,1067534298
29,1376,4.0,865694560
285,2858,4.0,974036168
579,1210,4.0,881064030
574,27773,4.0,1257554098
291,2396,4.0,967487750
560,2064,4.0,1067528813
158,2396,4.0,1241296687
578,707,4.0,858655442
182,3528,4.0,1102377852
607,3003,4.0,984554008
379,832,4.0,864400120
62,44191,4.0,1268779975
261,1079,4.0,1138112776
451,522,4.0,1130495326
458,1385,4.0,953241620
453,1278,4.0,859325720
615,2391,4.0,955126510
160,1104,4.0,903488752
614,377,4.0,1415079883
434,8937,4.0,1241491313
405,5418,4.0,1296443648
62,2318,4.0,1267577212
480,1210,4.0,1136461873
224,592,4.0,1420827441
236,1580,4.0,1119980471
575,923,4.0,953379824
541,316,4.0,1004509784
607,11,4.0,974712506
5,2300,4.0,1303499140
109,1287,4.0,901259779
30,77561,4.0,1292633231
224,5995,4.0,1390027102
469,1101,4.0,865533503
481,2624,4.0,971544300
405,59784,4.0,1296537494
458,31485,4.0,1415372000
164,55820,4.0,1440814470
138,616,4.0,835879668
278,5690,4.0,1341366275
206,99114,4.0,1437518768
352,1183,4.0,1006317027
192,553,4.0,1077120966
440,3222,4.0,962678871
387,5418,4.0,1334972546
366,4979,4.0,1084996817
661,694,4.0,866411144
375,1617,4.0,1046194819
668,5177,4.0,1025850217
561,349,4.0,948001170
560,5478,4.0,1067534355
451,5418,4.0,1130836790
280,2694,4.0,945038784
475,4816,4.0,1398274923
156,276,4.0,885584284
32,3,4.0,904093241
636,1394,4.0,939630818
535,109487,4.0,1432619441
158,64716,4.0,1242529456
213,3742,4.0,1111502668
380,2641,4.0,1020279445
232,6223,4.0,1297581130
50,1207,4.0,905249763
521,1222,4.0,1351088336
232,87911,4.0,1403669847
352,1610,4.0,1006317315
633,1500,4.0,1134969888
659,5013,4.0,1394644051
301,6539,4.0,1317056624
605,2671,4.0,954088344
179,4921,4.0,1056711558
179,2762,4.0,1056698934
561,1777,4.0,948002509
560,2120,4.0,1067545305
65,350,4.0,835490630
405,3527,4.0,1296441804
659,3006,4.0,1394689132
413,356,4.0,1235301069
29,47,4.0,836230803
107,2105,4.0,958156150
109,1957,4.0,918635607
160,1187,4.0,903570595
122,4874,4.0,1024807747
169,1271,4.0,857626250
622,6377,4.0,1447965614
601,1480,4.0,938943479
189,42632,4.0,1199942757
157,2355,4.0,916672567
253,383,4.0,1353179502
183,1073,4.0,1381954823
213,32587,4.0,1140342778
380,216,4.0,1020277909
89,53000,4.0,1328923676
549,54286,4.0,1219549201
210,303,4.0,1041826463
345,1296,4.0,1395023335
3,527,4.0,841483658
38,89904,4.0,1415201303
11,597,4.0,850815719
458,2300,4.0,975731074
544,933,4.0,944945369
405,74458,4.0,1341972852
665,53550,4.0,1231675472
656,497,4.0,838777881
628,3408,4.0,1112466103
668,3072,4.0,1026443193
668,114060,4.0,1426543120
315,1204,4.0,1075409182
59,114935,4.0,1439121807
561,1396,4.0,948000973
63,6754,4.0,1299773445
211,908,4.0,1138401855
329,3554,4.0,1009869705
128,1249,4.0,1448170273
87,40819,4.0,1173622123
107,3556,4.0,958157545
164,106002,4.0,1440812129
72,1485,4.0,877800860
354,1614,4.0,1024075638
238,4280,4.0,1082123359
337,2542,4.0,962605422
451,8636,4.0,1251074274
164,86332,4.0,1440814572
511,380,4.0,834652978
583,3981,4.0,978507574
399,1090,4.0,945155194
575,2058,4.0,939803267
218,596,4.0,1256750475
569,3535,4.0,1245983231
607,3677,4.0,1002093681
146,2141,4.0,944927487
590,15,4.0,1247611015
55,4321,4.0,1225252252
210,3039,4.0,1045509788
181,628,4.0,865813255
235,1034,4.0,953751148
46,25,4.0,954567020
397,2028,4.0,979408542
160,628,4.0,902697949
612,29,4.0,940517922
607,3438,4.0,974708098
130,1960,4.0,947478661
158,5388,4.0,1241061500
188,1080,4.0,879099008
560,4865,4.0,1067540303
198,2583,4.0,958689123
192,8880,4.0,1206562012
4,946,4.0,950323285
662,1952,4.0,945175537
542,1291,4.0,1303679613
538,2120,4.0,1034122631
531,3408,4.0,1447663634
213,8970,4.0,1111502299
253,2028,4.0,1353228032
575,1136,4.0,939927190
228,508,4.0,1124281934
399,81,4.0,945154007
63,69481,4.0,1299477983
601,562,4.0,938942554
250,2987,4.0,1107161150
66,4019,4.0,1041611845
228,4776,4.0,1124278725
493,1222,4.0,1218333416
164,474,4.0,1440813827
147,2125,4.0,986111951
600,2094,4.0,1018672458
665,63853,4.0,1231675203
235,335,4.0,953676730
668,59832,4.0,1361332578
89,34,4.0,1328925028
438,48385,4.0,1224531769
650,1474,4.0,965503141
224,6001,4.0,1420795906
541,3033,4.0,1004507713
575,1797,4.0,939802893
666,2901,4.0,1021278391
1,50,4.0,1217896523
576,2791,4.0,1449450169
63,1597,4.0,1299697231
232,1517,4.0,1277374202
330,5505,4.0,1033919432
668,2612,4.0,1046118275
668,43482,4.0,1280755081
354,322,4.0,1018640608
668,4292,4.0,1026441451
600,318,4.0,965669371
650,1588,4.0,965503141
277,3030,4.0,1445254979
376,2973,4.0,942188917
24,3507,4.0,963471545
427,589,4.0,1329765318
128,1033,4.0,1262954874
261,4262,4.0,1138112652
71,4886,4.0,1063749743
530,3476,4.0,1071716018
310,1201,4.0,1092399466
147,2915,4.0,986110855
245,47,4.0,830280894
461,2377,4.0,1193065998
423,1183,4.0,1087859427
537,3421,4.0,1356396460
583,1206,4.0,978426323
47,493,4.0,853362152
169,50,4.0,853568466
160,1201,4.0,902697545
232,30820,4.0,1282678524
358,26603,4.0,1408190275
521,68954,4.0,1351088282
362,5954,4.0,1270901930
666,3176,4.0,1021281462
238,904,4.0,1082152803
668,33905,4.0,1222559304
623,17,4.0,836686368
541,2541,4.0,1004506093
362,72998,4.0,1270903484
75,5808,4.0,1051070677
282,1907,4.0,959816836
561,141,4.0,948002646
135,966,4.0,891655323
128,82459,4.0,1335669382
409,54001,4.0,1292704434
278,8983,4.0,1341367443
619,8665,4.0,1445257599
567,2968,4.0,1129523185
105,1234,4.0,857737541
668,8772,4.0,1164993038
188,1266,4.0,879100351
359,65,4.0,1401325257
213,1127,4.0,1111501868
244,3471,4.0,953172967
310,265,4.0,1103227232
599,6242,4.0,1424811450
668,1951,4.0,1355202680
622,122892,4.0,1447457869
263,2333,4.0,916233240
260,590,4.0,847822516
259,50,4.0,1079617281
617,551,4.0,1225248760
57,7256,4.0,1305497876
63,27643,4.0,1299773425
164,84772,4.0,1440812083
109,2331,4.0,971092740
530,223,4.0,945023160
585,480,4.0,847808950
24,1344,4.0,963466823
232,77421,4.0,1293614534
71,1380,4.0,1063748970
164,7366,4.0,1440813278
575,2788,4.0,939927190
33,1303,4.0,1009739745
646,5015,4.0,1094393986
207,3980,4.0,992195639
303,2570,4.0,976733247
181,780,4.0,865813112
337,2803,4.0,962606543
542,750,4.0,1408807898
255,2300,4.0,1174417844
529,5349,4.0,1260118848
546,2870,4.0,1036013840
157,1408,4.0,916673865
403,27441,4.0,1290723092
546,5247,4.0,1036015743
310,377,4.0,1092230343
122,1617,4.0,1024805337
164,1921,4.0,1440964657
352,4280,4.0,1025711986
180,4306,4.0,1180846215
107,474,4.0,958156002
272,2581,4.0,952634915
3,232,4.0,841484075
347,969,4.0,1274980075
449,5995,4.0,1449266964
21,69844,4.0,1428011676
387,1610,4.0,1416699805
387,68157,4.0,1369600499
580,51662,4.0,1209464078
573,1784,4.0,1006522173
160,1496,4.0,902695555
16,141,4.0,842889000
17,1721,4.0,1350206914
555,514,4.0,875313037
413,1196,4.0,1354601895
348,593,4.0,1311169835
328,2997,4.0,1237951052
161,59315,4.0,1444729645
574,30707,4.0,1339817386
228,33437,4.0,1124123699
4,2692,4.0,950322914
575,4713,4.0,995893685
201,2858,4.0,1027311441
471,2137,4.0,972781769
597,135,4.0,965181434
218,6564,4.0,1255816956
8,260,4.0,858611469
588,1226,4.0,993932422
484,2763,4.0,1308768471
277,87232,4.0,1445249948
352,4711,4.0,1076254062
100,4995,4.0,1117381573
192,5418,4.0,1077119511
519,2973,4.0,1446450582
275,971,4.0,1136709977
224,115231,4.0,1428042768
513,799,4.0,1322788365
333,186,4.0,834761845
575,26241,4.0,1162218115
575,3060,4.0,949701568
245,531,4.0,834948633
345,608,4.0,1395024521
201,1732,4.0,1027311339
451,50872,4.0,1250161333
531,2671,4.0,1447672858
160,1907,4.0,901154510
469,1217,4.0,865534180
164,544,4.0,1440814279
627,56788,4.0,1237932540
102,2908,4.0,975430136
430,14,4.0,837007644
88,1032,4.0,1040315249
29,296,4.0,836229707
451,4993,4.0,1130472595
586,3671,4.0,1397065393
40,1755,4.0,895034823
461,2005,4.0,1193031006
72,697,4.0,889221221
171,786,4.0,852833792
352,3681,4.0,1006560180
269,2000,4.0,1293105909
228,1673,4.0,1124279529
310,924,4.0,1091954362
623,475,4.0,836687391
32,1238,4.0,903794228
19,3555,4.0,1442282311
224,3624,4.0,1390064640
160,1366,4.0,903570002
514,4299,4.0,1337390776
24,1262,4.0,963469546
195,4993,4.0,1234131806
369,1394,4.0,953444306
458,2759,4.0,949841817
232,54736,4.0,1277943931
607,1,4.0,974705765
352,7256,4.0,1096745059
497,3996,4.0,1096453029
329,3263,4.0,1009869813
224,31225,4.0,1425336189
512,165,4.0,1254430872
278,2641,4.0,1341363622
155,1103,4.0,945102150
460,2951,4.0,1130303779
310,2289,4.0,1278243091
354,2015,4.0,1017844135
303,2303,4.0,976124513
668,1950,4.0,1114954485
228,1240,4.0,1124124848
458,2611,4.0,975780264
561,2140,4.0,944928029
530,1247,4.0,945023718
232,90717,4.0,1321835724
310,1197,4.0,1092228572
308,4128,4.0,1233296938
101,3555,4.0,1278885547
236,1732,4.0,1119960602
578,1046,4.0,858656312
378,1711,4.0,957662511
117,14,4.0,851343649
575,8998,4.0,1101856415
627,32456,4.0,1237932049
599,80094,4.0,1424825971
493,924,4.0,1218333238
143,350,4.0,841221966
561,345,4.0,948000703
52,4306,4.0,1441811954
62,4979,4.0,1268780619
616,32,4.0,1259880378
627,38061,4.0,1237932338
215,1210,4.0,1433873912
349,47,4.0,834661135
656,480,4.0,838777534
235,901,4.0,953678656
168,44191,4.0,1159238899
578,784,4.0,858655276
575,1092,4.0,939812922
349,186,4.0,834661362
326,10,4.0,844183984
668,2832,4.0,1054046033
192,3513,4.0,1059406252
615,5060,4.0,955127092
458,7,4.0,953241446
235,2433,4.0,953678094
218,2083,4.0,1255807389
413,85179,4.0,1305335288
440,986,4.0,962680117
224,26131,4.0,1390073689
195,2803,4.0,1234121333
615,2351,4.0,955125510
137,1333,4.0,1205622151
281,1242,4.0,992331344
135,1180,4.0,891657322
575,7143,4.0,1086093422
659,2762,4.0,1394645231
409,72011,4.0,1292703732
516,1569,4.0,1001472265
567,2088,4.0,1129534784
354,3479,4.0,1017785317
171,107,4.0,852833860
402,2467,4.0,1172476509
242,3033,4.0,944908635
107,1057,4.0,958157210
326,316,4.0,844183925
615,1089,4.0,955126316
192,2236,4.0,1002134783
126,356,4.0,1269878733
130,2318,4.0,941839901
668,2847,4.0,1025895148
668,2186,4.0,1025846836
451,54272,4.0,1251265257
605,2250,4.0,954089935
296,1517,4.0,1085798492
561,1729,4.0,948000962
137,69278,4.0,1291450464
250,2140,4.0,1107162392
668,915,4.0,1025851190
76,51662,4.0,1416613027
480,30749,4.0,1182183045
668,6565,4.0,1072886915
300,2529,4.0,942966350
110,2944,4.0,992249524
164,39,4.0,1440813799
63,8464,4.0,1299504655
663,589,4.0,851580425
278,31658,4.0,1341366002
458,474,4.0,938814716
627,5008,4.0,1237931003
600,2883,4.0,977982506
458,6786,4.0,1195566054
54,6365,4.0,1146941666
597,2791,4.0,965118302
438,30749,4.0,1224531639
255,8949,4.0,1174421653
633,1258,4.0,1140152897
451,7020,4.0,1136532281
458,370,4.0,953242118
219,4901,4.0,1011718649
220,4061,4.0,1114411155
662,454,4.0,945176171
63,3247,4.0,1299476125
586,99114,4.0,1397065655
335,593,4.0,1308170529
147,1127,4.0,986112848
627,61352,4.0,1237931065
283,373,4.0,868264383
188,1614,4.0,879096508
63,3257,4.0,1300739046
213,3730,4.0,1111503694
668,4995,4.0,1072886906
190,150,4.0,840450896
495,3948,4.0,993839822
627,2427,4.0,1237938636
108,2797,4.0,944976432
413,106916,4.0,1387772210
599,52319,4.0,1424813032
547,500,4.0,835255834
66,1921,4.0,961686315
599,1258,4.0,1424811333
220,5313,4.0,1113307728
160,1684,4.0,902695090
527,60,4.0,838824276
599,1287,4.0,1424813060
491,208,4.0,839302004
632,296,4.0,1388949621
213,2078,4.0,1112607917
532,71535,4.0,1440346062
318,34,4.0,842517719
461,4036,4.0,1193031060
567,590,4.0,1129521695
601,2357,4.0,938942176
310,1527,4.0,1091959012
177,589,4.0,1074042838
575,1806,4.0,939975147
109,2989,4.0,940499581
97,106072,4.0,1448956289
24,3467,4.0,963467105
458,2791,4.0,938876605
422,2078,4.0,1071612194
614,4370,4.0,1417314788
71,1527,4.0,1063749331
668,5963,4.0,1040182179
408,454,4.0,831668211
282,858,4.0,959816306
463,6377,4.0,1274471935
575,26346,4.0,1252619482
420,2716,4.0,956588219
294,36,4.0,1001986560
4,945,4.0,950322859
110,1747,4.0,992250389
177,2012,4.0,1074053975
235,41,4.0,953677423
630,300,4.0,836085263
536,647,4.0,860417901
561,541,4.0,944927578
666,3298,4.0,1021278146
632,5014,4.0,1388950707
75,316,4.0,1051070864
201,1569,4.0,1027311135
244,2917,4.0,953171870
250,2716,4.0,1107160997
128,6909,4.0,1263376761
105,1,4.0,857734401
576,420,4.0,1446939628
475,3504,4.0,1364914269
524,3513,4.0,993243331
600,1968,4.0,1014434488
576,60161,4.0,1446402282
637,1270,4.0,983918454
213,2648,4.0,1111502937
600,3361,4.0,977982663
440,3068,4.0,962682460
425,1396,4.0,1077440755
107,2712,4.0,958157861
403,48516,4.0,1222301293
177,2120,4.0,1074055166
544,1694,4.0,944944948
352,2302,4.0,1006560441
576,3717,4.0,1446414004
493,223,4.0,1218333233
549,2762,4.0,1219549172
411,364,4.0,833711585
484,2109,4.0,1308767207
403,27660,4.0,1222302208
156,203,4.0,885584126
20,5995,4.0,1289758145
98,3476,4.0,955175162
480,25850,4.0,1171602247
160,1092,4.0,902698575
314,33794,4.0,1448466619
569,62,4.0,1245979626
600,3964,4.0,977982476
177,3361,4.0,1074043889
474,86882,4.0,1323124042
535,53996,4.0,1432619052
348,4886,4.0,1311170266
499,1753,4.0,1277424506
422,1912,4.0,1063251428
192,2889,4.0,1077120754
541,2762,4.0,1004506337
177,6333,4.0,1074042492
150,4025,4.0,1042781636
568,5051,4.0,1142915917
71,5673,4.0,1063748463
575,3019,4.0,949754476
458,3260,4.0,953240238
387,1968,4.0,1374086772
177,2378,4.0,1074054333
164,2402,4.0,1440965049
192,4361,4.0,1002133229
220,4974,4.0,1112264855
147,6,4.0,986187963
113,3408,4.0,1217129316
97,94864,4.0,1448955898
627,720,4.0,1238075289
220,5026,4.0,1112608859
210,5002,4.0,1041825638
534,720,4.0,916849851
405,71579,4.0,1341972750
164,4369,4.0,1440814382
623,345,4.0,836687440
402,37240,4.0,1172440449
109,1030,4.0,918645486
310,3271,4.0,1092954043
29,628,4.0,845792327
617,44665,4.0,1225248272
544,2002,4.0,944940603
599,55290,4.0,1424824596
539,1461,4.0,1033519510
114,117444,4.0,1452131413
627,1252,4.0,1237930662
518,1196,4.0,1439912801
13,50,4.0,1215873838
235,2722,4.0,953677128
15,2660,4.0,1447478335
177,5956,4.0,1074043388
376,348,4.0,942191782
421,1584,4.0,879856722
597,902,4.0,965119413
107,2395,4.0,958157358
376,2750,4.0,942192958
235,223,4.0,953738834
530,8492,4.0,1132723142
89,2396,4.0,1328925427
158,4995,4.0,1241891287
424,293,4.0,836378765
420,3108,4.0,956588601
582,1917,4.0,911288262
75,1215,4.0,1051070396
607,5062,4.0,1010303873
177,1909,4.0,1074043176
210,2028,4.0,1041825540
331,1356,4.0,1138755582
426,933,4.0,973997351
525,912,4.0,946570630
525,1952,4.0,946570419
130,3006,4.0,947477757
337,647,4.0,962605915
89,593,4.0,1328925128
352,4025,4.0,1076262102
109,471,4.0,919155561
32,1265,4.0,904093151
562,1717,4.0,953423177
577,1608,4.0,1031892131
568,1580,4.0,1146932792
148,367,4.0,837259446
242,1256,4.0,945670794
183,1240,4.0,1381954766
130,2160,4.0,941840764
451,46839,4.0,1250161559
378,2739,4.0,957662601
268,7153,4.0,1227220097
615,3181,4.0,955125005
575,1230,4.0,939927286
603,253,4.0,857568388
247,71530,4.0,1451289590
46,34,4.0,954566849
352,969,4.0,1006316416
576,115216,4.0,1448154775
118,2707,4.0,1046627196
17,344,4.0,1234030892
416,18,4.0,844956985
413,7360,4.0,1310013170
33,3068,4.0,1009740910
458,1910,4.0,977524123
158,6213,4.0,1241067170
149,154,4.0,835536574
283,1233,4.0,868262537
428,8493,4.0,1105414268
139,6870,4.0,1095887052
480,1307,4.0,1136516858
607,208,4.0,974711586
458,1041,4.0,938814043
575,2712,4.0,953488339
627,410,4.0,1237935348
448,117533,4.0,1439418023
109,2046,4.0,918642395
32,2273,4.0,906856845
337,3552,4.0,962607893
242,1280,4.0,944905980
160,899,4.0,902695090
371,246,4.0,841275701
428,5944,4.0,1105416655
230,54286,4.0,1192688841
30,1713,4.0,1292632920
194,49528,4.0,1364053822
627,778,4.0,1237935130
607,337,4.0,974714363
399,1265,4.0,945151651
107,1225,4.0,958156316
637,593,4.0,983917329
543,2694,4.0,995891361
633,5989,4.0,1134971166
156,1693,4.0,897595437
542,5690,4.0,1303678897
636,2436,4.0,939631402
164,103315,4.0,1440812995
255,4788,4.0,1174420854
315,933,4.0,996352906
492,156,4.0,835506860
235,1378,4.0,953849701
109,2167,4.0,971172782
575,2872,4.0,939926645
627,377,4.0,1237989451
128,55290,4.0,1269651770
91,3078,4.0,949281668
413,4728,4.0,1321766894
600,1237,4.0,1005451054
62,2959,4.0,1268779477
469,308,4.0,865437395
118,367,4.0,1045003149
605,2069,4.0,955376719
109,504,4.0,919154210
632,1136,4.0,1388949422
420,2352,4.0,956588311
177,4326,4.0,1074042767
261,4008,4.0,1138112491
458,224,4.0,953242150
460,2947,4.0,1130272384
235,1834,4.0,953677573
610,318,4.0,1303104897
224,49272,4.0,1359000112
485,4308,4.0,1028844864
627,5989,4.0,1237934029
105,589,4.0,857735540
322,318,4.0,1030140457
458,3634,4.0,1340742289
88,1230,4.0,1236284867
541,1584,4.0,1004507441
89,51662,4.0,1328923712
546,1947,4.0,1036015966
188,593,4.0,879098005
411,161,4.0,833711474
567,4085,4.0,1129523198
584,862,4.0,944924987
575,8623,4.0,1088530330
556,832,4.0,862828720
232,73266,4.0,1277404163
605,1580,4.0,954088257
122,290,4.0,1024808297
24,2303,4.0,963472530
607,2414,4.0,978816818
310,1250,4.0,1091953887
322,5013,4.0,1030115851
555,628,4.0,875313633
255,31702,4.0,1174423184
422,2959,4.0,1063251315
282,4235,4.0,1011723532
109,4388,4.0,1018626826
607,3262,4.0,977942952
235,2029,4.0,953741078
4,213,4.0,950323441
607,1810,4.0,974714736
246,356,4.0,845315996
22,1120,4.0,1111573959
668,99811,4.0,1402032363
228,7347,4.0,1141872942
668,377,4.0,1025854484
213,3362,4.0,1111503279
458,98961,4.0,1362865721
413,94777,4.0,1338367074
568,1617,4.0,1142789325
310,8981,4.0,1111486239
119,3844,4.0,1204582432
407,1249,4.0,1216571137
425,2605,4.0,1077442998
541,736,4.0,1004508454
195,44191,4.0,1250241466
399,1845,4.0,945154214
575,2946,4.0,963750438
224,53318,4.0,1425336245
163,8874,4.0,1168526108
66,296,4.0,961685333
89,1214,4.0,1328924221
603,1082,4.0,862155763
149,589,4.0,835535528
235,541,4.0,954450605
138,160,4.0,835879308
209,4447,4.0,1013139846
255,150,4.0,1174414847
586,3429,4.0,1397069066
24,2948,4.0,963470015
30,780,4.0,1292690073
63,1214,4.0,1299478086
282,3578,4.0,962650239
405,2232,4.0,1296441181
151,62,4.0,864684243
290,1198,4.0,1405040707
128,27700,4.0,1262377695
2,95,4.0,859046895
667,2058,4.0,1083274280
627,1287,4.0,1237937850
310,8951,4.0,1139835967
655,4993,4.0,1256176174
235,1690,4.0,953677078
575,3360,4.0,952402126
471,1029,4.0,972782300
255,1223,4.0,1174417439
428,592,4.0,1105414244
363,919,4.0,947643633
232,2761,4.0,1277408541
597,1033,4.0,965182275
192,1219,4.0,1059406231
569,3421,4.0,1245982227
63,4299,4.0,1299505024
421,908,4.0,879858334
250,1079,4.0,1107161099
635,3252,4.0,951538610
471,2329,4.0,972781195
504,356,4.0,1447973506
309,4161,4.0,1293923524
113,49772,4.0,1251602976
541,592,4.0,1004509654
600,3020,4.0,969753287
38,2194,4.0,1420625248
156,292,4.0,886185268
114,31658,4.0,1452131211
576,136447,4.0,1445292179
122,2772,4.0,1024804056
192,41226,4.0,1267811659
575,4543,4.0,994593792
461,1962,4.0,1297621228
158,1293,4.0,1241050738
291,2987,4.0,967487846
434,474,4.0,1241491326
188,919,4.0,879098958
128,4848,4.0,1262377546
605,2359,4.0,954087884
302,509,4.0,837047039
399,2712,4.0,945155459
32,938,4.0,903750912
160,82,4.0,901155401
499,1183,4.0,1278288729
110,539,4.0,992252868
232,92058,4.0,1327313866
668,8751,4.0,1246220628
641,68358,4.0,1349905272
308,4995,4.0,1233208958
33,321,4.0,1009740578
409,5385,4.0,1292615249
575,4276,4.0,988227218
109,3364,4.0,958552817
160,1293,4.0,903488848
213,7089,4.0,1111580658
475,61323,4.0,1305364012
568,6331,4.0,1142792094
162,300,4.0,836675366
627,4901,4.0,1237932437
605,1193,4.0,955377188
528,4022,4.0,1252817315
458,2983,4.0,1359422486
469,1408,4.0,865533535
410,720,4.0,1138481220
627,6387,4.0,1237936560
399,2194,4.0,945152969
104,141,4.0,836834761
560,1971,4.0,1067545709
543,3996,4.0,995889353
24,21,4.0,963470481
310,5995,4.0,1092228268
224,72641,4.0,1428127873
128,745,4.0,1266978140
575,1339,4.0,939807294
597,1009,4.0,965181817
225,17,4.0,835161909
389,5299,4.0,1319160945
627,1284,4.0,1237930652
130,2858,4.0,941898174
628,1073,4.0,1112465829
164,368,4.0,1440813856
71,1387,4.0,1063749193
232,3499,4.0,1277403828
160,45,4.0,903489483
451,6957,4.0,1157759600
63,3994,4.0,1299507375
97,69644,4.0,1448958487
219,3452,4.0,1011718777
371,593,4.0,841274481
412,6942,4.0,1415279394
116,296,4.0,834668454
366,3052,4.0,1084996444
229,5952,4.0,1439444776
177,1339,4.0,1074044382
146,2890,4.0,944924270
106,108932,4.0,1440861436
255,1288,4.0,1174420891
471,928,4.0,972414564
495,1127,4.0,993842754
192,39,4.0,1157141862
399,2227,4.0,945154242
299,1206,4.0,1290572877
124,488,4.0,1011476343
235,628,4.0,953677733
668,661,4.0,1089639164
283,1285,4.0,868265812
143,380,4.0,841221776
60,2918,4.0,1162941582
273,377,4.0,1227879700
255,2949,4.0,1174421819
567,2997,4.0,1129522085
235,379,4.0,954450810
242,2946,4.0,945671257
62,4370,4.0,1267425501
115,102903,4.0,1380702095
150,5222,4.0,1042254263
484,68157,4.0,1308767575
65,356,4.0,835490557
354,4628,4.0,1017842926
649,2174,4.0,1063211903
314,4993,4.0,1448466576
235,1060,4.0,953678063
627,56367,4.0,1237934202
279,968,4.0,965499965
255,5418,4.0,1174416100
569,35836,4.0,1245979390
458,176,4.0,953240104
63,58559,4.0,1299477219
432,2421,4.0,957671549
586,919,4.0,1397069205
667,1136,4.0,1082552683
244,919,4.0,953167948
380,3699,4.0,1020279366
41,2302,4.0,1067129854
41,5945,4.0,1067131112
599,81562,4.0,1424824606
575,4844,4.0,1025924672
128,73017,4.0,1263375823
399,2932,4.0,945151261
627,8253,4.0,1237934020
227,1178,4.0,971137898
232,84944,4.0,1300238231
218,2,4.0,1258390451
448,116797,4.0,1439418010
310,1466,4.0,1091958182
349,377,4.0,834662141
617,8961,4.0,1225248602
458,5225,4.0,1069051287
413,89804,4.0,1397286445
413,122886,4.0,1450740647
232,81564,4.0,1291243455
471,364,4.0,972784345
575,4886,4.0,1032610074
11,1269,4.0,850817788
251,107,4.0,1363372712
461,4571,4.0,1193031153
613,150,4.0,830716695
352,1277,4.0,1025710823
112,1270,4.0,956590920
104,349,4.0,836833738
484,1754,4.0,1308768433
236,34319,4.0,1167731955
603,29,4.0,857569450
543,527,4.0,995889240
137,30825,4.0,1223513812
599,52460,4.0,1424825733
365,2294,4.0,1062894208
32,1231,4.0,903794284
575,8949,4.0,1099923223
164,1653,4.0,1440962582
198,3308,4.0,958688476
627,2762,4.0,1237933390
232,4679,4.0,1277842417
63,67620,4.0,1299772371
251,1367,4.0,1363372900
193,1690,4.0,944902247
224,4896,4.0,1393976681
224,33437,4.0,1444708971
137,2683,4.0,1205623424
97,70286,4.0,1448955972
581,4351,4.0,1110285652
164,99750,4.0,1440812910
150,1244,4.0,1043210087
220,1688,4.0,1111831901
597,2532,4.0,965155125
228,6764,4.0,1141167589
232,85510,4.0,1302640510
47,319,4.0,843154670
523,356,4.0,842275723
88,7445,4.0,1090260622
642,2571,4.0,1439771184
405,908,4.0,1296439059
220,3328,4.0,1111758492
192,3451,4.0,1059406460
599,56587,4.0,1424824664
597,1407,4.0,965117469
220,3100,4.0,1112608979
451,2788,4.0,1130471921
627,3481,4.0,1237933104
495,1704,4.0,993841543
35,785,4.0,860344420
668,8848,4.0,1416983028
164,67923,4.0,1440814358
29,1259,4.0,846943670
358,1965,4.0,1373741832
530,6711,4.0,1076726926
427,2028,4.0,1329765722
456,236,4.0,841935858
102,223,4.0,975430136
668,25,4.0,1025854421
220,1061,4.0,1111995821
235,2707,4.0,953675769
668,1104,4.0,1025851397
458,64839,4.0,1243003826
577,377,4.0,1030684910
461,2115,4.0,1193030286
224,4993,4.0,1358835053
164,593,4.0,1440814563
575,1955,4.0,939927352
633,151,4.0,1134969904
275,7217,4.0,1136695829
480,3608,4.0,1136517363
219,4896,4.0,1011718885
439,640,4.0,864847315
405,6953,4.0,1296442435
232,441,4.0,1277841534
405,7153,4.0,1296439052
232,69306,4.0,1277408373
28,1569,4.0,884098393
198,3176,4.0,958687025
627,2289,4.0,1238074251
405,81910,4.0,1310177991
92,589,4.0,840581593
575,965,4.0,953380147
306,122892,4.0,1448900732
574,1197,4.0,1257553724
19,5009,4.0,1442283038
502,432,4.0,1062968157
338,3251,4.0,969763124
319,33646,4.0,1413898603
668,955,4.0,1025848709
538,1974,4.0,1034122349
137,50872,4.0,1223509491
666,1265,4.0,1021280108
650,2092,4.0,965433418
192,3074,4.0,1059406179
556,61,4.0,862828879
505,3436,4.0,965682285
79,750,4.0,1227242744
220,1967,4.0,1111996244
464,553,4.0,1149668346
631,647,4.0,943354503
612,1580,4.0,940520506
160,1923,4.0,903488432
167,64716,4.0,1446587849
458,103849,4.0,1440324387
568,5147,4.0,1142915569
32,899,4.0,903750792
588,1282,4.0,995767012
603,506,4.0,862155661
584,373,4.0,944925547
66,1997,4.0,961684877
458,58,4.0,1226094898
575,7451,4.0,1110211416
512,1197,4.0,1254435129
646,342,4.0,1093653325
458,5867,4.0,1082885719
650,1888,4.0,965503726
575,8207,4.0,1086012808
484,3175,4.0,1308769857
209,912,4.0,1013220350
580,55765,4.0,1209466140
367,218,4.0,848164581
109,3614,4.0,971094467
322,1387,4.0,1030117599
401,26614,4.0,1417253671
584,3098,4.0,945276929
575,1090,4.0,939926249
19,4022,4.0,1442282129
22,4246,4.0,1111576165
322,1084,4.0,1030116056
322,1254,4.0,1030116037
422,1674,4.0,1064795342
425,3253,4.0,1077442772
258,592,4.0,833911078
177,6582,4.0,1074053121
139,4380,4.0,1095887692
203,2065,4.0,955133327
128,72226,4.0,1269620561
448,858,4.0,1439417880
217,2763,4.0,941214975
273,1584,4.0,1227879975
369,2804,4.0,953444104
628,1682,4.0,1112474001
471,2125,4.0,972414595
668,4021,4.0,1025853630
451,53972,4.0,1191847832
463,709,4.0,1274470492
619,6953,4.0,1445257321
444,10,4.0,833531452
69,6539,4.0,1121284714
303,4002,4.0,975182939
590,97913,4.0,1404056368
54,4344,4.0,1146947154
451,4508,4.0,1131347476
380,2043,4.0,1020279554
274,6,4.0,892802074
444,485,4.0,833533604
337,1079,4.0,962607667
560,4696,4.0,1067537353
32,1185,4.0,903794586
160,442,4.0,902696684
583,1500,4.0,978426947
529,2633,4.0,1260117660
87,1209,4.0,1173623224
451,1339,4.0,1131750505
575,1135,4.0,939926708
342,830,4.0,845455231
568,2949,4.0,1142790714
591,2706,4.0,1281986106
480,51080,4.0,1188072464
232,1639,4.0,1279919837
567,34048,4.0,1176228706
281,3527,4.0,992331630
451,4306,4.0,1130471192
413,42632,4.0,1351291526
452,3301,4.0,1290764821
107,249,4.0,958165143
615,2872,4.0,955128875
615,809,4.0,955127861
593,3510,4.0,976422214
583,480,4.0,978425446
615,1287,4.0,955127572
458,6796,4.0,1088684531
461,3793,4.0,1179853596
123,1958,4.0,1075394215
113,69757,4.0,1261884788
557,32587,4.0,1284928018
650,187,4.0,965503593
122,1479,4.0,1024806172
218,344,4.0,1255810517
432,3438,4.0,957671521
560,4502,4.0,1067537893
96,58,4.0,857048803
330,4976,4.0,1021830611
179,2333,4.0,1056440328
87,1219,4.0,1173623347
405,1962,4.0,1296444042
584,1960,4.0,945275915
168,2628,4.0,1159237779
18,589,4.0,1107371962
337,1678,4.0,962605973
213,3683,4.0,1111502368
668,57368,4.0,1210768581
622,94777,4.0,1447455240
160,1465,4.0,903570416
584,2272,4.0,944923994
421,1193,4.0,879858334
61,4226,4.0,1058834064
130,1089,4.0,941881834
222,920,4.0,944971909
460,2355,4.0,1130272445
293,898,4.0,1276627513
107,94,4.0,958165726
220,110,4.0,1111497895
546,5230,4.0,1036014952
128,2023,4.0,1262377639
531,33679,4.0,1447688016
507,165,4.0,848404975
123,30825,4.0,1155480897
599,60126,4.0,1424824670
344,1259,4.0,1079416090
443,1682,4.0,915221428
109,25,4.0,918641654
606,31410,4.0,1448032590
458,302,4.0,938876758
23,2959,4.0,1420797759
615,2764,4.0,955128151
306,112175,4.0,1449500055
623,368,4.0,836686745
458,2723,4.0,938813425
349,300,4.0,834661084
597,1438,4.0,965155363
475,96655,4.0,1384645197
451,3424,4.0,1136539605
615,3092,4.0,955124844
228,2791,4.0,1233252716
157,2393,4.0,916672615
525,3114,4.0,946570258
402,2648,4.0,1172480157
203,122,4.0,955136345
668,3816,4.0,1026442553
590,61253,4.0,1247689386
314,79553,4.0,1448466906
461,1196,4.0,1179853510
21,57504,4.0,1429825784
228,440,4.0,1141171324
242,920,4.0,945673156
461,57640,4.0,1227840377
224,59022,4.0,1428130844
530,1517,4.0,972347231
312,316,4.0,828564956
577,500,4.0,1030684977
303,235,4.0,976218149
668,2287,4.0,1025851609
668,2283,4.0,1025888487
109,1228,4.0,958550631
160,563,4.0,903489442
150,8360,4.0,1094511011
432,153,4.0,957671400
480,3067,4.0,1136553030
151,788,4.0,864684331
574,1208,4.0,1257554185
619,27803,4.0,1445257661
569,57669,4.0,1245982669
600,1923,4.0,1019971179
310,7256,4.0,1116597822
457,708,4.0,854879239
483,102716,4.0,1387206074
607,1991,4.0,974789427
599,116036,4.0,1424811714
428,1801,4.0,1105416731
358,2791,4.0,1408188934
662,1678,4.0,945176488
32,1957,4.0,903751773
433,42718,4.0,1439795231
354,2248,4.0,965329294
352,912,4.0,1006316117
232,86293,4.0,1308257892
458,3357,4.0,973354596
405,1356,4.0,1296441643
596,6244,4.0,1048835473
575,26758,4.0,1130592615
588,1929,4.0,993876200
668,4148,4.0,1287110410
146,2313,4.0,944926604
415,4306,4.0,1341263269
568,353,4.0,1142915981
139,7265,4.0,1097184521
668,84392,4.0,1311032928
32,2130,4.0,903794624
325,44191,4.0,1300117553
263,1242,4.0,916309751
622,56156,4.0,1449578529
458,48856,4.0,1231018233
159,7438,4.0,1125513238
164,707,4.0,1440962814
102,3535,4.0,975429595
567,26375,4.0,1129527819
402,1250,4.0,1172346961
575,3035,4.0,953380147
561,21,4.0,944928944
192,1022,4.0,1059406145
160,1056,4.0,901154856
458,47894,4.0,1427403613
220,5820,4.0,1112609244
660,301,4.0,833100785
649,5608,4.0,1063211771
399,1069,4.0,945153300
471,1022,4.0,972782435
615,2288,4.0,955126863
310,44555,4.0,1172846826
223,2427,4.0,948940583
403,589,4.0,1222301398
189,1387,4.0,1170027405
233,339,4.0,835095944
413,105497,4.0,1386470859
506,597,4.0,1175243405
176,1214,4.0,965402303
649,1996,4.0,1062618117
443,1224,4.0,915220732
105,805,4.0,857734494
15,3863,4.0,1447478579
174,5613,4.0,1276657592
460,3060,4.0,1130278405
600,2947,4.0,977982716
529,7649,4.0,1260118971
102,2841,4.0,975430395
3,150,4.0,841483462
590,5377,4.0,1243370858
662,2379,4.0,945179946
503,90405,4.0,1323438452
425,4380,4.0,1077456343
122,1676,4.0,1024808073
354,5444,4.0,1046978924
281,1214,4.0,992331285
213,1340,4.0,1111502960
32,34,4.0,904093000
198,2546,4.0,958689685
428,464,4.0,1105417173
109,5055,4.0,1050418800
137,2420,4.0,1223511585
81,3044,4.0,976285347
387,1884,4.0,1300793179
525,1670,4.0,946570511
399,1913,4.0,945152112
310,40583,4.0,1149275017
109,3484,4.0,984403513
534,32,4.0,916849881
232,2011,4.0,1277375044
166,122882,4.0,1439761706
475,94978,4.0,1349030059
141,4973,4.0,1267833524
614,4963,4.0,1415079839
627,3384,4.0,1238067865
299,78209,4.0,1290572597
308,1097,4.0,1233208664
22,2396,4.0,1111576386
66,4308,4.0,1041611789
180,4979,4.0,1180847180
310,2133,4.0,1278248360
146,3088,4.0,944928323
668,2278,4.0,1287792827
244,1282,4.0,953170956
16,380,4.0,842888065
164,64839,4.0,1440814863
310,1101,4.0,1108460878
513,4963,4.0,1322788073
519,102125,4.0,1446449420
544,2412,4.0,944940146
282,2100,4.0,959817024
425,1080,4.0,1077328994
419,99114,4.0,1447585059
668,8016,4.0,1115471341
342,7,4.0,845454419
492,357,4.0,835506102
310,110,4.0,1091956734
605,590,4.0,954089669
387,8360,4.0,1416699525
469,272,4.0,865534163
255,8404,4.0,1174417788
458,161,4.0,953241268
502,1130,4.0,1062968933
228,3745,4.0,1141170402
69,2692,4.0,1121104464
530,2644,4.0,945321991
422,1954,4.0,1071612021
362,3275,4.0,1270903122
601,1354,4.0,938942423
130,2560,4.0,941897754
475,3091,4.0,1390078562
668,2716,4.0,1025849854
461,78022,4.0,1297620862
469,589,4.0,865533600
569,5903,4.0,1245983376
409,7153,4.0,1292610727
335,1617,4.0,1303497591
612,750,4.0,940517923
664,8533,4.0,1423496811
583,145,4.0,978506519
277,7587,4.0,1445255730
607,4720,4.0,998224915
242,1485,4.0,945671596
85,1321,4.0,1400699436
458,8784,4.0,1139423587
179,41,4.0,1056440623
29,1089,4.0,865694672
668,905,4.0,1025857775
253,48780,4.0,1353228053
374,1291,4.0,1433269728
365,4963,4.0,1062892575
626,53123,4.0,1258664175
109,2355,4.0,918627310
160,1222,4.0,902696180
365,4720,4.0,1062892475
458,1175,4.0,938814487
242,2621,4.0,944902871
160,1459,4.0,902698575
107,3499,4.0,958163978
576,93855,4.0,1445085745
605,2108,4.0,955374927
137,64034,4.0,1277658162
365,2080,4.0,1062894336
391,3147,4.0,1260317649
442,838,4.0,840556204
47,337,4.0,853361891
296,2019,4.0,1085799115
411,21,4.0,833711521
566,926,4.0,1381620858
575,3175,4.0,949852971
458,6003,4.0,1048912696
167,1676,4.0,1446588982
607,2950,4.0,974788168
448,106920,4.0,1439418350
668,3461,4.0,1431030291
605,509,4.0,954090592
369,2289,4.0,941391517
148,21,4.0,837259413
113,1673,4.0,1209266435
228,653,4.0,1141172315
160,1541,4.0,902695520
252,1028,4.0,1048128703
139,4886,4.0,1095887068
352,3152,4.0,1006558810
590,5989,4.0,1336063615
130,3751,4.0,962155802
232,90870,4.0,1327312213
87,48774,4.0,1173622578
575,7708,4.0,1084378201
615,1050,4.0,955128336
105,527,4.0,857735425
461,45186,4.0,1193066916
330,6218,4.0,1053307622
107,253,4.0,958165775
575,1275,4.0,939926145
66,2692,4.0,961685185
542,1196,4.0,1378063784
228,2302,4.0,1125608648
239,593,4.0,841755797
403,65135,4.0,1234116878
622,116797,4.0,1447458099
484,52973,4.0,1308769229
378,1254,4.0,957662418
439,802,4.0,864847191
449,32587,4.0,1449268164
128,83976,4.0,1333959273
60,8366,4.0,1162942347
575,4007,4.0,975255056
399,1344,4.0,945152458
210,3869,4.0,1041825754
213,30812,4.0,1111503123
103,838,4.0,978556845
627,3706,4.0,1237933601
627,1279,4.0,1237937431
424,442,4.0,836381922
195,55995,4.0,1234121654
261,2762,4.0,1138112542
44,7147,4.0,1225240895
458,3178,4.0,975730232
534,1518,4.0,916851080
448,593,4.0,1439418059
575,3029,4.0,949754727
386,3328,4.0,1223296164
652,994,4.0,974687759
495,1036,4.0,993842361
389,3948,4.0,1315058538
615,1193,4.0,955125179
249,1042,4.0,1311817365
605,781,4.0,954090896
665,34,4.0,1231677071
668,32875,4.0,1378176501
344,5903,4.0,1079416449
380,4129,4.0,1020279510
164,7149,4.0,1440813635
124,314,4.0,1011478164
668,2065,4.0,1025854345
69,1500,4.0,1121088879
544,1333,4.0,944945616
522,289,4.0,833478075
174,6333,4.0,1276656185
177,2492,4.0,1074054728
376,1219,4.0,942186556
149,1097,4.0,855908693
421,1465,4.0,879856757
198,492,4.0,958686999
158,2353,4.0,1241067003
219,3755,4.0,1011718649
79,6539,4.0,1227242848
41,6252,4.0,1067130261
458,7943,4.0,1085825291
338,1927,4.0,969763664
646,5349,4.0,1093701048
232,3578,4.0,1277374697
334,317,4.0,845388748
627,68237,4.0,1257970486
354,1297,4.0,1030477854
668,349,4.0,1025848820
409,81156,4.0,1292613432
414,2763,4.0,1032191981
303,1094,4.0,976733332
122,16,4.0,1024805447
376,1732,4.0,942189839
545,590,4.0,845321253
521,55820,4.0,1351088471
124,2762,4.0,1011473081
560,2450,4.0,1067535059
408,318,4.0,831667390
632,3147,4.0,1388950398
610,454,4.0,1303104583
426,1234,4.0,973997457
576,31225,4.0,1446397810
177,1961,4.0,1074043375
230,1221,4.0,1192690154
381,474,4.0,844074793
54,2028,4.0,1146941824
519,77561,4.0,1446449503
415,68358,4.0,1341532949
164,88140,4.0,1440814486
607,2161,4.0,974784341
422,2858,4.0,1063254137
412,4128,4.0,1415279597
605,1401,4.0,955399022
272,2424,4.0,952634224
597,2124,4.0,965118219
235,2336,4.0,953677681
177,2329,4.0,1074042762
575,4333,4.0,989971466
195,1136,4.0,1250241340
337,349,4.0,962606373
599,7143,4.0,1424813037
405,89864,4.0,1341972987
607,382,4.0,974713857
319,4388,4.0,1413898669
434,3363,4.0,1241492589
576,84954,4.0,1446944058
164,2321,4.0,1440814343
123,1079,4.0,1075394285
15,1136,4.0,1447478232
303,1393,4.0,976733247
109,2124,4.0,918798392
575,5809,4.0,1048391420
436,10,4.0,837693783
255,2716,4.0,1174415985
63,5669,4.0,1299576979
471,1580,4.0,972782918
157,1291,4.0,916673367
614,33679,4.0,1416813367
443,1088,4.0,915224840
537,1090,4.0,1356396424
113,1213,4.0,1209264474
211,6355,4.0,1138403405
268,1682,4.0,1227219799
427,1527,4.0,1329769370
376,111,4.0,942187325
114,6620,4.0,1452132362
359,5945,4.0,1401325250
563,2677,4.0,1112216052
72,1616,4.0,877800580
242,2916,4.0,944908002
575,2289,4.0,939810433
512,260,4.0,1254430456
113,88810,4.0,1326604077
600,2370,4.0,1018672640
549,1997,4.0,1219552370
422,1291,4.0,1063252858
404,2724,4.0,1266117661
458,8879,4.0,1096793643
413,87232,4.0,1321505341
539,2683,4.0,1033519869
325,55282,4.0,1300117343
187,785,4.0,863206178
235,22,4.0,953751173
264,6,4.0,847928161
451,1196,4.0,1130472458
192,4046,4.0,1059406089
413,586,4.0,1396433039
53,59315,4.0,1285956182
223,2132,4.0,948941040
583,1029,4.0,978426776
160,28,4.0,902694822
603,593,4.0,857568388
128,59315,4.0,1262377612
632,6218,4.0,1388950550
575,65596,4.0,1308867559
179,1997,4.0,1056712525
576,344,4.0,1446943107
627,6870,4.0,1237935172
322,922,4.0,1030140325
128,82667,4.0,1303269652
310,37741,4.0,1155737979
575,1617,4.0,939803267
109,509,4.0,919156137
627,5971,4.0,1237930830
627,55290,4.0,1237931335
438,2683,4.0,1224530692
458,3543,4.0,975731298
278,2371,4.0,1341358566
461,6874,4.0,1273068824
198,2406,4.0,958688498
296,1221,4.0,1085798217
191,647,4.0,1111545540
615,1201,4.0,955128875
668,75813,4.0,1321810152
607,1219,4.0,974785053
375,5010,4.0,1046194565
584,1682,4.0,944926635
451,91500,4.0,1410133202
399,588,4.0,945154612
166,54286,4.0,1439762375
232,72380,4.0,1277850350
607,2641,4.0,974787070
615,3217,4.0,955125702
495,2268,4.0,993837301
250,1500,4.0,1107161450
576,35836,4.0,1450567465
413,27611,4.0,1354601989
128,55280,4.0,1262995700
224,64983,4.0,1428128318
376,2871,4.0,942189032
172,5015,4.0,1298263576
376,909,4.0,942187035
597,2699,4.0,965118621
222,915,4.0,945322390
86,58559,4.0,1450071752
19,99114,4.0,1442282386
147,1358,4.0,986111071
236,2791,4.0,1119981159
422,1527,4.0,1063251356
16,353,4.0,842889068
194,71838,4.0,1364053106
224,50804,4.0,1425361778
112,246,4.0,956591452
630,288,4.0,836085263
620,1265,4.0,1024538229
176,339,4.0,965401815
561,3044,4.0,948000915
597,924,4.0,965118108
387,2529,4.0,1389549783
337,1619,4.0,962606116
461,2,4.0,1193066751
665,46723,4.0,1231674889
128,2860,4.0,1269626063
612,1375,4.0,940519209
605,376,4.0,955375723
337,1580,4.0,962606705
567,2003,4.0,1129522977
160,2094,4.0,902696770
228,500,4.0,1124283899
451,32456,4.0,1250160817
451,198,4.0,1130495621
150,5401,4.0,1042253236
183,2193,4.0,1379256793
627,1748,4.0,1237932556
168,1704,4.0,1159239369
164,2841,4.0,1440962821
402,55274,4.0,1195087848
88,48780,4.0,1293406365
668,5013,4.0,1043775161
647,104,4.0,1451786952
44,2291,4.0,1225240944
562,1210,4.0,953421811
482,2505,4.0,974652004
615,431,4.0,955127985
458,1518,4.0,953241709
312,435,4.0,828564954
458,25866,4.0,1159339335
347,1208,4.0,1274981849
173,2395,4.0,954597418
122,349,4.0,1024805531
352,1206,4.0,1006316459
461,53000,4.0,1193031760
128,2058,4.0,1262377544
668,2937,4.0,1025850931
128,441,4.0,1269730623
164,79057,4.0,1440812150
600,3347,4.0,1025322350
632,5385,4.0,1388950071
492,110,4.0,835505901
102,3510,4.0,975429766
597,2826,4.0,965118108
25,1265,4.0,916663767
290,2858,4.0,1432612450
308,367,4.0,1233208658
111,590,4.0,847916468
519,58559,4.0,1446443225
438,608,4.0,1224530554
368,1247,4.0,1053358742
346,7361,4.0,1279996776
315,1961,4.0,1091658243
422,3253,4.0,1063252528
410,6003,4.0,1133390869
530,6339,4.0,1057370736
389,1569,4.0,1312973776
109,1769,4.0,971094902
506,2712,4.0,1175244085
63,54962,4.0,1299696766
526,2600,4.0,1044311562
580,4084,4.0,1209462574
25,333,4.0,916665697
137,5300,4.0,1223509561
72,785,4.0,877801897
575,1228,4.0,1109603635
600,1025,4.0,1018672965
561,1653,4.0,944927780
564,232,4.0,957926809
234,1610,4.0,901931366
590,3421,4.0,1243380882
224,1645,4.0,1390065076
451,1234,4.0,1130718827
474,87485,4.0,1325477725
599,60074,4.0,1424812927
194,1541,4.0,1364051182
460,3108,4.0,1130273466
337,1584,4.0,962606675
156,592,4.0,886433140
625,2000,4.0,1085177068
575,49822,4.0,1167749951
628,1527,4.0,1112465656
390,589,4.0,839947485
663,477,4.0,851580509
561,474,4.0,948000703
389,2355,4.0,1319160277
165,260,4.0,862302067
428,969,4.0,1087081447
567,40819,4.0,1176228455
451,799,4.0,1131346604
607,912,4.0,974784813
622,2273,4.0,1447034915
575,8833,4.0,1107786273
220,7147,4.0,1111498404
128,97913,4.0,1366542300
283,190,4.0,868268103
389,1485,4.0,1315058196
32,1173,4.0,903794284
227,1089,4.0,971138047
71,5388,4.0,1063749302
575,96079,4.0,1354228120
442,246,4.0,840555712
446,281,4.0,835116680
531,48780,4.0,1447672352
29,1265,4.0,846943649
232,72393,4.0,1296463582
33,1084,4.0,1009740827
469,1307,4.0,865534709
668,4245,4.0,1043971485
668,1132,4.0,1025850296
433,6333,4.0,1439794836
464,16,4.0,1149668333
422,1061,4.0,1071634308
636,2243,4.0,939630818
211,1943,4.0,1138403173
164,6963,4.0,1440963753
513,2194,4.0,1322787847
300,2141,4.0,942967648
458,8910,4.0,1113676308
429,3005,4.0,993082705
147,3498,4.0,986111317
308,2872,4.0,1233207637
88,288,4.0,1143594753
459,150,4.0,845305705
278,44191,4.0,1341367718
475,32211,4.0,1326315622
575,38994,4.0,1160585288
235,3481,4.0,955569067
72,1544,4.0,877802240
160,1582,4.0,903817160
128,1201,4.0,1262127586
472,665,4.0,1079135118
224,4002,4.0,1390027134
244,2202,4.0,953170956
328,1274,4.0,1223380414
555,1580,4.0,875327276
664,1370,4.0,1423497026
224,2502,4.0,1358835042
458,7023,4.0,1195564868
668,87558,4.0,1350598190
532,2529,4.0,1440349329
126,2803,4.0,1269877365
222,1380,4.0,945322873
232,103883,4.0,1393637473
160,113,4.0,903814878
576,49530,4.0,1446940650
599,51086,4.0,1424824712
336,6365,4.0,1248029373
578,881,4.0,858656116
597,986,4.0,965182193
543,2699,4.0,995891338
37,1203,4.0,1113691295
160,506,4.0,903489166
575,759,4.0,1055523537
458,55820,4.0,1227386604
164,2676,4.0,1440814616
224,79592,4.0,1428130903
532,349,4.0,1442000926
303,1372,4.0,975171602
607,1361,4.0,977940883
575,1172,4.0,939925994
600,5013,4.0,1026275605
296,1240,4.0,1085798157
561,1374,4.0,944927727
236,6870,4.0,1167731718
312,261,4.0,828564955
160,4970,4.0,903488953
627,1517,4.0,1237934541
274,1370,4.0,892802259
625,1127,4.0,1085177098
278,4878,4.0,1341367688
336,52973,4.0,1248030081
415,2762,4.0,1341263145
403,2291,4.0,1222682336
531,81834,4.0,1447673082
578,829,4.0,858655854
501,5172,4.0,1042991099
95,1483,4.0,862503342
413,58998,4.0,1312723584
62,1222,4.0,1268781174
137,1,4.0,1223510139
63,2600,4.0,1299696795
47,318,4.0,853361891
627,2924,4.0,1237936623
306,102993,4.0,1449509901
578,840,4.0,858656163
480,608,4.0,1136440638
576,69640,4.0,1445084926
177,2686,4.0,1074043266
60,16,4.0,1162941904
458,41,4.0,953240156
478,527,4.0,1242658093
336,2021,4.0,1262105011
458,2349,4.0,975729324
224,2161,4.0,1390079382
8,808,4.0,858611470
19,5810,4.0,1442282461
532,2671,4.0,1440349949
282,3793,4.0,968959467
380,1197,4.0,1020278145
667,5135,4.0,1082551826
402,599,4.0,1172480320
426,1233,4.0,973997063
179,608,4.0,1056440254
255,955,4.0,1174417718
160,1509,4.0,903815158
575,1669,4.0,939974972
480,2396,4.0,1136649508
87,7143,4.0,1173621832
76,912,4.0,1416613069
397,1258,4.0,979408608
616,2707,4.0,1259845156
568,7361,4.0,1142790390
351,296,4.0,845107225
118,2701,4.0,1045006470
325,53996,4.0,1300117761
567,5956,4.0,1129534736
622,93510,4.0,1447455212
626,3735,4.0,1258662155
668,65216,4.0,1245305054
177,180,4.0,1074044098
52,106100,4.0,1441810490
389,784,4.0,1315058532
310,3105,4.0,1092340638
232,3156,4.0,1277842394
300,2571,4.0,942963419
338,2015,4.0,969762968
57,1206,4.0,1299386565
370,165,4.0,830304068
605,2420,4.0,955376848
71,4896,4.0,1063750009
255,3551,4.0,1174417812
310,2000,4.0,1092223918
573,4155,4.0,1013360944
235,1200,4.0,953831204
113,2804,4.0,1209273256
150,3567,4.0,1042253074
255,2194,4.0,1174421894
213,8493,4.0,1111502728
495,2944,4.0,993840719
458,7091,4.0,1085826289
245,300,4.0,830280894
235,1089,4.0,953751098
317,1644,4.0,1338136412
41,2502,4.0,1067132216
160,1422,4.0,902698752
600,5015,4.0,1024782964
62,1784,4.0,1267426363
163,356,4.0,1168525453
513,5903,4.0,1322787868
456,494,4.0,841937033
192,2856,4.0,1002211018
177,2268,4.0,1074042886
485,2572,4.0,1028843593
106,51662,4.0,1440861148
122,3285,4.0,1024808073
97,95543,4.0,1448958493
137,1641,4.0,1205623291
368,368,4.0,1053358671
458,2000,4.0,975730215
575,5801,4.0,1034602713
560,2115,4.0,1067528821
110,1682,4.0,992249776
210,1967,4.0,1045510282
435,377,4.0,974423627
443,1082,4.0,915224562
600,5124,4.0,1014435938
348,364,4.0,1311170405
192,2453,4.0,1014419818
68,475,4.0,913755148
627,26485,4.0,1237937354
75,5299,4.0,1051070498
590,36708,4.0,1243380976
187,36,4.0,863122552
308,592,4.0,1233208536
303,909,4.0,976124448
461,235,4.0,1193067206
622,79091,4.0,1447054081
154,1653,4.0,888784390
236,1,4.0,1119980188
282,3994,4.0,978472781
218,41285,4.0,1255806265
575,3079,4.0,983115832
277,27156,4.0,1445250091
376,1797,4.0,942188791
109,23,4.0,919146878
668,55106,4.0,1374473796
352,5008,4.0,1032401137
101,2694,4.0,1278885495
210,2893,4.0,1041826239
597,2736,4.0,965154527
600,425,4.0,971297864
108,1091,4.0,944977094
3,500,4.0,841483620
238,4034,4.0,1082122738
616,7438,4.0,1259879519
558,248,4.0,841217054
88,2012,4.0,1040314887
100,3916,4.0,1116728740
541,2560,4.0,1004506303
232,51187,4.0,1278968380
475,442,4.0,1305359450
369,1957,4.0,941391049
83,5989,4.0,1418841832
413,6539,4.0,1235301523
451,3052,4.0,1130471260
337,648,4.0,962606978
38,106642,4.0,1415200479
303,1945,4.0,976124513
63,318,4.0,1299477817
460,370,4.0,1130308002
160,913,4.0,902694625
560,4814,4.0,1067548729
315,111,4.0,1075408998
575,16,4.0,939808124
576,79008,4.0,1445084216
308,1270,4.0,1233208614
176,2700,4.0,965402628
156,239,4.0,885582193
33,1252,4.0,1009740985
458,4331,4.0,1326571580
425,6365,4.0,1077477276
568,4103,4.0,1142791701
600,367,4.0,1014434881
576,3752,4.0,1446414021
633,47,4.0,1140153190
255,4963,4.0,1174415409
190,39,4.0,840451134
87,1387,4.0,1173622252
499,44195,4.0,1278288708
620,5377,4.0,1024596821
555,333,4.0,875314702
113,3039,4.0,1247702371
458,4056,4.0,997135584
134,613,4.0,862764379
597,2033,4.0,965154305
413,78218,4.0,1322831516
236,1884,4.0,1120082561
544,1198,4.0,944942961
475,899,4.0,1432991608
286,2460,4.0,1437596623
551,2,4.0,833097927
224,8798,4.0,1360738053
500,32,4.0,1318399169
89,913,4.0,1328923079
303,3735,4.0,976135733
107,1885,4.0,958160587
599,2617,4.0,1424811391
234,1617,4.0,901930330
590,57640,4.0,1243812992
203,2012,4.0,955137083
668,4720,4.0,1025845340
25,1028,4.0,916664239
668,7333,4.0,1171644755
166,60684,4.0,1439764187
60,6710,4.0,1162941528
213,2018,4.0,1112607903
575,4098,4.0,979762842
303,2186,4.0,976136050
220,3479,4.0,1111831780
575,1288,4.0,939916130
601,2323,4.0,938948474
458,2248,4.0,975731280
655,1961,4.0,1255815067
668,136890,4.0,1436068929
89,1215,4.0,1328923070
487,4750,4.0,1199648333
576,75341,4.0,1445085738
124,319,4.0,1011475455
516,4148,4.0,1001472335
476,55247,4.0,1267547518
586,6016,4.0,1397065485
413,113741,4.0,1443667300
128,4973,4.0,1269991885
109,4018,4.0,1038877036
337,1077,4.0,962608842
137,38038,4.0,1205620846
501,2690,4.0,1042988778
620,50,4.0,1024597672
458,919,4.0,975730732
424,6,4.0,836379122
586,3552,4.0,1397065737
138,300,4.0,835879231
458,3255,4.0,953241007
428,3999,4.0,1105416972
109,1125,4.0,918795779
354,902,4.0,1017931944
192,53993,4.0,1206559031
203,1094,4.0,955135898
569,6870,4.0,1245981577
128,3355,4.0,1266791578
401,56174,4.0,1417253385
552,829,4.0,850495896
668,27821,4.0,1130336854
518,2324,4.0,1439912909
532,91658,4.0,1440345895
354,913,4.0,1030478197
560,4701,4.0,1067533875
460,1247,4.0,1130274484
475,1089,4.0,1305326208
607,5039,4.0,1009944862
235,1633,4.0,953677718
549,1129,4.0,1216531269
38,1208,4.0,1407185629
54,4963,4.0,1146935204
175,1210,4.0,974834555
137,745,4.0,1213459553
24,3461,4.0,963468310
177,2959,4.0,1074041827
308,51077,4.0,1233349271
271,135,4.0,860663403
575,96488,4.0,1358391442
24,1950,4.0,963467622
644,1405,4.0,868190290
519,1200,4.0,1446442931
210,4713,4.0,1041826369
203,593,4.0,955136515
607,1674,4.0,974801292
354,2118,4.0,1017785484
569,48389,4.0,1245983786
328,8874,4.0,1256102486
149,1032,4.0,855909089
164,95167,4.0,1440812041
244,920,4.0,953166990
349,594,4.0,834661611
135,1284,4.0,891655091
163,56782,4.0,1208686909
605,4226,4.0,992902996
102,2501,4.0,975787248
458,43,4.0,953242360
125,4270,4.0,1329423595
54,253,4.0,1146935145
282,161,4.0,959816663
548,2302,4.0,953597305
578,1425,4.0,858656360
54,4701,4.0,1146962376
280,300,4.0,944899293
561,5060,4.0,948000253
303,1304,4.0,976135921
458,4855,4.0,1055064283
66,1285,4.0,961696594
72,112,4.0,877801761
128,4776,4.0,1262125453
349,454,4.0,834661264
428,1215,4.0,1087081475
1,1267,4.0,1217895768
428,2403,4.0,1105415033
458,7162,4.0,1072708768
337,2622,4.0,962607186
409,56251,4.0,1292610908
218,27839,4.0,1255811481
595,786,4.0,863240615
224,317,4.0,1444768899
541,4274,4.0,1004504587
575,97304,4.0,1364229327
245,608,4.0,830280299
32,2003,4.0,903794700
25,1073,4.0,916665480
283,1267,4.0,868265631
482,1694,4.0,974652433
401,296,4.0,1417253564
128,5500,4.0,1262123579
458,92535,4.0,1435743540
530,2212,4.0,1076729968
458,1285,4.0,981927866
428,442,4.0,1105416408
164,1639,4.0,1440813230
656,551,4.0,838777789
462,1422,4.0,862801084
54,5679,4.0,1146941817
345,2206,4.0,1395028561
299,1278,4.0,1290572706
471,1907,4.0,972784405
109,2011,4.0,918797943
321,613,4.0,848666884
235,194,4.0,953677762
108,919,4.0,944964154
122,3519,4.0,1024803419
461,4226,4.0,1179853786
130,1173,4.0,957807989
575,1131,4.0,939916220
544,1393,4.0,945032514
591,1918,4.0,1271093643
128,6003,4.0,1262377740
570,344,4.0,833568124
387,6502,4.0,1369600845
480,1257,4.0,1136986025
636,2311,4.0,939631897
412,27773,4.0,1415279460
292,6377,4.0,1190271600
88,2100,4.0,1040276510
73,1914,4.0,945886228
218,179,4.0,1255817352
641,56801,4.0,1349905012
605,17,4.0,954089095
141,597,4.0,1267891289
266,165,4.0,841655487
24,1234,4.0,963470991
57,81845,4.0,1299381557
608,2296,4.0,1245582770
580,104,4.0,1209466002
272,2037,4.0,952634797
480,1517,4.0,1136441944
211,5079,4.0,1138403170
458,17,4.0,938814043
386,6773,4.0,1223162305
575,4916,4.0,1034285993
412,3745,4.0,1415279466
63,1089,4.0,1299477336
460,1277,4.0,1130278511
490,2020,4.0,1399941195
123,2795,4.0,1075394228
428,2115,4.0,1105414250
397,3418,4.0,979408685
458,1395,4.0,975731649
244,2321,4.0,953168807
198,3148,4.0,959475887
128,1200,4.0,1262380229
600,3585,4.0,1014435955
612,2010,4.0,940517923
164,104243,4.0,1440812316
548,2858,4.0,953597190
192,2058,4.0,1077120531
413,4326,4.0,1306670355
485,5445,4.0,1028840798
38,593,4.0,1406484939
537,1276,4.0,1356396385
665,53129,4.0,1231677679
109,653,4.0,971100704
311,104,4.0,850408090
399,1197,4.0,945151813
402,1416,4.0,1172479414
354,1393,4.0,1017931175
399,353,4.0,945153210
31,588,4.0,832397428
213,2918,4.0,1129881410
160,2133,4.0,903816985
105,368,4.0,857736740
236,58,4.0,1120082526
341,2313,4.0,956685621
560,2410,4.0,1067534272
133,953,4.0,852201242
232,71379,4.0,1277841694
4,947,4.0,950323317
567,1297,4.0,1129534339
513,3793,4.0,1322788277
551,257,4.0,833098192
88,2115,4.0,1180999567
71,5445,4.0,1063749240
555,708,4.0,875314586
130,2022,4.0,941882430
484,8360,4.0,1308769331
458,85736,4.0,1312050695
546,5553,4.0,1036015244
633,1200,4.0,1140152127
628,4886,4.0,1112472227
213,1230,4.0,1111501925
431,590,4.0,839893409
339,1240,4.0,1172019919
54,527,4.0,1146934864
506,357,4.0,1175243441
463,1285,4.0,1274470247
255,1952,4.0,1174420849
573,3952,4.0,1006523481
668,31337,4.0,1277288792
298,7044,4.0,1311697042
365,2085,4.0,1062894355
600,4795,4.0,1014435644
241,48385,4.0,1446918786
423,2763,4.0,1087859360
183,2100,4.0,1381955738
516,358,4.0,1001472060
607,480,4.0,995553912
246,265,4.0,845316593
458,112852,4.0,1416170195
348,5952,4.0,1311170092
383,4022,4.0,1214210769
603,111,4.0,857568815
3,648,4.0,841483842
171,694,4.0,852833961
642,80489,4.0,1439791982
128,61697,4.0,1262995753
30,6377,4.0,1292690364
177,2447,4.0,1074054078
238,6377,4.0,1082061184
607,2794,4.0,974791188
166,48780,4.0,1439762660
63,3980,4.0,1300031844
451,7482,4.0,1130472688
459,500,4.0,845305853
366,1968,4.0,1084816353
238,4835,4.0,1082123486
656,353,4.0,838777806
164,296,4.0,1440811678
450,780,4.0,855738804
434,2804,4.0,1241492303
668,108220,4.0,1394259403
69,6787,4.0,1121089071
354,2094,4.0,965327739
1,110,4.0,1217896150
534,475,4.0,916850069
277,2402,4.0,1445254681
160,1346,4.0,902697002
126,72011,4.0,1269878496
255,1287,4.0,1174421537
274,173,4.0,892802752
574,2858,4.0,1257553608
663,380,4.0,851580375
458,30846,4.0,1139158005
668,1956,4.0,1026442306
88,1777,4.0,1195682109
150,4014,4.0,1042253190
454,592,4.0,833724836
257,337,4.0,1093986394
584,1175,4.0,944925595
555,45,4.0,875314010
399,1321,4.0,945153509
232,88118,4.0,1316119747
376,971,4.0,942188228
303,1376,4.0,977413626
383,5418,4.0,1214210962
380,589,4.0,1020278355
376,1244,4.0,942191522
495,2918,4.0,993842361
569,2321,4.0,1245981541
27,2926,4.0,946234215
29,350,4.0,836818098
183,5952,4.0,1381954758
575,3114,4.0,972397393
192,266,4.0,1247081931
668,106766,4.0,1388615531
597,3363,4.0,965118413
568,39183,4.0,1142792113
162,457,4.0,836675352
276,64614,4.0,1334166230
413,4914,4.0,1332828573
281,474,4.0,992331435
160,580,4.0,903489369
560,3247,4.0,1067537128
23,858,4.0,1420797710
157,442,4.0,916672957
458,4226,4.0,991618834
89,260,4.0,1328925141
546,3475,4.0,1036014353
77,1246,4.0,1085067482
220,1197,4.0,1111498199
46,3480,4.0,954566453
458,4034,4.0,985311598
238,1527,4.0,1082152087
530,593,4.0,1076730600
370,592,4.0,830303993
622,109673,4.0,1447514163
338,3408,4.0,969762023
176,480,4.0,965402961
668,1028,4.0,1025850593
88,48385,4.0,1164340519
380,377,4.0,1020278424
354,3114,4.0,1017785974
578,828,4.0,858655743
206,7090,4.0,1437519418
458,3200,4.0,975731580
364,5367,4.0,1111637476
114,5072,4.0,1452132529
426,1500,4.0,973997708
576,3252,4.0,1449658778
11,904,4.0,850817403
668,3114,4.0,1025861475
87,48696,4.0,1173622860
419,7361,4.0,1447585045
250,6987,4.0,1107162303
668,946,4.0,1025853323
451,4896,4.0,1131664986
469,1213,4.0,865533410
213,3134,4.0,1111502648
25,339,4.0,916665697
41,2395,4.0,1067129801
599,57520,4.0,1424825904
436,47,4.0,837693834
415,55820,4.0,1341544361
137,49272,4.0,1205620679
484,8641,4.0,1308769343
160,353,4.0,902695228
220,2841,4.0,1112608442
337,1196,4.0,962607595
623,1,4.0,848867014
220,4846,4.0,1112609014
137,260,4.0,1210729338
9,16,4.0,842686699
193,1654,4.0,944903481
427,90746,4.0,1329079729
232,1345,4.0,1403681979
347,43376,4.0,1274980746
619,64614,4.0,1445258032
118,4200,4.0,1045006416
458,1759,4.0,944392044
601,326,4.0,938944253
326,280,4.0,844184718
199,1334,4.0,975878383
588,3735,4.0,993876583
337,73,4.0,962605590
546,4777,4.0,1036015772
599,61024,4.0,1424824616
664,76093,4.0,1423496467
461,2334,4.0,1356976941
334,377,4.0,845388677
668,49961,4.0,1180385494
597,3740,4.0,965119082
480,1245,4.0,1159058903
656,317,4.0,838777578
613,587,4.0,833197308
3,457,4.0,841483501
135,942,4.0,891754521
261,7438,4.0,1138112608
236,4226,4.0,1119960896
128,21,4.0,1262377651
303,1259,4.0,975182978
348,1203,4.0,1311169675
367,1198,4.0,865552022
464,266,4.0,1149668304
564,2273,4.0,957925254
451,2617,4.0,1130836499
299,6155,4.0,1290572372
242,1129,4.0,944908550
627,3263,4.0,1237990882
164,216,4.0,1440813949
562,2406,4.0,953422311
615,707,4.0,955128517
109,3697,4.0,971100220
89,329,4.0,1328925326
310,1682,4.0,1092231521
534,1805,4.0,916851040
232,3979,4.0,1277842465
308,481,4.0,1233207674
50,375,4.0,905249159
590,58998,4.0,1336062885
399,1276,4.0,945151475
443,2096,4.0,915219657
402,5445,4.0,1172698040
164,3300,4.0,1440814421
580,2335,4.0,1209466039
88,3481,4.0,1140475033
160,849,4.0,902696573
601,334,4.0,938942255
198,3504,4.0,958686840
29,765,4.0,855377325
232,84601,4.0,1311141120
188,1498,4.0,879097816
66,5222,4.0,1041611405
89,4039,4.0,1328924642
69,3421,4.0,1121088765
218,491,4.0,1255817441
213,2178,4.0,1111580962
469,587,4.0,865534221
421,296,4.0,879858177
381,32,4.0,844074684
615,1203,4.0,955124962
603,263,4.0,860499209
87,1267,4.0,1173623285
458,5617,4.0,1055063505
224,54001,4.0,1390079563
652,1482,4.0,974692641
376,2501,4.0,942186480
578,1041,4.0,858655854
206,4878,4.0,1437518774
622,3624,4.0,1447035101
69,4973,4.0,1121089233
402,47099,4.0,1172603930
160,1028,4.0,902697699
213,3075,4.0,1111502901
275,2612,4.0,1136710327
656,364,4.0,838777534
600,3654,4.0,1018672195
620,5409,4.0,1024596647
63,54259,4.0,1299577582
232,54001,4.0,1277409856
586,3751,4.0,1397069110
348,7438,4.0,1311170344
425,1,4.0,1077441899
367,440,4.0,833395999
627,268,4.0,1237994231
603,916,4.0,860499771
458,148626,4.0,1452014749
137,2804,4.0,1292025756
345,936,4.0,1395025734
161,89745,4.0,1444729635
393,296,4.0,848976473
625,7143,4.0,1085177053
460,1296,4.0,1130278659
642,1270,4.0,1439771182
160,1407,4.0,902696937
597,1288,4.0,965788295
661,1049,4.0,866411228
224,2058,4.0,1420830729
517,32,4.0,851082917
345,82,4.0,1395025618
452,327,4.0,1290764791
235,471,4.0,953850081
413,38886,4.0,1310129550
575,2987,4.0,939925666
513,32,4.0,1322787788
566,1968,4.0,1381620861
575,3614,4.0,957816284
275,1287,4.0,1136709838
164,114180,4.0,1440963148
471,2141,4.0,972783172
205,161,4.0,839438488
460,2028,4.0,1130308118
238,562,4.0,1082123284
238,16,4.0,1082152385
415,2997,4.0,1341263133
501,3087,4.0,1042990987
69,1732,4.0,1121088970
275,6411,4.0,1136713678
213,32596,4.0,1129880941
409,2700,4.0,1292613565
62,47200,4.0,1267577587
610,8798,4.0,1303105365
314,8961,4.0,1448466820
575,1093,4.0,939887857
30,68157,4.0,1292692217
458,3481,4.0,974511077
544,260,4.0,944937637
668,7981,4.0,1261013992
177,2918,4.0,1074042751
128,71732,4.0,1269813104
575,3261,4.0,949702966
105,587,4.0,857736420
559,3298,4.0,1012186902
496,1476,4.0,1185238938
235,1862,4.0,953677181
564,2763,4.0,957925154
603,955,4.0,860499024
422,1466,4.0,1063251778
575,515,4.0,939804216
597,2135,4.0,965181366
192,4025,4.0,1030746702
530,2952,4.0,972346853
600,2948,4.0,1018673103
88,2058,4.0,1054234047
668,60943,4.0,1236365968
160,1457,4.0,902695047
555,300,4.0,875312445
458,3257,4.0,953242950
386,26776,4.0,1223161276
236,593,4.0,1119979684
519,2968,4.0,1446449553
469,292,4.0,865534385
560,2095,4.0,1067535637
32,1485,4.0,914538442
641,786,4.0,1349305567
224,54503,4.0,1359000236
160,269,4.0,903571173
174,8910,4.0,1276657471
574,1291,4.0,1257553750
362,55031,4.0,1270903194
668,42312,4.0,1252531968
163,31410,4.0,1208687282
220,265,4.0,1111994667
458,1214,4.0,938852774
399,1594,4.0,945151083
301,8368,4.0,1317057466
88,3300,4.0,1180892125
597,1099,4.0,965154922
567,36708,4.0,1176229440
253,52241,4.0,1353227732
575,3255,4.0,949702370
140,1054,4.0,850340776
236,2318,4.0,1119991473
488,2126,4.0,910637741
32,1350,4.0,903750352
591,2959,4.0,1281883425
114,58559,4.0,1452130208
384,2398,4.0,1065389222
164,94777,4.0,1440812059
270,2028,4.0,1004085612
232,1676,4.0,1277375264
560,6595,4.0,1067528604
605,2609,4.0,954088731
87,8949,4.0,1173622363
412,832,4.0,1415279574
436,497,4.0,837694155
60,5294,4.0,1162941533
607,1504,4.0,997339621
451,482,4.0,1131346622
415,60069,4.0,1341297597
668,3983,4.0,1026062056
188,1493,4.0,879097172
403,3300,4.0,1222302783
232,59604,4.0,1295150559
417,3543,4.0,956691695
69,1304,4.0,1121284589
613,597,4.0,833195772
164,2126,4.0,1440962801
228,151,4.0,1141170979
580,6378,4.0,1209465512
495,2716,4.0,993842337
228,2428,4.0,1124282169
568,2019,4.0,1142790105
601,1545,4.0,938944068
557,5418,4.0,1284927933
358,1230,4.0,1408189043
637,3770,4.0,983919514
665,593,4.0,1231676857
169,318,4.0,854002499
192,2707,4.0,1059406124
163,1258,4.0,1168527347
560,1385,4.0,1067530958
109,3060,4.0,971087442
668,65091,4.0,1230918649
220,24,4.0,1111995667
305,2529,4.0,995561436
575,4587,4.0,994593734
413,97866,4.0,1368879564
420,2424,4.0,956588821
294,539,4.0,1001985580
668,5135,4.0,1072886891
235,914,4.0,953678695
519,108583,4.0,1446444238
296,1674,4.0,1085798861
522,588,4.0,833477017
62,1641,4.0,1267564238
160,1027,4.0,903570660
569,6787,4.0,1245983779
560,2297,4.0,1067547452
418,923,4.0,1100021049
605,1,4.0,954087671
128,2918,4.0,1325126503
7,47610,4.0,1322065169
31,11,4.0,832397621
627,198,4.0,1237940637
607,1653,4.0,974707152
277,356,4.0,1445249890
232,88812,4.0,1324413738
9,25,4.0,842686567
87,8798,4.0,1173622162
71,5893,4.0,1063749691
128,8371,4.0,1262379834
195,48774,4.0,1250241403
88,4361,4.0,1143676872
467,48780,4.0,1430452967
627,5352,4.0,1237932976
668,6412,4.0,1055704011
198,2407,4.0,958689364
546,4084,4.0,1036015516
575,3219,4.0,949702442
310,541,4.0,1092861825
345,1416,4.0,1395023403
220,1293,4.0,1111995677
109,481,4.0,918643148
605,1672,4.0,954089789
7,1722,4.0,1322063974
232,88,4.0,1277849353
576,4027,4.0,1451765887
422,1025,4.0,1074650456
96,780,4.0,857048677
207,3753,4.0,992198706
555,327,4.0,875314496
176,1552,4.0,965403199
283,475,4.0,868263690
156,378,4.0,885584169
160,1411,4.0,903488995
575,259,4.0,939889866
128,4085,4.0,1262377807
668,85354,4.0,1304652580
575,98526,4.0,1354546321
485,733,4.0,1028842370
668,7221,4.0,1124629380
236,6711,4.0,1119991383
607,2580,4.0,974708880
561,223,4.0,944927042
544,434,4.0,944940909
315,4002,4.0,1099955278
109,4886,4.0,1032853147
443,1953,4.0,915224562
484,2411,4.0,1308769002
544,316,4.0,944947220
255,8228,4.0,1174417133
471,2046,4.0,972781451
530,2010,4.0,1060473837
599,65225,4.0,1424825765
160,364,4.0,902697655
668,7128,4.0,1409288917
170,2858,4.0,1300596447
546,3807,4.0,1036015743
583,2409,4.0,978506814
380,2717,4.0,1020279278
583,694,4.0,978508199
164,96367,4.0,1440812986
224,2005,4.0,1390027332
296,1265,4.0,1085798162
156,553,4.0,886185299
597,2294,4.0,965153841
107,1587,4.0,958164125
426,903,4.0,973995929
469,1274,4.0,865437444
440,1962,4.0,962687016
668,3678,4.0,1025850234
135,1305,4.0,891655360
376,2877,4.0,942591102
203,2951,4.0,955132973
364,2618,4.0,1111637302
422,4448,4.0,1063153271
528,1089,4.0,1252722409
412,2001,4.0,1415279183
124,969,4.0,1011477102
128,4027,4.0,1262377536
380,2453,4.0,1020279586
527,153,4.0,838823369
303,2391,4.0,976999164
128,52281,4.0,1262124487
123,32598,4.0,1155480690
380,4085,4.0,1020278462
88,36529,4.0,1231640903
157,780,4.0,916672982
362,1704,4.0,1270903104
161,6870,4.0,1448699828
534,357,4.0,916850035
576,96079,4.0,1448156216
576,6947,4.0,1448938175
458,4465,4.0,1055064174
107,2231,4.0,958165164
128,37384,4.0,1287295008
62,63033,4.0,1267427523
128,2890,4.0,1262157614
146,1012,4.0,944927798
213,1388,4.0,1112242181
560,2478,4.0,1067536976
425,7361,4.0,1083867923
50,1197,4.0,904746097
575,33660,4.0,1145798921
213,2005,4.0,1112608059
438,1721,4.0,1224530610
646,3793,4.0,1093701066
199,2530,4.0,975878383
213,832,4.0,1129881505
458,3505,4.0,975729350
575,523,4.0,939812546
443,920,4.0,915219159
566,1967,4.0,1381620851
499,1291,4.0,1289513887
160,2068,4.0,903570144
387,79695,4.0,1369600683
160,369,4.0,903571142
389,5218,4.0,1319160873
568,2336,4.0,1142790190
244,85,4.0,953167646
387,61132,4.0,1369600359
451,2413,4.0,1131347130
458,1394,4.0,938876697
627,6714,4.0,1237939747
458,373,4.0,953240156
232,45726,4.0,1277850861
135,1069,4.0,891662143
568,40819,4.0,1142797493
242,2174,4.0,944907874
299,296,4.0,1290572742
228,3175,4.0,1124124583
501,4973,4.0,1042989522
308,59784,4.0,1233208083
617,26005,4.0,1225248405
158,60766,4.0,1241891027
475,57528,4.0,1305329630
522,62,4.0,833477625
387,3052,4.0,1334964618
243,454,4.0,833624487
444,153,4.0,833531381
615,1213,4.0,955125179
160,1245,4.0,901155307
451,2987,4.0,1130494539
427,293,4.0,1329765364
232,6659,4.0,1277841245
102,3285,4.0,975429527
352,348,4.0,1006317588
168,5299,4.0,1159410509
495,914,4.0,993844174
575,3871,4.0,966610660
458,2947,4.0,975729981
294,1036,4.0,1001985829
244,341,4.0,953168626
147,3175,4.0,986112739
561,786,4.0,944929420
460,2058,4.0,1130278530
597,1367,4.0,965118077
71,4973,4.0,1063748926
668,70670,4.0,1279866146
361,62,4.0,834834514
137,5945,4.0,1223512086
295,588,4.0,837884548
475,1732,4.0,1305328550
399,1261,4.0,945150957
461,3176,4.0,1193066488
567,555,4.0,1129522489
315,3093,4.0,969731577
65,6,4.0,835490791
224,27904,4.0,1425333789
220,6502,4.0,1111758014
423,1,4.0,1087859733
495,1234,4.0,993843354
196,316,4.0,834707294
275,7085,4.0,1136711561
607,2394,4.0,974709088
28,708,4.0,884098350
31,111,4.0,832397581
79,912,4.0,1227242635
590,5218,4.0,1243381523
458,924,4.0,975729229
303,1252,4.0,975171930
411,380,4.0,833711421
588,2791,4.0,995645641
422,5991,4.0,1063251455
475,26082,4.0,1348609636
575,48516,4.0,1162830627
180,924,4.0,1180848778
161,8781,4.0,1448699883
668,113240,4.0,1447644881
469,1207,4.0,865534057
18,2700,4.0,1107364289
349,17,4.0,834661403
607,1466,4.0,974713585
584,2068,4.0,945275780
128,86574,4.0,1343260129
235,587,4.0,953741033
268,3911,4.0,1227220705
32,599,4.0,903749936
202,3844,4.0,1174785071
430,253,4.0,833993417
354,3622,4.0,1017785331
303,3253,4.0,975183316
668,4022,4.0,1025846974
207,3360,4.0,992197643
87,31116,4.0,1173623357
330,1408,4.0,1053307856
109,2012,4.0,918644226
383,5445,4.0,1214210564
413,6214,4.0,1386409934
107,2467,4.0,958160043
196,376,4.0,834707772
458,4321,4.0,1226095315
124,2384,4.0,1011477938
662,2301,4.0,945176385
612,2311,4.0,940518278
177,5349,4.0,1074042812
575,3811,4.0,1075117197
380,2640,4.0,1020279391
486,2357,4.0,1231902971
109,3175,4.0,1004718570
461,1089,4.0,1179854518
426,1198,4.0,973996937
605,1956,4.0,955399811
177,1197,4.0,1074042826
656,588,4.0,838777437
235,2571,4.0,953676939
164,4448,4.0,1440813407
231,2746,4.0,1321055140
568,2064,4.0,1142790358
493,1136,4.0,1218329840
69,1259,4.0,1121089458
224,97752,4.0,1393132339
313,596,4.0,1263518580
543,2541,4.0,995891432
309,4963,4.0,1293927526
650,2059,4.0,965503141
409,4896,4.0,1292613552
499,44191,4.0,1278289078
5,4306,4.0,1303500512
668,5316,4.0,1029164893
220,6385,4.0,1111757543
576,6548,4.0,1446408387
575,2359,4.0,939975227
192,6303,4.0,1059407535
102,3160,4.0,975430280
459,288,4.0,845305815
160,253,4.0,901155158
308,1200,4.0,1233208765
352,3252,4.0,1006317546
668,5300,4.0,1217459234
69,3104,4.0,1121088802
668,1344,4.0,1025848761
605,3993,4.0,979003807
354,2912,4.0,965329361
461,5225,4.0,1193063787
143,204,4.0,841222033
242,1019,4.0,944908550
592,52319,4.0,1447971952
458,3701,4.0,975779446
516,2470,4.0,1001472335
650,60,4.0,965502871
41,223,4.0,1067131891
422,163,4.0,1075070186
107,2245,4.0,958165358
458,89753,4.0,1330634777
228,5903,4.0,1124125958
415,1213,4.0,1341544225
130,1464,4.0,941883364
440,3604,4.0,962679030
272,1,4.0,952634510
88,594,4.0,1040315227
555,544,4.0,875314229
326,300,4.0,844184008
88,80489,4.0,1293407112
331,2161,4.0,1138984490
113,50685,4.0,1217905399
14,1367,4.0,851766620
614,6377,4.0,1416813140
402,52328,4.0,1180214547
198,3481,4.0,958686650
480,1784,4.0,1136441936
88,4084,4.0,1143594805
62,2395,4.0,1268792162
314,60069,4.0,1449802868
607,1197,4.0,974785711
598,34405,4.0,1270497493
418,1278,4.0,1100030881
403,2571,4.0,1222301341
38,4027,4.0,1406485069
161,90746,4.0,1448623148
354,2712,4.0,1017843618
220,5952,4.0,1111498053
418,1198,4.0,1100030531
235,270,4.0,953741208
291,2490,4.0,967487662
345,1281,4.0,1395025017
228,1265,4.0,1124278548
622,140715,4.0,1447458122
607,2844,4.0,974714736
668,1704,4.0,1025856562
399,2243,4.0,945155142
432,1100,4.0,957671145
354,2268,4.0,1017843453
19,31410,4.0,1442282547
315,2948,4.0,1091658622
637,2118,4.0,983920012
250,497,4.0,1107161202
154,1407,4.0,888784558
632,60069,4.0,1388949807
69,1,4.0,1121088512
22,4306,4.0,1111573426
421,1203,4.0,879858300
207,474,4.0,992198369
310,4318,4.0,1092228393
155,596,4.0,945102295
228,2193,4.0,1141172550
232,6502,4.0,1277372545
147,1249,4.0,986111112
232,4748,4.0,1279523262
434,3755,4.0,1241407326
203,2094,4.0,955137083
626,64622,4.0,1258664860
399,1653,4.0,945154304
668,64839,4.0,1242522815
602,4874,4.0,1105451299
247,95875,4.0,1451289596
458,36529,4.0,1135455826
255,2117,4.0,1174416706
18,1573,4.0,1108296740
290,196,4.0,1405038502
192,3113,4.0,1002210633
564,1257,4.0,957927266
559,3897,4.0,1012186758
135,1258,4.0,891655190
440,2889,4.0,962682222
157,1220,4.0,916673439
213,6870,4.0,1111504042
668,61240,4.0,1238100667
66,608,4.0,961685365
530,1518,4.0,945144112
71,1923,4.0,1063748499
232,61132,4.0,1277839387
228,1036,4.0,1124123311
24,1221,4.0,963470071
220,8879,4.0,1111757404
469,838,4.0,865534693
588,3363,4.0,993876507
607,1880,4.0,974802340
422,919,4.0,1074651219
150,3882,4.0,1042253236
177,1845,4.0,1074043632
244,1094,4.0,953167073
575,3525,4.0,956065609
41,2762,4.0,1067131299
63,69122,4.0,1299504641
244,1396,4.0,953169174
194,4022,4.0,1364056260
451,2000,4.0,1130495562
28,497,4.0,884099459
331,364,4.0,1138983129
417,260,4.0,956692138
109,1461,4.0,918804006
341,36,4.0,956685822
185,2890,4.0,1099686771
605,2312,4.0,955376694
179,6539,4.0,1082805099
163,1729,4.0,1168524042
418,903,4.0,1100030879
410,4226,4.0,1144362228
255,40826,4.0,1174422269
164,4008,4.0,1440965007
650,2617,4.0,965502597
244,28,4.0,953168362
150,4886,4.0,1114904481
428,1527,4.0,1087081733
576,5900,4.0,1449658810
413,2762,4.0,1396432980
268,954,4.0,1227219684
542,43832,4.0,1412229146
63,49272,4.0,1299478476
232,112085,4.0,1408150516
443,940,4.0,915220274
261,4223,4.0,1138112736
170,111759,4.0,1439779343
174,2542,4.0,1276659066
636,1584,4.0,939631897
177,1735,4.0,1074053926
631,1810,4.0,943354543
220,1215,4.0,1111757787
574,2231,4.0,1257554267
60,1291,4.0,1162941978
413,92008,4.0,1345337684
30,2355,4.0,1292690327
213,555,4.0,1129881541
668,70342,4.0,1269918494
224,34162,4.0,1358839854
475,3272,4.0,1357398582
315,592,4.0,1075409215
17,6986,4.0,1234032986
32,1230,4.0,903226315
152,2338,4.0,1317152628
597,2987,4.0,965788322
235,1271,4.0,953677812
192,2166,4.0,1077121092
549,3639,4.0,1216529243
131,3668,4.0,962763428
214,2423,4.0,1059599960
146,1345,4.0,944927999
383,1265,4.0,1214210248
315,3959,4.0,1075409009
458,56367,4.0,1227993725
128,8037,4.0,1420314004
578,832,4.0,858655380
275,2180,4.0,1136711225
158,595,4.0,1241296549
480,296,4.0,1136441522
177,4979,4.0,1074043970
348,4148,4.0,1311171710
422,2857,4.0,1071612229
164,129354,4.0,1440963149
88,4085,4.0,1053535644
603,1269,4.0,857568881
220,8010,4.0,1112608422
150,3851,4.0,1042254366
623,1393,4.0,852058455
4,296,4.0,950323526
16,367,4.0,842888317
249,3421,4.0,1311817266
607,4571,4.0,994710098
560,3017,4.0,1067545337
403,1136,4.0,1224525368
248,4487,4.0,1013780402
485,356,4.0,1028840756
607,2115,4.0,1014095751
422,1967,4.0,1080775453
458,27773,4.0,1351266570
115,2470,4.0,1364195357
158,1370,4.0,1241067152
512,7757,4.0,1254432256
353,273,4.0,844639893
475,92920,4.0,1384981535
399,1376,4.0,945153174
260,39,4.0,847822724
601,535,4.0,938943175
469,391,4.0,865534406
378,2497,4.0,957663231
118,207,4.0,1045334303
531,595,4.0,1447687626
259,6867,4.0,1079617087
632,31,4.0,1388949240
668,2018,4.0,1025848511
575,1425,4.0,939888269
576,81845,4.0,1449449768
668,97938,4.0,1360821130
403,1127,4.0,1224525545
575,3370,4.0,952402254
232,45499,4.0,1277409939
177,4344,4.0,1074054204
615,41,4.0,955125643
32,1249,4.0,906858822
399,904,4.0,945151356
161,55276,4.0,1446788135
387,64969,4.0,1301403650
598,8914,4.0,1270497455
164,31696,4.0,1440813651
590,60040,4.0,1243812995
255,1197,4.0,1174417839
544,3168,4.0,944937601
28,647,4.0,884098251
506,1090,4.0,1175244038
228,1061,4.0,1124124148
668,47894,4.0,1185648166
118,3753,4.0,1045003962
228,4621,4.0,1141175058
255,933,4.0,1174417665
213,2068,4.0,1112243010
232,79134,4.0,1279478235
267,1966,4.0,968990077
71,2302,4.0,1063748333
192,3363,4.0,1059406303
560,4544,4.0,1067537867
238,3019,4.0,1082123520
292,7802,4.0,1190271540
211,8009,4.0,1138403186
515,6539,4.0,1451794432
605,261,4.0,955375346
575,5812,4.0,1093267325
69,589,4.0,1121088615
213,8042,4.0,1111503522
402,3996,4.0,1172347204
60,2144,4.0,1162941782
476,4262,4.0,1267549060
189,908,4.0,1195628400
352,965,4.0,1025711725
234,1090,4.0,901932057
177,2916,4.0,1074044396
588,918,4.0,995766965
98,2076,4.0,955175196
428,6874,4.0,1105414225
668,4174,4.0,1025853609
234,377,4.0,901931504
192,2070,4.0,1002211604
588,1,4.0,995645431
422,3081,4.0,1063253965
244,947,4.0,953172039
213,1222,4.0,1111501956
521,2294,4.0,1351087669
160,81,4.0,902695365
220,5902,4.0,1112609001
151,832,4.0,864684568
242,3,4.0,945672341
504,112552,4.0,1447973458
562,70,4.0,953423275
161,1221,4.0,1446976086
160,118,4.0,902695408
48,3897,4.0,1081162523
232,82059,4.0,1307342417
147,1299,4.0,986111306
139,3967,4.0,1095887172
563,1747,4.0,1112205193
485,497,4.0,1028841600
541,2871,4.0,1004507990
22,5952,4.0,1111576057
569,8636,4.0,1245982467
280,2688,4.0,951806304
634,3481,4.0,1188447158
309,5418,4.0,1293925976
549,1729,4.0,1219553856
668,91630,4.0,1324662719
626,40629,4.0,1258664170
469,548,4.0,865533692
599,1198,4.0,1424811178
232,6484,4.0,1278820147
588,2863,4.0,994721536
164,423,4.0,1440814521
575,4848,4.0,1019305648
600,1282,4.0,1018672824
242,1517,4.0,945671365
633,8368,4.0,1140152299
113,34,4.0,1209265216
69,529,4.0,1121088753
7,1527,4.0,1322063097
633,1198,4.0,1140152017
458,2942,4.0,975780701
201,5459,4.0,1027310536
574,48394,4.0,1257554217
164,303,4.0,1440813984
417,1278,4.0,956692306
661,376,4.0,866410051
628,1517,4.0,1112465708
590,104,4.0,1247599103
415,1704,4.0,1341544195
31,282,4.0,832397581
211,2640,4.0,1138401861
502,5956,4.0,1062968700
2,1356,4.0,859047091
403,6820,4.0,1290723096
160,86,4.0,901155199
164,43936,4.0,1440814224
344,2310,4.0,1079416363
569,55290,4.0,1245983793
352,2730,4.0,1006558810
588,1269,4.0,995645431
583,1090,4.0,978426171
348,1265,4.0,1311170528
271,32,4.0,860663246
413,127208,4.0,1446728282
605,3102,4.0,955376736
423,2762,4.0,1087859962
348,1193,4.0,1311170890
321,527,4.0,848665719
218,434,4.0,1255817961
69,1104,4.0,1121104654
627,4981,4.0,1237940097
512,555,4.0,1254433747
160,1101,4.0,902694962
210,2313,4.0,1041825754
123,4474,4.0,1155479762
109,838,4.0,971173407
123,4041,4.0,1075394426
584,488,4.0,944924164
352,1810,4.0,1006317683
31,208,4.0,832397518
411,592,4.0,833711421
607,1873,4.0,974801639
371,509,4.0,841274863
228,5015,4.0,1141171036
173,431,4.0,954597026
331,3549,4.0,1138983789
232,87520,4.0,1309757202
235,1680,4.0,953677830
147,2917,4.0,986111147
232,43921,4.0,1288217708
605,1271,4.0,954089906
460,6503,4.0,1130302951
586,1258,4.0,1397070107
24,1303,4.0,963472784
192,3361,4.0,1171559992
87,923,4.0,1173623427
299,2716,4.0,1292892986
255,300,4.0,1174416281
224,1230,4.0,1420795370
143,589,4.0,841221881
458,2174,4.0,975731261
604,99114,4.0,1448883202
352,500,4.0,1006318294
495,2951,4.0,993844225
303,1248,4.0,975182939
164,2387,4.0,1440962987
160,2045,4.0,903570184
597,1345,4.0,965154725
53,204,4.0,1285956069
575,97870,4.0,1363373813
48,368,4.0,1081162581
27,2973,4.0,946233944
345,527,4.0,1395023758
10,4880,4.0,1318896693
575,2245,4.0,939916416
599,31410,4.0,1424813877
586,6539,4.0,1397070143
107,372,4.0,958165634
600,2054,4.0,1018671665
576,7102,4.0,1446943346
331,1967,4.0,1138984690
426,2291,4.0,973997684
84,68554,4.0,1437660517
345,911,4.0,1395025006
586,2791,4.0,1397069054
315,5475,4.0,1075409350
135,1234,4.0,891655395
213,6975,4.0,1111503021
555,490,4.0,875313154
541,1221,4.0,1004504574
354,2037,4.0,1017931370
390,153,4.0,828804252
537,4223,4.0,1356407398
122,457,4.0,1024805428
516,3527,4.0,1001472244
538,4487,4.0,1034122698
312,592,4.0,828564954
315,2193,4.0,951717326
376,1199,4.0,942188386
259,353,4.0,997801901
435,2278,4.0,974423588
535,59315,4.0,1432618791
569,5349,4.0,1245978814
160,838,4.0,902695181
606,85414,4.0,1448040584
461,60069,4.0,1230541742
263,2396,4.0,916233211
607,1566,4.0,974711952
403,3499,4.0,1222303394
615,1161,4.0,955125586
232,742,4.0,1278820164
354,1186,4.0,1017785408
363,1347,4.0,947644988
45,8207,4.0,1149373822
428,7481,4.0,1087081976
634,8405,4.0,1188447172
189,7894,4.0,1170026700
203,2115,4.0,955133023
541,2641,4.0,1004507537
66,235,4.0,961685594
583,2421,4.0,978507574
4,1185,4.0,950323796
69,2791,4.0,1121088492
401,106782,4.0,1417251956
451,110102,4.0,1410693950
555,1347,4.0,875313511
461,8950,4.0,1334188360
109,2340,4.0,971093929
228,44191,4.0,1233250755
537,1610,4.0,1356396533
228,7570,4.0,1141172089
206,3000,4.0,1437526319
600,3545,4.0,969754039
555,1101,4.0,875312702
387,1275,4.0,1378064058
575,2402,4.0,939926645
625,1726,4.0,1085176050
1,47,4.0,1217896556
261,778,4.0,1138113154
255,1276,4.0,1174417740
583,490,4.0,978505687
668,2726,4.0,1025849459
107,1214,4.0,958155687
575,1220,4.0,939926403
161,5378,4.0,1446722933
404,5481,4.0,1266117707
228,1517,4.0,1124122777
37,8542,4.0,1113691019
613,261,4.0,830716953
602,6934,4.0,1105451906
601,1187,4.0,938943351
326,225,4.0,844184062
575,514,4.0,939812922
622,8874,4.0,1447965674
655,46972,4.0,1255634381
451,3507,4.0,1130472812
413,2572,4.0,1313161494
422,1784,4.0,1074649690
267,260,4.0,968988872
576,39435,4.0,1450567755
475,507,4.0,1305363055
331,2139,4.0,1138985078
456,370,4.0,841936489
228,3869,4.0,1141170369
413,89774,4.0,1354582909
188,193,4.0,879100730
607,800,4.0,983703284
656,151,4.0,838777702
177,6537,4.0,1074043471
487,135,4.0,1199648092
499,4019,4.0,1277425637
628,1411,4.0,1112466193
383,5349,4.0,1214210661
534,493,4.0,916850505
509,2011,4.0,1088440061
118,3717,4.0,1045005805
422,6707,4.0,1068955525
156,445,4.0,885584798
590,4623,4.0,1244737210
315,3328,4.0,1084223768
443,952,4.0,915221776
158,30749,4.0,1241060908
232,165,4.0,1277374556
261,2022,4.0,1138113672
584,1089,4.0,944923787
160,587,4.0,902695660
579,1620,4.0,881063469
607,353,4.0,974710952
218,7153,4.0,1258390220
164,80398,4.0,1440812852
130,1080,4.0,996627759
218,7577,4.0,1258134201
160,2081,4.0,902694822
177,471,4.0,1074043866
668,92422,4.0,1339090515
137,1148,4.0,1213459570
492,50,4.0,835505926
605,1272,4.0,955377312
224,2431,4.0,1420795305
405,2916,4.0,1296441904
564,349,4.0,957924978
551,432,4.0,833097830
294,1968,4.0,1001985541
574,8914,4.0,1339817127
244,2155,4.0,953172247
418,2797,4.0,1100021016
451,5765,4.0,1131360693
475,93700,4.0,1348609572
387,8528,4.0,1369603584
591,2762,4.0,1281986037
451,1127,4.0,1130836530
352,1188,4.0,1027142241
164,2302,4.0,1440964198
662,1544,4.0,945175197
387,329,4.0,1300088026
235,1527,4.0,953676980
192,587,4.0,1077120568
177,1393,4.0,1074042896
399,1235,4.0,945151781
203,3247,4.0,955137452
31,16,4.0,832397760
61,1218,4.0,1059007369
524,1527,4.0,993243592
539,2746,4.0,1033519764
187,1380,4.0,863205901
600,2355,4.0,1018672894
632,1015,4.0,1388950792
150,1198,4.0,1042250858
73,448,4.0,945886228
568,37729,4.0,1142796027
118,257,4.0,1045087246
421,1593,4.0,879856970
88,72998,4.0,1398563025
87,1240,4.0,1173621208
484,1968,4.0,1308770269
365,1,4.0,1062894263
202,597,4.0,1174785722
192,2081,4.0,1247082296
232,88140,4.0,1313563529
590,7373,4.0,1243813003
458,3117,4.0,978750673
283,36,4.0,868262072
322,3264,4.0,1030115804
160,440,4.0,902695047
549,2115,4.0,1216529978
461,71484,4.0,1334187835
544,736,4.0,945032966
164,2447,4.0,1440814368
428,2951,4.0,1105414272
578,1354,4.0,858656117
514,2572,4.0,1337390940
428,1754,4.0,1105416008
430,32,4.0,833993544
426,1212,4.0,973995929
163,1233,4.0,1208687625
187,372,4.0,863206207
564,1500,4.0,957925604
344,2804,4.0,1079415872
589,35836,4.0,1420582905
575,2883,4.0,964354968
402,5679,4.0,1172401436
397,1198,4.0,979408529
410,1747,4.0,1133450391
438,48394,4.0,1224531741
244,955,4.0,953172147
428,2094,4.0,1105416744
574,44191,4.0,1342411452
570,165,4.0,833568124
299,4306,4.0,1292892687
192,1784,4.0,1163460604
541,2334,4.0,1004508382
233,356,4.0,835096064
427,1237,4.0,1329765618
128,253,4.0,1418524786
597,1835,4.0,965154972
352,2921,4.0,1006559099
149,198,4.0,835535852
555,1321,4.0,875313719
422,2125,4.0,1064794892
326,349,4.0,844183888
475,97923,4.0,1385497171
551,592,4.0,833097575
560,1835,4.0,1067547531
560,70,4.0,1067534280
348,48394,4.0,1311171583
662,164,4.0,945178426
600,1267,4.0,1005450766
402,44665,4.0,1175019063
402,50068,4.0,1173517666
229,103335,4.0,1439444938
209,457,4.0,1013138239
132,1635,4.0,903035246
448,1198,4.0,1439501288
425,2918,4.0,1077442448
198,1961,4.0,958688306
596,2612,4.0,1048835473
180,5464,4.0,1180912813
329,4161,4.0,1010112479
319,1126,4.0,1402406811
575,4546,4.0,998686102
213,4262,4.0,1111503556
1,4306,4.0,1217895903
211,4805,4.0,1138402952
192,852,4.0,1247082713
147,589,4.0,986110855
480,1641,4.0,1136441126
668,5660,4.0,1374179932
338,2753,4.0,969762387
424,161,4.0,836381816
329,110,4.0,1009671174
600,2662,4.0,1018673135
578,1453,4.0,858656400
220,4693,4.0,1111832061
461,35836,4.0,1193066627
145,262,4.0,955414433
668,176,4.0,1026785299
615,2239,4.0,955125510
399,2395,4.0,945151758
402,8961,4.0,1172346977
607,4016,4.0,979339130
560,5882,4.0,1067534801
123,4447,4.0,1075394933
124,2390,4.0,1006895422
567,2792,4.0,1176229750
489,223,4.0,971348174
218,1391,4.0,1255807338
22,8010,4.0,1111574892
137,72641,4.0,1274730266
458,5992,4.0,1070610226
393,377,4.0,848976588
590,2572,4.0,1243370612
192,54276,4.0,1206559000
262,1,4.0,1183002018
567,674,4.0,1129697823
323,1203,4.0,1429968584
109,4896,4.0,1007138430
315,3198,4.0,1091658226
665,5952,4.0,1231677134
628,1240,4.0,1112465881
378,1952,4.0,957662713
285,86,4.0,974036582
640,107,4.0,860492281
20,48780,4.0,1289758151
354,1193,4.0,965328915
578,1429,4.0,858656163
584,2151,4.0,945278225
567,4973,4.0,1176228592
458,1950,4.0,981927866
613,440,4.0,833195015
192,1247,4.0,1059406222
461,4682,4.0,1242373822
475,89745,4.0,1335559320
469,780,4.0,865436260
232,76030,4.0,1296462692
242,2762,4.0,955352680
128,88593,4.0,1326077688
474,59387,4.0,1323391042
160,832,4.0,903570001
310,3535,4.0,1091955384
668,49822,4.0,1227537517
531,2761,4.0,1447689045
668,78715,4.0,1400738739
525,3510,4.0,961784991
469,778,4.0,865436397
202,3524,4.0,1174785050
248,2411,4.0,1013780098
113,5388,4.0,1209273050
575,52241,4.0,1195484397
6,41573,4.0,1348693455
667,1393,4.0,1082552692
146,1704,4.0,944926739
458,26349,4.0,1333264117
164,34162,4.0,1440964280
303,1212,4.0,976124650
366,4993,4.0,1084996823
196,648,4.0,834707270
458,2929,4.0,975780158
532,7373,4.0,1440349945
402,1587,4.0,1172479093
422,5103,4.0,1071634230
458,308,4.0,938814206
475,2792,4.0,1305330988
32,1028,4.0,903749987
19,5152,4.0,1442282654
493,53024,4.0,1290972417
641,58559,4.0,1349304155
118,3178,4.0,1045005988
668,3685,4.0,1025854819
137,5060,4.0,1205621694
187,344,4.0,863204792
71,2288,4.0,1063749652
198,335,4.0,958689123
210,1247,4.0,1045510093
634,903,4.0,1188438636
605,593,4.0,955374458
156,234,4.0,885584327
619,117176,4.0,1445258358
474,4643,4.0,1323044999
250,5013,4.0,1107160241
228,1792,4.0,1141173613
66,2504,4.0,961688083
157,2006,4.0,916673400
458,1392,4.0,1088684851
580,58803,4.0,1209462074
354,1955,4.0,1017759046
266,457,4.0,841655536
228,2379,4.0,1141171431
662,368,4.0,945179516
160,389,4.0,902695555
250,2138,4.0,1107162338
543,3793,4.0,995891818
255,2313,4.0,1174417760
102,2396,4.0,975430369
192,1401,4.0,1077120872
476,64614,4.0,1267547523
576,1961,4.0,1447000997
235,1240,4.0,953831204
568,1243,4.0,1142791149
387,69122,4.0,1334964534
526,2701,4.0,1044311562
27,1136,4.0,946234011
668,31851,4.0,1247899985
574,6539,4.0,1257553104
575,3481,4.0,973009580
213,2294,4.0,1129881852
413,1291,4.0,1231559437
177,2324,4.0,1074298534
149,194,4.0,835536667
485,5066,4.0,1028841050
213,7153,4.0,1111498549
274,296,4.0,892801970
88,57640,4.0,1216046834
607,2841,4.0,974709154
244,2565,4.0,953170796
668,45537,4.0,1382288078
98,2683,4.0,955174882
461,1249,4.0,1223545655
542,4036,4.0,1438507359
50,549,4.0,904745372
277,6502,4.0,1445255778
232,93270,4.0,1347650105
83,648,4.0,1418838249
376,1611,4.0,942185990
354,1248,4.0,965328858
596,5015,4.0,1048835537
137,1302,4.0,1205623243
235,3264,4.0,953850382
375,5060,4.0,1046194479
343,5218,4.0,1196305032
203,2527,4.0,955136960
664,72998,4.0,1423496635
556,1391,4.0,862828849
124,1970,4.0,1011476269
164,43921,4.0,1440814345
113,1307,4.0,1209267283
413,113862,4.0,1421669039
231,2139,4.0,1321056421
566,99114,4.0,1381620952
633,1196,4.0,1140152069
575,6593,4.0,1079448156
56,3448,4.0,1007070783
198,5060,4.0,958690093
458,25999,4.0,1156141520
561,2706,4.0,944926811
575,2708,4.0,960209659
135,1206,4.0,891662311
597,1327,4.0,965118491
562,2989,4.0,953422311
642,58025,4.0,1451475073
358,466,4.0,1408189206
44,32,4.0,1225240138
362,2028,4.0,1270903118
397,3296,4.0,979409177
458,2186,4.0,975729163
619,2692,4.0,1445258340
62,30810,4.0,1269332189
471,3259,4.0,972414925
218,587,4.0,1258390446
603,1238,4.0,860498920
139,1094,4.0,1095886189
79,2115,4.0,1227242803
112,1253,4.0,956590883
587,356,4.0,846184097
224,3424,4.0,1390027177
519,8340,4.0,1446443384
376,918,4.0,942576987
634,2997,4.0,1188447528
245,21,4.0,830280299
157,1200,4.0,916672880
213,2917,4.0,1111502837
662,81,4.0,945180042
213,1029,4.0,1112607919
478,7395,4.0,1242657596
3,36,4.0,841483842
524,3753,4.0,993243195
308,2328,4.0,1233296979
359,61323,4.0,1401326213
283,1301,4.0,868266599
601,2243,4.0,938948165
235,1393,4.0,953677762
126,5015,4.0,1269877334
46,1387,4.0,954567020
232,102123,4.0,1393643372
584,2470,4.0,945277594
633,912,4.0,1140152109
599,78467,4.0,1424825859
352,1254,4.0,1006316437
380,1080,4.0,1020278227
666,757,4.0,1021279715
32,709,4.0,903794624
4,1945,4.0,950323141
467,109487,4.0,1430452683
113,3114,4.0,1209265334
161,1196,4.0,1445848695
93,628,4.0,862554900
128,6708,4.0,1262158304
210,3363,4.0,1041825850
397,1682,4.0,979409177
541,2433,4.0,1004506080
164,431,4.0,1440813940
668,4217,4.0,1025889145
668,110,4.0,1195689399
301,303,4.0,1317056888
110,913,4.0,992248524
188,349,4.0,879100005
354,2501,4.0,965329026
9,194,4.0,842687061
336,1291,4.0,1248029687
47,279,4.0,853362153
244,2916,4.0,953167948
303,951,4.0,975171558
345,3083,4.0,1395025564
458,521,4.0,953242591
399,913,4.0,945153300
314,106489,4.0,1448466912
560,2879,4.0,1067530931
267,3169,4.0,968990474
453,924,4.0,859325763
668,26078,4.0,1450674416
600,1233,4.0,969754384
552,24,4.0,850496167
413,27831,4.0,1309690295
188,587,4.0,879101868
242,357,4.0,944903898
428,1573,4.0,1087081946
109,4812,4.0,1004718818
399,1345,4.0,945152556
139,5991,4.0,1095887285
22,6711,4.0,1111576029
166,593,4.0,1439761431
193,2628,4.0,944902156
163,750,4.0,1168526378
483,99112,4.0,1387205601
315,2454,4.0,951717008
234,1272,4.0,901930509
16,589,4.0,842888247
285,2716,4.0,974036381
382,41566,4.0,1322873348
560,2540,4.0,1067548586
382,7458,4.0,1322872235
166,5989,4.0,1439762590
75,2571,4.0,1051245809
389,41573,4.0,1317514022
241,71535,4.0,1446918850
617,6857,4.0,1225247475
352,2794,4.0,1025710567
458,52,4.0,953240520
174,1278,4.0,1276655580
220,1617,4.0,1111757256
615,1169,4.0,955128274
220,6552,4.0,1112707474
315,4653,4.0,996353670
97,5378,4.0,1448956083
241,3578,4.0,1446670685
308,2324,4.0,1233527208
220,2706,4.0,1111994508
164,3298,4.0,1440814411
102,1639,4.0,975787331
584,2802,4.0,945278308
308,2959,4.0,1233208685
584,1730,4.0,944926318
232,77307,4.0,1297582871
611,928,4.0,1368126010
122,4571,4.0,1024805184
122,1240,4.0,1024805394
588,432,4.0,995766903
461,1231,4.0,1193063778
102,3173,4.0,975787987
628,5669,4.0,1112472271
32,1345,4.0,903750389
177,1674,4.0,1074044274
198,2987,4.0,958689961
376,2109,4.0,942192521
354,357,4.0,1017844490
325,5015,4.0,1300117804
495,2947,4.0,993844088
352,4034,4.0,1006557652
460,3633,4.0,1130303005
303,971,4.0,976135794
175,2858,4.0,974835459
486,64285,4.0,1231903977
187,648,4.0,863122452
387,6863,4.0,1369600415
607,3213,4.0,974705736
150,5937,4.0,1042255542
625,4887,4.0,1085176903
502,303,4.0,1062968670
434,281,4.0,1241492756
244,1393,4.0,953166471
25,2378,4.0,916666230
419,480,4.0,1447594745
458,68358,4.0,1325879548
228,3785,4.0,1141173270
86,44191,4.0,1450071745
598,3809,4.0,1270496915
147,1580,4.0,986112831
440,1375,4.0,962679541
296,348,4.0,1085798838
236,1127,4.0,1119961322
157,1270,4.0,916672821
325,1027,4.0,1300116439
568,1293,4.0,1142790145
176,2788,4.0,965402215
372,6155,4.0,1111666459
101,2028,4.0,1278885991
111,589,4.0,847916700
62,509,4.0,1268792589
109,3471,4.0,971086821
568,1719,4.0,1142791167
310,3006,4.0,1112608808
560,2322,4.0,1067534423
503,3386,4.0,1323437705
9,589,4.0,842686351
383,555,4.0,1214210847
628,1610,4.0,1112465685
250,2005,4.0,1107160346
575,1953,4.0,939927425
399,373,4.0,945152181
668,8542,4.0,1088604961
156,112,4.0,897596137
267,2599,4.0,968989433
32,2194,4.0,903794624
605,2797,4.0,955376395
158,1240,4.0,1241061209
88,6502,4.0,1116679141
284,640,4.0,855582451
171,732,4.0,852834082
627,3104,4.0,1237932728
245,159,4.0,830280893
289,60684,4.0,1446724269
54,3753,4.0,1146933947
458,1080,4.0,938852823
590,720,4.0,1243371572
405,10,4.0,1299803617
584,3145,4.0,944925786
244,2439,4.0,953168626
389,1968,4.0,1315058015
213,1086,4.0,1111502782
524,2094,4.0,993243830
493,1704,4.0,1218333201
399,1304,4.0,945151651
367,1196,4.0,865551622
510,1080,4.0,1217320112
597,590,4.0,965155329
303,493,4.0,977413581
32,898,4.0,903751155
44,2871,4.0,1225240211
108,2046,4.0,944964360
605,3545,4.0,955377188
399,1198,4.0,945151546
213,185,4.0,1129881172
268,5995,4.0,1227219266
438,1240,4.0,1224530615
160,1648,4.0,902698920
499,2762,4.0,1278288118
88,44195,4.0,1293406499
593,3420,4.0,974244115
575,2997,4.0,957114182
128,1918,4.0,1269290755
576,96751,4.0,1445085920
637,3479,4.0,983919349
250,1206,4.0,1107161147
597,2567,4.0,965181662
668,838,4.0,1097772070
541,1590,4.0,1004507773
224,114935,4.0,1420919351
531,4963,4.0,1447663657
394,500,4.0,845891145
607,265,4.0,974706275
128,44199,4.0,1262377618
115,471,4.0,1364195402
578,742,4.0,858655959
66,3996,4.0,1041611653
425,2064,4.0,1087066760
475,1208,4.0,1410715823
668,5902,4.0,1056165309
44,296,4.0,1225240024
113,6565,4.0,1209273238
434,3703,4.0,1241491333
607,3697,4.0,974711302
569,44191,4.0,1245979261
232,77843,4.0,1284065779
594,2054,4.0,1163479885
213,2012,4.0,1111501989
128,1370,4.0,1262158953
569,8464,4.0,1245981489
413,4232,4.0,1317255087
157,1101,4.0,916673947
311,25,4.0,850407964
588,3152,4.0,993877001
402,8636,4.0,1172345519
582,480,4.0,911288364
171,673,4.0,852833937
597,1031,4.0,965118914
668,2757,4.0,1025846698
160,1962,4.0,903489074
53,58559,4.0,1285957075
350,8368,4.0,1425024345
347,110,4.0,1274980093
389,3751,4.0,1319160393
62,356,4.0,1267576668
232,69844,4.0,1277409969
137,68237,4.0,1268628621
586,1259,4.0,1397069186
633,2916,4.0,1140152868
600,3104,4.0,1014434454
475,551,4.0,1305326514
281,380,4.0,992331435
314,115713,4.0,1448467512
244,911,4.0,953172147
130,3471,4.0,996625848
529,58559,4.0,1260119071
458,115122,4.0,1425567942
475,68157,4.0,1305363195
432,1587,4.0,957671035
549,1275,4.0,1216529974
590,30793,4.0,1243443942
461,5039,4.0,1193031141
232,7445,4.0,1277403938
164,647,4.0,1440813967
24,527,4.0,963469767
460,5604,4.0,1130278632
569,919,4.0,1245979423
541,2389,4.0,1004508418
274,876,4.0,892802753
213,5349,4.0,1111503213
110,3948,4.0,992252328
255,1292,4.0,1174421532
244,34,4.0,953168362
88,2968,4.0,1143676961
118,589,4.0,1045005988
198,2194,4.0,974782225
568,3448,4.0,1142790033
187,656,4.0,863205867
417,3260,4.0,956692331
33,1397,4.0,1009740471
358,344,4.0,1408188499
17,5418,4.0,1235222947
63,1732,4.0,1299478290
597,3361,4.0,965788295
405,1097,4.0,1296441624
438,2918,4.0,1224530759
534,223,4.0,916850159
438,3360,4.0,1224531747
597,2313,4.0,965181743
308,4226,4.0,1233208998
469,149,4.0,865534163
547,158,4.0,835256929
607,4226,4.0,1029621764
532,63113,4.0,1440349489
561,2826,4.0,948001354
277,59315,4.0,1445254766
605,3360,4.0,955376585
564,69,4.0,957928803
158,33437,4.0,1241329227
458,27376,4.0,1256103712
164,2628,4.0,1440962536
66,538,4.0,961686033
668,5954,4.0,1088479693
365,3555,4.0,1062892974
376,1225,4.0,942186132
600,272,4.0,1019970991
600,3622,4.0,1025322238
345,4427,4.0,1395025125
458,8573,4.0,1159339647
348,2542,4.0,1311171191
484,296,4.0,1308769633
440,1246,4.0,962687093
600,1084,4.0,969754120
137,1246,4.0,1205620893
18,1617,4.0,1108296816
460,8798,4.0,1130308352
61,1213,4.0,1058834095
210,367,4.0,1045510236
614,1917,4.0,1415079713
451,4065,4.0,1130718346
655,260,4.0,1255640528
39,260,4.0,1001786783
371,800,4.0,841275735
597,2028,4.0,965788559
434,5010,4.0,1241406289
604,592,4.0,1448883873
668,1096,4.0,1026442064
109,1278,4.0,958551202
561,2640,4.0,944927680
358,2987,4.0,1408188840
510,919,4.0,1217320312
513,86206,4.0,1322787569
469,1080,4.0,865534729
157,110,4.0,916673328
177,1061,4.0,1074044612
113,2502,4.0,1209265762
109,440,4.0,918796767
495,1240,4.0,993842337
281,1220,4.0,992331667
174,3435,4.0,1276556942
605,1079,4.0,955376524
413,4973,4.0,1272272586
461,6722,4.0,1217047106
46,3019,4.0,954566960
561,293,4.0,948000729
121,3504,4.0,954389054
114,1968,4.0,1452130569
21,79702,4.0,1428010817
615,3471,4.0,955125434
226,694,4.0,857755685
620,1639,4.0,1024597732
82,3668,4.0,1217431386
598,2722,4.0,1270496737
607,260,4.0,974705311
62,953,4.0,1269331611
235,2021,4.0,954450683
471,3159,4.0,972782895
576,62956,4.0,1446402285
89,4366,4.0,1328924902
164,100498,4.0,1440812367
668,115824,4.0,1432910592
365,4886,4.0,1062894195
232,4369,4.0,1277840046
505,1821,4.0,965682133
600,1955,4.0,1018672180
575,72386,4.0,1269265974
546,3604,4.0,1036015126
303,2094,4.0,976733506
224,8665,4.0,1359000253
549,1202,4.0,1219554048
11,1028,4.0,850817788
5,54259,4.0,1303499858
642,1682,4.0,1439774070
460,349,4.0,1130277557
593,266,4.0,976422456
245,261,4.0,830280893
275,2211,4.0,1136711175
405,1921,4.0,1296441748
546,1206,4.0,1036014466
597,457,4.0,965182438
662,2587,4.0,945174291
475,592,4.0,1305329198
620,1196,4.0,1024538257
658,2716,4.0,956602512
625,2161,4.0,1085175867
535,130634,4.0,1432618324
232,62113,4.0,1277955603
1,1061,4.0,1217895811
459,597,4.0,845305997
471,2028,4.0,972781217
109,428,4.0,918637712
343,6502,4.0,1196304944
21,296,4.0,1428094744
438,1213,4.0,1224530702
575,5481,4.0,1040576319
534,111,4.0,916850100
224,785,4.0,1420829957
423,1197,4.0,1087859937
149,1161,4.0,855908813
164,70286,4.0,1440814838
425,2273,4.0,1077443137
349,593,4.0,834661084
203,3105,4.0,955136807
220,3039,4.0,1111498283
339,1517,4.0,1172020084
63,6662,4.0,1299680315
87,3753,4.0,1173622330
232,74545,4.0,1279507414
69,908,4.0,1121087958
158,33679,4.0,1241329388
458,58295,4.0,1246690033
471,2581,4.0,972415120
418,1217,4.0,1100029760
665,56367,4.0,1231675622
109,2580,4.0,971103111
413,555,4.0,1397286531
242,1393,4.0,945674206
218,39435,4.0,1256750297
469,1366,4.0,865534250
425,1214,4.0,1077442203
27,2395,4.0,946234078
38,54286,4.0,1406484372
19,48516,4.0,1442282164
235,85,4.0,953740917
419,2959,4.0,1447585026
562,1580,4.0,953422087
607,2012,4.0,974712901
160,160,4.0,902696721
335,2324,4.0,1303498180
584,1734,4.0,944923558
188,293,4.0,879098307
102,2826,4.0,975430050
434,8493,4.0,1241491894
451,3300,4.0,1131346470
284,628,4.0,855582381
87,6333,4.0,1173620912
599,3986,4.0,1424813441
336,48,4.0,1262105344
160,2140,4.0,902696684
627,46578,4.0,1237934230
396,8874,4.0,1448472611
458,446,4.0,975779869
458,4037,4.0,981927619
24,2160,4.0,963468349
556,748,4.0,862828788
600,4874,4.0,1026275513
458,5732,4.0,1055064243
160,879,4.0,902697164
330,5791,4.0,1040944193
668,26694,4.0,1168295353
308,7438,4.0,1233208074
527,34,4.0,838823483
32,1220,4.0,903794089
480,46970,4.0,1163175423
423,3984,4.0,1087859594
413,1387,4.0,1340767265
275,8482,4.0,1136710906
128,81229,4.0,1295420629
576,107069,4.0,1449121438
583,2722,4.0,978507246
451,6333,4.0,1130813608
655,1198,4.0,1255815081
242,991,4.0,945674685
7,3033,4.0,1322064060
198,2599,4.0,958689710
27,1734,4.0,946234215
16,266,4.0,842888424
668,7943,4.0,1085938642
444,173,4.0,833531605
177,377,4.0,1074044813
107,3104,4.0,958155791
655,500,4.0,1255910647
472,1204,4.0,1079134360
224,110,4.0,1393195759
274,353,4.0,892802292
384,2078,4.0,1065385527
475,3156,4.0,1408827481
192,3005,4.0,1002210471
569,628,4.0,1245983188
535,87232,4.0,1432619384
147,3060,4.0,986111657
409,1240,4.0,1292614269
149,372,4.0,855910224
358,4993,4.0,1408188539
24,1304,4.0,963467105
28,1343,4.0,884100399
95,260,4.0,862502889
560,2193,4.0,1067529658
164,79139,4.0,1440812171
395,5101,4.0,1012595256
228,1663,4.0,1124123959
299,4718,4.0,1292893132
28,1097,4.0,884099459
590,589,4.0,1243380877
561,2263,4.0,948002016
668,105366,4.0,1381073975
24,1278,4.0,963471616
160,319,4.0,902697949
440,1952,4.0,962683539
599,2353,4.0,1424812959
438,6874,4.0,1224530912
279,1193,4.0,965445807
130,306,4.0,941840615
362,48516,4.0,1270902199
266,11,4.0,841655751
554,7451,4.0,1111875873
401,4995,4.0,1417253092
31,337,4.0,832397596
337,2352,4.0,962608002
267,1216,4.0,968990593
234,1307,4.0,901931772
194,72378,4.0,1364050578
238,5945,4.0,1082123142
88,802,4.0,1182209254
303,2553,4.0,976999297
607,1202,4.0,1005551831
192,3148,4.0,1247081331
242,2683,4.0,944904456
611,3789,4.0,1368126382
88,2959,4.0,1427389639
308,5010,4.0,1233208019
322,3114,4.0,1030117119
443,2087,4.0,915222333
451,3608,4.0,1130836446
577,1792,4.0,1031892166
88,110,4.0,1040271089
434,3481,4.0,1241492655
303,3671,4.0,976218637
81,2987,4.0,976285625
224,1721,4.0,1420827471
413,4896,4.0,1333842847
356,356,4.0,834108060
422,1020,4.0,1063252756
601,1701,4.0,938943005
475,2654,4.0,1305332376
109,781,4.0,1018622682
72,799,4.0,877801634
399,318,4.0,945151598
459,62,4.0,845306020
575,77328,4.0,1295887650
16,9,4.0,842889939
458,85354,4.0,1313269387
322,4226,4.0,1030116218
354,1635,4.0,1017843026
435,432,4.0,974422491
219,4343,4.0,1011719468
592,8622,4.0,1447969526
668,84240,4.0,1311188749
167,1573,4.0,1446588973
668,4395,4.0,1226995955
60,1374,4.0,1162942387
607,4020,4.0,980199890
44,1732,4.0,1225240901
457,36,4.0,854879204
443,1073,4.0,915222222
588,3396,4.0,995645609
528,3168,4.0,1252649586
562,1690,4.0,953423177
443,509,4.0,915221621
96,104,4.0,857048803
61,3949,4.0,1058833992
210,1193,4.0,1041825527
218,3977,4.0,1255817335
475,104419,4.0,1436641453
219,4310,4.0,1011718691
331,3081,4.0,1138755006
30,4886,4.0,1292690322
12,2012,4.0,1144396262
569,61132,4.0,1245981819
559,480,4.0,1012186467
423,150,4.0,1087859390
160,1644,4.0,902697002
402,6377,4.0,1172592077
605,3251,4.0,955399875
576,370,4.0,1445458845
109,4572,4.0,1050418985
33,1104,4.0,1009740561
423,1617,4.0,1087859944
348,81845,4.0,1311170892
474,41566,4.0,1323229638
668,6669,4.0,1293168928
576,4878,4.0,1451787661
322,1035,4.0,1030117473
544,2950,4.0,945035697
130,1172,4.0,941899981
627,37857,4.0,1237937981
224,103141,4.0,1393196121
338,2858,4.0,969763749
314,102445,4.0,1448466647
345,1293,4.0,1395028941
296,3730,4.0,1085800567
109,1810,4.0,971092990
420,934,4.0,956588484
107,1200,4.0,958155765
415,2423,4.0,1340925400
183,500,4.0,1387042664
241,73017,4.0,1446918945
226,1183,4.0,857755755
560,3477,4.0,1067537074
627,4720,4.0,1237990359
560,4545,4.0,1067536982
575,25,4.0,939803677
538,4091,4.0,1034122619
130,4235,4.0,991429316
548,2639,4.0,953596643
375,1252,4.0,1046194777
562,2985,4.0,953422366
242,5060,4.0,945670833
484,2706,4.0,1308769772
164,1061,4.0,1440813943
310,2571,4.0,1154438504
60,40278,4.0,1162941989
310,1299,4.0,1092223501
18,1517,4.0,1107364245
219,3717,4.0,1011718735
532,750,4.0,1440345664
564,318,4.0,957928503
532,733,4.0,1442000770
380,1265,4.0,1020278172
625,5843,4.0,1085176991
560,736,4.0,1067533968
418,2028,4.0,1100030825
405,7438,4.0,1296537345
269,296,4.0,1293105369
118,2006,4.0,1045006039
422,3623,4.0,1063153355
238,1514,4.0,1082122158
541,1097,4.0,1004507473
232,86833,4.0,1327312577
668,4237,4.0,1031767166
458,3911,4.0,990493666
189,3471,4.0,1170027091
575,1245,4.0,939809436
137,51255,4.0,1205620426
443,1619,4.0,915221021
68,1271,4.0,913756200
564,1610,4.0,957924978
659,2502,4.0,1394646064
24,2951,4.0,963467105
278,33794,4.0,1341360392
52,134853,4.0,1441810803
426,1214,4.0,973997536
413,1077,4.0,1357167839
491,344,4.0,839301872
109,2325,4.0,971170615
195,260,4.0,1234131940
213,260,4.0,1111501550
169,110,4.0,853513939
607,1554,4.0,974714363
322,3996,4.0,1030140730
507,592,4.0,848404931
408,71,4.0,831668102
193,899,4.0,944903674
71,2353,4.0,1063749276
456,597,4.0,841935772
583,1374,4.0,978506054
600,904,4.0,977982028
458,3952,4.0,985866387
668,1281,4.0,1025857545
620,678,4.0,1024598280
138,586,4.0,835879453
528,1641,4.0,1252817355
480,2355,4.0,1153749232
278,745,4.0,1341366010
72,1754,4.0,889219859
413,5970,4.0,1382750461
513,2143,4.0,1322787145
531,8984,4.0,1447687857
190,165,4.0,840450936
234,11,4.0,901931613
597,95,4.0,965154545
413,6953,4.0,1309748581
569,6502,4.0,1245979516
480,8376,4.0,1136604821
345,99114,4.0,1395024722
493,1196,4.0,1218333049
428,7325,4.0,1105416414
180,520,4.0,1180920791
548,235,4.0,953597372
549,56782,4.0,1219549123
203,910,4.0,955133151
597,2474,4.0,965155078
574,70286,4.0,1257234951
198,3421,4.0,958686840
354,2416,4.0,1017932142
405,59315,4.0,1296441511
303,1267,4.0,976124448
242,2021,4.0,944907874
220,224,4.0,1111995421
275,5372,4.0,1136702317
617,3864,4.0,1225247503
458,1197,4.0,975730732
642,3578,4.0,1439774016
600,5122,4.0,1025322647
584,2918,4.0,945275994
21,106920,4.0,1428014072
23,4973,4.0,1420799335
196,34,4.0,834707377
451,1263,4.0,1130471380
615,1387,4.0,955128778
607,3398,4.0,974790941
324,1617,4.0,891601297
656,239,4.0,838778410
299,2,4.0,1292893082
434,3578,4.0,1241492214
600,736,4.0,1018672661
575,5293,4.0,1034602658
32,380,4.0,903225473
130,3328,4.0,957807426
118,434,4.0,1045006242
160,708,4.0,902695181
578,854,4.0,858656400
576,55765,4.0,1445291044
600,3451,4.0,977982597
94,4517,4.0,1169272404
451,54286,4.0,1250164081
54,733,4.0,1146935083
458,119145,4.0,1426379793
111,588,4.0,847916505
575,26111,4.0,1182174975
166,66934,4.0,1439763659
668,100344,4.0,1388534340
405,1258,4.0,1296440973
627,6583,4.0,1237937317
541,1994,4.0,1004507166
461,2959,4.0,1179853295
128,1527,4.0,1262128570
663,357,4.0,851580294
218,3147,4.0,1255817097
164,4662,4.0,1440813360
224,44555,4.0,1420877616
583,2406,4.0,978506120
605,3039,4.0,955376502
310,296,4.0,1092228626
588,2355,4.0,995645758
607,2706,4.0,974708541
641,31,4.0,1349301491
354,2288,4.0,965327455
416,95,4.0,844956607
45,44195,4.0,1149373373
63,8529,4.0,1299774314
567,3147,4.0,1129522647
274,480,4.0,892802111
414,1186,4.0,1032192235
63,3513,4.0,1299621091
228,2115,4.0,1124123590
387,2700,4.0,1369600134
575,72998,4.0,1262622576
134,1393,4.0,862764184
109,2797,4.0,971088337
303,1358,4.0,976135733
308,1198,4.0,1233527661
388,356,4.0,1440159688
544,105,4.0,944947536
451,2478,4.0,1138862658
458,5009,4.0,1022037103
580,5903,4.0,1209465776
315,4277,4.0,1075408949
202,3334,4.0,1174785086
668,5022,4.0,1026440677
310,2997,4.0,1091956300
206,79132,4.0,1437519255
44,3213,4.0,1225239800
22,2194,4.0,1111573278
458,3435,4.0,981927464
599,69640,4.0,1424824740
622,53125,4.0,1450551657
87,1228,4.0,1173623362
458,7484,4.0,1085825654
130,2912,4.0,941883603
627,2926,4.0,1237991541
113,2194,4.0,1209267489
616,4027,4.0,1259905627
222,2724,4.0,945322782
167,2232,4.0,1446589075
561,2393,4.0,944928405
516,4757,4.0,1001471692
309,3697,4.0,1293923438
235,2321,4.0,953738772
101,180,4.0,1278885511
275,2187,4.0,1136711177
568,5135,4.0,1142791776
615,292,4.0,955128997
421,933,4.0,879858439
584,2738,4.0,945277980
174,3030,4.0,1279737875
164,1422,4.0,1440962918
373,2959,4.0,1449332395
310,6777,4.0,1222524784
318,364,4.0,842517719
568,6863,4.0,1142791037
107,1641,4.0,958157152
461,53125,4.0,1217526438
158,2890,4.0,1241329044
560,198,4.0,1067528346
615,1227,4.0,955128027
130,2140,4.0,941883535
241,318,4.0,1446670474
397,1719,4.0,979408968
421,913,4.0,879858467
600,1212,4.0,969751715
381,266,4.0,844074716
278,1288,4.0,1341366873
303,3793,4.0,977413581
576,54256,4.0,1446402671
157,610,4.0,916672821
642,114180,4.0,1439771532
220,1199,4.0,1111995036
235,3271,4.0,953678132
101,1663,4.0,1278885503
661,1006,4.0,866411264
443,357,4.0,915222222
128,4979,4.0,1262377507
158,1097,4.0,1241296611
578,1358,4.0,858656445
77,2716,4.0,1085080513
24,1201,4.0,963467105
403,33166,4.0,1222301679
413,57669,4.0,1308824029
160,329,4.0,902696618
522,597,4.0,833478444
541,2023,4.0,1004509725
354,562,4.0,1017931699
480,8641,4.0,1159417408
451,6370,4.0,1151373635
213,1953,4.0,1111503520
17,45722,4.0,1359557383
164,100244,4.0,1440812736
413,66934,4.0,1309696649
88,2085,4.0,1236290197
192,4844,4.0,1030747814
616,3787,4.0,1259905756
384,900,4.0,1065386893
210,1284,4.0,1041826822
668,596,4.0,1025850984
396,6874,4.0,1448472005
378,531,4.0,957662532
357,4027,4.0,992450321
337,2409,4.0,962608637
118,1385,4.0,1045005586
232,260,4.0,1277374459
458,7027,4.0,1096793786
495,3479,4.0,993842852
354,1961,4.0,1017931370
132,587,4.0,903035025
61,608,4.0,1058834099
31,349,4.0,832397428
550,923,4.0,1425578788
242,1103,4.0,944903030
603,159,4.0,860499306
300,2000,4.0,942965165
164,1589,4.0,1440962782
453,1127,4.0,859325983
451,2858,4.0,1130494980
607,1128,4.0,974788775
274,165,4.0,892802292
102,3408,4.0,979928784
293,914,4.0,1276627398
456,10,4.0,841928045
331,2193,4.0,1138984687
668,736,4.0,1025855513
527,380,4.0,838823343
475,1234,4.0,1432991714
201,2336,4.0,1027373820
413,27790,4.0,1352719402
354,1207,4.0,965328915
472,953,4.0,1079134356
546,707,4.0,1036014325
107,1370,4.0,958160727
336,296,4.0,1248028481
495,3408,4.0,993840080
242,32,4.0,944905868
422,2248,4.0,1062957162
568,1251,4.0,1142791795
627,6539,4.0,1237934216
109,2316,4.0,971095874
32,1608,4.0,906858740
616,8169,4.0,1259845527
202,1185,4.0,1174784934
442,17,4.0,840556545
215,2959,4.0,1433874111
575,69481,4.0,1263845602
128,1204,4.0,1274916980
615,3249,4.0,955126863
458,6993,4.0,1096794052
178,165,4.0,843392914
179,3178,4.0,1056713003
480,46723,4.0,1198026164
607,3981,4.0,974706818
220,1682,4.0,1111757601
399,953,4.0,945154851
287,1210,4.0,869578582
575,1304,4.0,953380085
575,1784,4.0,939803507
228,2717,4.0,1124281574
146,2710,4.0,944924232
600,2391,4.0,1019967906
32,1125,4.0,903226315
224,63072,4.0,1428128129
188,851,4.0,879097056
647,49278,4.0,1451786815
89,296,4.0,1328925123
488,2170,4.0,910638871
281,1580,4.0,992331667
255,3329,4.0,1174423203
74,5952,4.0,1112224949
599,62394,4.0,1424825259
574,80906,4.0,1318286481
607,1663,4.0,974790782
471,3034,4.0,972782793
377,52975,4.0,1201899594
615,1625,4.0,955126733
131,3185,4.0,962763772
113,47997,4.0,1209274646
633,1148,4.0,1134970043
627,56511,4.0,1238074594
209,5139,4.0,1014793367
479,5989,4.0,1445792121
228,1090,4.0,1124277952
177,508,4.0,1074043337
232,84615,4.0,1309757152
164,103883,4.0,1440812489
501,3489,4.0,1042988361
541,1348,4.0,1004507063
387,4816,4.0,1300088263
145,912,4.0,955414188
118,3006,4.0,1045003560
113,1,4.0,1209264927
122,3994,4.0,1024805627
597,3755,4.0,965117552
451,316,4.0,1130495586
454,50,4.0,833724959
330,2396,4.0,1021830536
50,1230,4.0,904747382
588,4411,4.0,994205294
109,3681,4.0,971086821
578,852,4.0,858655442
56,3984,4.0,1007070783
194,45720,4.0,1364056480
544,2404,4.0,945034058
366,5989,4.0,1084996761
668,26044,4.0,1411834221
28,1296,4.0,884100942
17,6365,4.0,1359557397
303,1247,4.0,976124650
223,3152,4.0,948940966
405,6711,4.0,1296442300
428,2019,4.0,1105415791
668,3176,4.0,1025852642
109,2993,4.0,940499097
575,53972,4.0,1197904547
224,3489,4.0,1390079214
107,1276,4.0,958158159
164,103772,4.0,1440812155
109,1959,4.0,919162025
515,4025,4.0,1451794717
668,1941,4.0,1196818725
422,3418,4.0,1074649507
97,81564,4.0,1448958516
586,1197,4.0,1397065553
91,2294,4.0,949282247
224,3256,4.0,1420830378
228,8810,4.0,1141175192
322,4800,4.0,1030117211
451,3578,4.0,1131360683
569,529,4.0,1245983342
365,3598,4.0,1062892916
242,1196,4.0,944906346
157,1261,4.0,916673439
615,1620,4.0,955124672
532,109578,4.0,1442000918
601,573,4.0,938943920
106,135861,4.0,1440860990
228,2011,4.0,1233252779
648,653,4.0,859029756
194,54286,4.0,1364055803
575,3072,4.0,949754604
300,2416,4.0,942967810
71,5064,4.0,1063749580
338,1690,4.0,969763597
275,3435,4.0,1136695711
220,1907,4.0,1111996410
627,3479,4.0,1237932006
399,1054,4.0,945155776
224,8014,4.0,1425275829
380,1250,4.0,1020278734
331,837,4.0,1138985552
209,2762,4.0,1013138993
29,924,4.0,865694593
555,1425,4.0,875313568
505,356,4.0,965681893
149,1094,4.0,855909575
648,733,4.0,859029701
458,3526,4.0,975731389
18,1089,4.0,1107364204
132,368,4.0,903035587
314,111921,4.0,1449802981
402,40278,4.0,1172481433
556,707,4.0,862828788
528,2797,4.0,1252817063
220,440,4.0,1111994271
575,1079,4.0,939926509
668,60069,4.0,1229969962
484,2968,4.0,1308770389
109,3461,4.0,958553203
389,2671,4.0,1319160647
109,2311,4.0,919153576
134,1485,4.0,862764573
232,67408,4.0,1277841708
331,5419,4.0,1138985480
597,3081,4.0,965117731
661,994,4.0,866411352
519,541,4.0,1446443222
417,2762,4.0,956692168
160,55,4.0,903489283
451,7481,4.0,1131749748
192,5957,4.0,1077119933
443,1411,4.0,915219338
194,56775,4.0,1364056296
463,608,4.0,1274471091
247,97921,4.0,1451122731
425,4308,4.0,1077443265
102,2324,4.0,975787314
217,1196,4.0,941216210
192,905,4.0,1059406176
665,52448,4.0,1231675424
123,2539,4.0,1075393839
461,2470,4.0,1273068649
555,1385,4.0,875313442
378,1,4.0,957662956
232,3147,4.0,1277375072
164,115210,4.0,1440963079
422,50,4.0,1063253088
636,1784,4.0,939665986
291,3129,4.0,967511927
607,3988,4.0,975100366
232,34162,4.0,1277839027
597,2311,4.0,965118108
226,828,4.0,857755899
668,1292,4.0,1025845116
490,1968,4.0,1399942064
668,681,4.0,1025848848
168,1721,4.0,1159237943
220,522,4.0,1111758427
383,1097,4.0,1214210195
666,2858,4.0,1021278557
128,7076,4.0,1262377788
380,3494,4.0,1020279445
89,4564,4.0,1328924352
349,508,4.0,834661611
224,2746,4.0,1390079245
512,6297,4.0,1254435628
575,2243,4.0,939926403
458,78209,4.0,1296065108
459,105,4.0,845305971
495,3916,4.0,993840080
470,6980,4.0,1293420243
255,8379,4.0,1174423270
105,356,4.0,857735425
194,6953,4.0,1364050587
623,265,4.0,836686434
205,477,4.0,839439255
160,2074,4.0,903571322
661,86,4.0,866411072
84,215,4.0,1437309910
218,5459,4.0,1258390811
561,1268,4.0,948000781
451,1997,4.0,1130495162
619,86504,4.0,1445257510
348,7361,4.0,1311171066
83,97304,4.0,1418858446
83,46976,4.0,1418840994
492,551,4.0,835507381
232,2804,4.0,1277839140
496,431,4.0,1185238835
383,49278,4.0,1214216773
555,122,4.0,875314197
458,383,4.0,953242446
531,1917,4.0,1452087136
163,2571,4.0,1168525531
668,98797,4.0,1389801293
174,1201,4.0,1276577775
668,2078,4.0,1025850654
213,4519,4.0,1112608272
424,31,4.0,836378981
2,648,4.0,859046895
566,47,4.0,1381620719
584,16,4.0,944926048
157,1287,4.0,916673367
294,10,4.0,1001986091
380,3527,4.0,1020278578
160,165,4.0,902698436
21,101962,4.0,1428118206
50,1407,4.0,904743798
439,1353,4.0,864847517
201,2997,4.0,1027311272
203,608,4.0,955136550
479,5505,4.0,1445792284
575,1210,4.0,939803267
220,3105,4.0,1112608429
210,4467,4.0,1045510262
201,2023,4.0,1027374530
605,14,4.0,954089669
194,83369,4.0,1364051067
461,903,4.0,1193067031
567,2916,4.0,1129522246
88,79091,4.0,1398563321
376,720,4.0,942587052
443,1982,4.0,915219841
378,1278,4.0,957662978
575,5358,4.0,1210883796
426,2628,4.0,1006031232
399,2112,4.0,945151031
247,33004,4.0,1451122582
599,80831,4.0,1424811427
24,2406,4.0,963470209
640,1390,4.0,860492781
160,786,4.0,902698575
413,2985,4.0,1380020730
330,1233,4.0,1022545254
640,88,4.0,860492343
50,1234,4.0,904747382
38,2687,4.0,1406483605
234,2064,4.0,901931772
456,150,4.0,841924362
461,1,4.0,1179853813
436,508,4.0,837694083
218,60069,4.0,1258134687
245,588,4.0,830280893
402,2288,4.0,1172478858
444,590,4.0,833531345
597,2797,4.0,965119043
21,6954,4.0,1428014115
177,2987,4.0,1074043943
568,2329,4.0,1142789916
196,596,4.0,834708058
241,98809,4.0,1446918740
164,7007,4.0,1440814227
387,32029,4.0,1334966041
589,66203,4.0,1433649936
228,2840,4.0,1141873029
603,30,4.0,860499024
575,377,4.0,939808842
666,1197,4.0,1021279762
209,3101,4.0,1013138193
402,2403,4.0,1194098542
109,1027,4.0,929091220
138,377,4.0,835879362
458,2991,4.0,1282929051
50,1247,4.0,904745667
4,2629,4.0,950324357
513,81564,4.0,1322788251
476,8873,4.0,1267549117
560,2006,4.0,1067530862
422,4756,4.0,1063153690
160,653,4.0,903816551
458,4958,4.0,1022592604
282,3747,4.0,968959467
310,1693,4.0,1091955404
607,3282,4.0,978817780
600,3074,4.0,1025322386
561,2413,4.0,948002137
451,70,4.0,1130836767
296,3196,4.0,1085800706
310,1242,4.0,1091953758
270,2329,4.0,1004085879
23,50,4.0,1420799308
160,2075,4.0,902696339
110,5989,4.0,1103589349
63,3717,4.0,1299773842
627,7018,4.0,1237932777
576,90439,4.0,1445085609
220,29,4.0,1111758117
326,350,4.0,844184113
605,4029,4.0,993516515
648,14,4.0,859029802
444,575,4.0,833534435
398,260,4.0,939779217
193,1196,4.0,944901318
607,555,4.0,974710953
88,500,4.0,1100184916
458,97921,4.0,1443105667
156,256,4.0,886109976
555,512,4.0,875313187
380,2174,4.0,1020279510
549,1262,4.0,1219548553
79,54997,4.0,1227248814
69,7223,4.0,1121104536
213,2391,4.0,1140342935
21,6807,4.0,1428014145
458,7122,4.0,1085826252
326,185,4.0,844183954
668,56339,4.0,1210568075
481,1641,4.0,938871291
376,1104,4.0,942195739
348,3949,4.0,1311171165
75,924,4.0,1051245796
380,1214,4.0,1020278333
541,1527,4.0,1004504748
668,45068,4.0,1429927697
160,1939,4.0,903489325
549,8961,4.0,1219549452
348,49530,4.0,1311172420
290,485,4.0,1405038462
242,1240,4.0,944909321
107,2599,4.0,958159647
555,1253,4.0,875311908
436,236,4.0,837693942
160,416,4.0,902697610
532,2542,4.0,1440349144
329,274,4.0,1009869828
188,180,4.0,879100762
113,38061,4.0,1213447747
644,141,4.0,868190052
458,65596,4.0,1313090453
354,4802,4.0,1017843413
458,2731,4.0,1022808382
499,288,4.0,1278288599
627,49272,4.0,1237934015
600,4054,4.0,1025322776
578,1311,4.0,858656270
458,1799,4.0,938814000
518,8961,4.0,1439913102
575,497,4.0,940143397
180,6879,4.0,1180994492
298,2717,4.0,1311696772
556,761,4.0,862828788
160,943,4.0,902695047
627,3100,4.0,1237990890
354,3481,4.0,1017931134
399,1648,4.0,945154353
166,49272,4.0,1439762648
437,60684,4.0,1436491896
610,589,4.0,1303105131
475,88810,4.0,1416757497
575,49225,4.0,1232736007
443,531,4.0,915222568
255,1307,4.0,1174420572
378,1296,4.0,957663083
661,647,4.0,866411040
92,457,4.0,840581229
335,8684,4.0,1304539212
232,53996,4.0,1277410042
521,60609,4.0,1351088851
201,1895,4.0,1027310790
16,332,4.0,842889495
399,1466,4.0,945152654
198,1913,4.0,958689083
369,1221,4.0,942529118
213,6003,4.0,1112607026
484,4678,4.0,1308770369
560,2399,4.0,1067529826
28,1245,4.0,884099623
124,1240,4.0,1011472819
160,1270,4.0,902696459
610,858,4.0,1303104567
167,595,4.0,1446588731
232,80139,4.0,1283368228
224,83134,4.0,1428133204
480,1217,4.0,1136440806
518,4022,4.0,1439913107
432,1393,4.0,957670113
167,53123,4.0,1446588621
539,5505,4.0,1033520400
110,3448,4.0,1025147543
354,1019,4.0,965327561
569,2692,4.0,1245979530
463,1784,4.0,1274470716
475,76158,4.0,1305330123
658,2541,4.0,956602480
605,3253,4.0,955374736
146,1960,4.0,944927357
557,33794,4.0,1284927380
232,79428,4.0,1280888395
605,3751,4.0,968709591
451,2115,4.0,1130836449
44,260,4.0,1225238880
417,247,4.0,956692181
549,30707,4.0,1219549655
31,288,4.0,832397535
244,150,4.0,953168564
61,778,4.0,1058834447
387,778,4.0,1300088153
97,6365,4.0,1448956458
413,3882,4.0,1396483153
107,2890,4.0,958160534
492,356,4.0,835507298
124,3264,4.0,1011474718
433,2947,4.0,1439794810
303,3740,4.0,976218543
310,49312,4.0,1206533287
201,4845,4.0,1027310342
642,55290,4.0,1439791709
180,4857,4.0,1181097032
352,454,4.0,1006318048
458,4967,4.0,1022815554
128,1196,4.0,1262377466
321,7,4.0,848666368
632,34072,4.0,1388950681
352,4327,4.0,1035214563
615,1249,4.0,955126353
555,144,4.0,875313924
607,2712,4.0,984523852
397,223,4.0,979408671
655,1193,4.0,1255635140
133,920,4.0,852201506
588,3114,4.0,993876456
123,35836,4.0,1155477781
244,1535,4.0,953167284
151,608,4.0,864684296
232,87298,4.0,1321646034
37,720,4.0,1113691197
109,5378,4.0,1028731220
525,1084,4.0,946570469
238,342,4.0,1082060820
614,110,4.0,1415080116
113,44195,4.0,1209266225
568,475,4.0,1142790121
326,230,4.0,844184745
409,2115,4.0,1292613555
36,349,4.0,847183149
160,1626,4.0,902698524
232,3968,4.0,1383375457
652,1120,4.0,974698312
343,6365,4.0,1196304361
544,950,4.0,944943425
232,3996,4.0,1277374823
137,1958,4.0,1223511903
299,1258,4.0,1290448009
52,110,4.0,1441811203
597,2644,4.0,965181484
201,168,4.0,1027311100
109,3686,4.0,971094101
45,2797,4.0,1149373220
560,5247,4.0,1067533871
170,2571,4.0,1300596436
586,68157,4.0,1397070113
114,27660,4.0,1452132398
236,1270,4.0,1119961315
458,2728,4.0,1253272902
232,81834,4.0,1291243472
139,5633,4.0,1095887479
668,2203,4.0,1325439437
458,45,4.0,975983265
422,3897,4.0,1063251224
369,1094,4.0,942529346
30,597,4.0,1292692219
143,432,4.0,841221966
607,2766,4.0,993172954
247,5171,4.0,1451122737
586,4973,4.0,1397065506
576,49272,4.0,1445085034
475,41716,4.0,1305330806
627,3729,4.0,1237993355
498,282,4.0,852919311
458,130956,4.0,1442173217
232,86347,4.0,1307905327
626,47610,4.0,1258664616
501,1784,4.0,1042990936
132,1892,4.0,903034718
590,96610,4.0,1354280657
88,2423,4.0,1143676970
410,861,4.0,1140390341
130,3676,4.0,996626863
620,4387,4.0,1024538425
567,235,4.0,1129533541
128,5418,4.0,1262377801
232,52644,4.0,1278979061
79,8873,4.0,1227245839
164,114795,4.0,1440963167
575,6016,4.0,1131372969
425,5643,4.0,1077498713
438,55765,4.0,1224532671
72,1614,4.0,877800915
347,5604,4.0,1274981668
636,1951,4.0,939666189
342,362,4.0,845454318
96,1073,4.0,857048737
616,3386,4.0,1259845159
104,39,4.0,836834572
347,5446,4.0,1274980948
545,1089,4.0,845652582
152,1586,4.0,1317152481
600,2139,4.0,1018672920
18,2762,4.0,1107374541
6,4878,4.0,1348693812
633,1704,4.0,1140152885
211,34608,4.0,1138403123
310,59126,4.0,1234539803
530,1213,4.0,945043181
183,2,4.0,1381955136
235,1547,4.0,953677762
591,253,4.0,1281986013
294,364,4.0,1001985580
66,1648,4.0,961686649
164,94323,4.0,1440813134
549,1198,4.0,1216529512
668,1178,4.0,1025860078
389,85397,4.0,1322437928
21,74458,4.0,1428095239
219,5026,4.0,1011718830
588,1084,4.0,993932061
583,1356,4.0,978427208
584,2926,4.0,945277010
232,94777,4.0,1347649886
576,39292,4.0,1448801663
198,597,4.0,959475943
215,31658,4.0,1433874221
232,40617,4.0,1281221379
98,104,4.0,955174625
458,3334,4.0,975729427
40,1721,4.0,895034823
242,1201,4.0,945676500
475,85213,4.0,1305363158
537,2871,4.0,1356396473
597,296,4.0,965788514
347,5001,4.0,1274979449
438,2541,4.0,1224529751
160,1687,4.0,902698472
575,8749,4.0,1112549501
352,1247,4.0,1006316591
130,3476,4.0,996626934
526,3635,4.0,1044309197
215,318,4.0,1433874107
35,786,4.0,860343978
207,3404,4.0,992198445
263,1816,4.0,917517786
192,6535,4.0,1059407014
164,86190,4.0,1440812096
644,1544,4.0,868190552
207,150,4.0,992197709
233,225,4.0,835095999
296,5299,4.0,1085799727
123,4321,4.0,1075393727
163,49272,4.0,1168526367
292,111,4.0,1190271518
434,64839,4.0,1241407636
44,1234,4.0,1225239740
489,3300,4.0,971348370
177,5247,4.0,1074053873
109,464,4.0,918632227
627,6783,4.0,1237930880
451,31184,4.0,1130594053
560,2687,4.0,1067535317
169,1275,4.0,854002267
63,2115,4.0,1299576986
63,2716,4.0,1299621369
146,25,4.0,944926984
83,8644,4.0,1418840895
399,1446,4.0,945154508
402,161,4.0,1172346577
372,6863,4.0,1111665829
374,5952,4.0,1433269751
475,71438,4.0,1305330099
275,2941,4.0,1136701202
458,290,4.0,975779446
460,1127,4.0,1130272498
335,912,4.0,1303497129
348,46976,4.0,1311172412
128,109487,4.0,1427745809
326,597,4.0,844184063
622,8972,4.0,1449339511
166,1704,4.0,1439762220
399,1729,4.0,945153826
650,1441,4.0,965434049
303,2917,4.0,976999164
493,25,4.0,1218333167
219,4223,4.0,1011719252
69,4329,4.0,1121283962
615,1953,4.0,955125546
597,1302,4.0,965182060
232,88163,4.0,1318735515
588,588,4.0,995645736
405,6874,4.0,1296443551
349,165,4.0,834660888
245,271,4.0,830280893
436,500,4.0,837693920
12,1080,4.0,1144396300
607,2456,4.0,974787188
481,1079,4.0,938871976
461,3681,4.0,1242374067
258,588,4.0,833911105
358,1219,4.0,1408188923
354,3994,4.0,1017785912
13,3082,4.0,1215873488
627,1210,4.0,1237930537
296,1036,4.0,1085798188
530,37741,4.0,1131925119
458,2329,4.0,938876758
201,4770,4.0,1027309931
228,802,4.0,1141170228
19,4254,4.0,1442283100
436,307,4.0,837694465
573,1252,4.0,1006522884
458,66785,4.0,1418243531
471,266,4.0,972783287
124,3970,4.0,1011474951
88,8917,4.0,1100103031
565,54286,4.0,1433883174
659,2918,4.0,1394689470
128,3948,4.0,1262160201
224,1466,4.0,1358834489
169,593,4.0,854001995
305,1301,4.0,995561436
659,5064,4.0,1394645688
495,1302,4.0,993842421
588,4277,4.0,998093652
425,3168,4.0,1077456331
94,2841,4.0,1169272265
403,223,4.0,1222682410
575,736,4.0,939811894
104,736,4.0,836834971
422,261,4.0,1063252935
105,509,4.0,857735510
406,2023,4.0,973557537
308,2707,4.0,1233207609
325,61323,4.0,1300117756
471,1735,4.0,972414491
579,608,4.0,881064399
92,480,4.0,840581574
113,2396,4.0,1209267241
133,110,4.0,837546564
504,81845,4.0,1447973910
521,3578,4.0,1351089201
574,97913,4.0,1362802569
668,71464,4.0,1265783628
232,101687,4.0,1399509898
576,3623,4.0,1446942368
501,1968,4.0,1042990175
118,1608,4.0,1045006067
160,1290,4.0,902695365
275,7840,4.0,1136711050
194,5989,4.0,1364054672
277,2905,4.0,1445254987
173,3203,4.0,954597198
351,50,4.0,845107390
158,6377,4.0,1247269577
62,1962,4.0,1269669957
492,515,4.0,835507010
3,367,4.0,841483604
63,6187,4.0,1299476463
166,8874,4.0,1439763746
160,779,4.0,902695520
39,2529,4.0,1001786784
605,3363,4.0,955377257
128,78162,4.0,1277396663
2,79,4.0,859047091
620,4672,4.0,1024598491
405,81932,4.0,1341972846
387,41566,4.0,1301317786
583,2641,4.0,978506572
568,2291,4.0,1142789659
360,1022,4.0,1286595264
270,1213,4.0,1004071222
31,329,4.0,832397461
475,2716,4.0,1450606281
220,1136,4.0,1111498580
282,2174,4.0,959817024
220,5218,4.0,1111757836
220,5608,4.0,1111757641
575,2539,4.0,939802055
275,2056,4.0,1136710912
370,21,4.0,830304068
158,1208,4.0,1241061147
560,4121,4.0,1067537056
425,4226,4.0,1085456270
24,593,4.0,963468640
483,86852,4.0,1387205895
238,1307,4.0,1082122037
662,1353,4.0,945176688
574,86142,4.0,1309493743
134,52,4.0,862764111
250,4564,4.0,1107162444
584,1060,4.0,944924164
599,79185,4.0,1424825229
347,70286,4.0,1274981102
268,1,4.0,1227219047
646,2628,4.0,1093653907
601,175,4.0,938943351
597,1257,4.0,965119015
461,41997,4.0,1223545697
160,1013,4.0,903489407
87,150,4.0,1173620356
221,21,4.0,832577529
50,1641,4.0,893082543
162,349,4.0,836675250
525,3174,4.0,946570299
387,1676,4.0,1369603415
568,41,4.0,1142790688
607,896,4.0,974800984
114,924,4.0,1452131927
128,67295,4.0,1262377591
427,7099,4.0,1329765645
255,1957,4.0,1174416721
575,3552,4.0,956254484
63,1249,4.0,1299478488
303,3728,4.0,976999235
541,2278,4.0,1004508161
258,344,4.0,833911105
89,1097,4.0,1328925269
224,1377,4.0,1420829734
611,296,4.0,1368127460
399,1242,4.0,945151781
582,1692,4.0,911288642
590,2716,4.0,1243381025
561,333,4.0,948002661
530,2076,4.0,1156989795
501,3897,4.0,1042989897
224,6541,4.0,1390080073
668,5010,4.0,1025846211
506,5445,4.0,1175248201
650,480,4.0,965432312
177,1476,4.0,1074388678
66,5956,4.0,1041613290
575,21,4.0,939888528
157,349,4.0,916673728
224,1198,4.0,1393195746
326,590,4.0,844183830
234,1663,4.0,901931772
179,4612,4.0,1056441140
461,66596,4.0,1277856687
627,1027,4.0,1237990483
604,364,4.0,1448883451
345,994,4.0,1395025823
627,7827,4.0,1237940059
209,3598,4.0,1013139705
348,7153,4.0,1311170145
372,4054,4.0,1111666530
224,89745,4.0,1359000186
245,222,4.0,830280893
469,16,4.0,865534163
461,3300,4.0,1193065562
561,2134,4.0,944926383
161,2329,4.0,1446208729
413,1682,4.0,1235459892
255,39,4.0,1174416299
192,3901,4.0,1059406058
442,261,4.0,840555675
599,97752,4.0,1424813314
668,72479,4.0,1274620860
578,1432,4.0,858656312
262,260,4.0,1183002008
169,47,4.0,853569336
156,1242,4.0,885580831
544,1374,4.0,944945260
530,1617,4.0,945143555
253,88163,4.0,1353179859
44,4306,4.0,1225240773
255,3175,4.0,1174416339
32,1077,4.0,903226373
128,8798,4.0,1262954575
273,381,4.0,1227876131
31,593,4.0,832397692
54,741,4.0,1146940697
216,5095,4.0,1025570784
409,1884,4.0,1292614069
668,42285,1.5,1241042675
627,6264,1.5,1237993182
38,4444,1.5,1406519640
63,5621,1.5,1299773813
611,1321,1.5,1368127850
348,485,1.5,1311169318
62,1339,1.5,1269669594
115,1212,1.5,1364202460
575,56805,1.5,1210161989
659,5299,1.5,1394689043
299,1080,1.5,1292897411
668,49394,1.5,1357526765
128,4467,1.5,1364741400
668,65642,1.5,1239494710
255,5538,1.5,1174420207
251,2717,1.5,1363372661
250,367,1.5,1107160805
26,442,1.5,1125690783
627,5313,1.5,1238076388
206,55280,1.5,1437519095
224,49649,1.5,1425335942
229,293,1.5,1439444784
668,84779,1.5,1338008861
575,2934,3.0,1193061921
354,2891,3.0,1020180356
668,54771,3.0,1202594303
600,2622,3.0,1014434928
88,3254,3.0,1236285429
403,231,3.0,1222301657
445,736,3.0,866303223
337,3684,3.0,962607955
583,3767,3.0,978508261
426,2949,3.0,973995536
113,6979,3.0,1209273263
354,1281,3.0,965328495
61,2115,3.0,1059070526
620,3298,3.0,1024538884
160,1209,3.0,902697545
143,329,3.0,841221831
461,2700,3.0,1193066577
511,466,3.0,834652627
342,17,3.0,845453994
545,454,3.0,845321621
611,353,3.0,1368127844
451,4270,3.0,1130471691
3,350,3.0,841483677
135,1333,3.0,891655091
575,290,3.0,962719295
561,2455,3.0,944927727
161,45722,3.0,1448779786
555,382,3.0,875314197
668,6579,3.0,1112326630
666,919,3.0,1021279194
220,196,3.0,1111994686
436,543,3.0,837694388
462,637,3.0,862800608
326,95,3.0,844184197
577,4053,3.0,1031892892
454,153,3.0,833724853
668,1924,3.0,1025857181
413,6333,3.0,1272273477
310,56949,3.0,1215363828
157,1375,3.0,916672982
480,6440,3.0,1136611389
311,880,3.0,850408511
402,3836,3.0,1198098433
194,94746,3.0,1364051422
296,1101,3.0,1085798521
575,2418,3.0,939926145
575,2617,3.0,939802247
535,8368,3.0,1432618623
546,3401,3.0,1036014127
354,2396,3.0,965328620
142,2059,3.0,1307140312
600,1183,3.0,971298025
219,4725,3.0,1011719161
475,60040,3.0,1371797657
653,434,3.0,829072857
113,3578,3.0,1209265198
469,10,3.0,865533569
354,6874,3.0,1131399689
413,71211,3.0,1377938590
177,2990,3.0,1074298522
188,785,3.0,879097215
516,4238,3.0,1001472369
29,719,3.0,846394337
130,648,3.0,957808348
164,3273,3.0,1440813294
416,76,3.0,844956855
369,2926,3.0,953444488
318,110,3.0,842517667
409,5072,3.0,1292770699
177,1020,3.0,1074053201
224,70183,3.0,1428133220
507,706,3.0,848405554
66,2433,3.0,961685007
235,714,3.0,953765574
644,1356,3.0,868190147
668,86884,3.0,1362156822
347,2571,3.0,1274981235
555,1301,3.0,875313071
575,3324,3.0,966049150
443,1438,3.0,915224103
471,1777,3.0,972414980
121,635,3.0,944958083
193,1391,3.0,944902339
517,1042,3.0,851083120
140,494,3.0,850340858
422,2562,3.0,1071634337
109,1835,3.0,901259079
460,2761,3.0,1130278252
177,4886,3.0,1074043042
607,2786,3.0,974791287
283,647,3.0,868262133
263,2431,3.0,916233184
668,588,3.0,1025850593
575,2167,3.0,939812963
187,173,3.0,863206739
397,597,3.0,979409157
283,565,3.0,868268322
666,1198,3.0,1021277348
607,4711,3.0,997081251
511,357,3.0,834597674
239,112,3.0,846495476
607,4561,3.0,994710098
607,1199,3.0,974786958
413,40732,3.0,1310014016
576,134170,3.0,1445086546
177,1268,3.0,1074053731
545,432,3.0,845742123
668,3893,3.0,1109273251
627,33679,3.0,1237935388
493,2797,3.0,1218333370
160,1580,3.0,902696459
505,1183,3.0,965681921
636,1278,3.0,939666078
66,1542,3.0,961687629
25,2081,3.0,916664422
607,2710,3.0,974708641
268,1185,3.0,1227220591
128,89060,3.0,1349251156
187,719,3.0,863205200
365,1204,3.0,1062891562
607,3100,3.0,974706386
394,835,3.0,845892178
401,5010,3.0,1417253192
668,34,3.0,1025861738
458,1429,3.0,953241099
444,357,3.0,833532181
310,47423,3.0,1201128125
658,2771,3.0,956602461
107,1711,3.0,958165620
128,79496,3.0,1287372656
471,7,3.0,972782520
354,2822,3.0,1017842958
220,6541,3.0,1111758730
352,1276,3.0,1006558056
668,2663,3.0,1025857031
310,3249,3.0,1092399716
485,1784,3.0,1029355323
220,2092,3.0,1112707621
409,47099,3.0,1292752101
668,45987,3.0,1285354230
668,748,3.0,1025857031
633,780,3.0,1140153128
444,315,3.0,833531605
128,8622,3.0,1262955061
153,588,3.0,846852199
305,1059,3.0,995561226
160,660,3.0,903816016
161,587,3.0,1446976024
402,1090,3.0,1202328828
575,495,3.0,1000643828
573,1270,3.0,1006522024
38,1291,3.0,1408382264
235,2054,3.0,954450656
380,2454,3.0,1020279137
620,1375,3.0,1024539038
244,1896,3.0,953170202
224,111364,3.0,1420877091
244,1875,3.0,953170097
461,8142,3.0,1223546510
469,1100,3.0,865533627
642,3752,3.0,1439775502
625,1480,3.0,1085176055
205,357,3.0,839438734
561,434,3.0,944929369
139,7438,3.0,1097184717
668,2671,3.0,1025855058
236,2916,3.0,1119980755
444,383,3.0,833532241
576,39,3.0,1445451157
458,697,3.0,953243077
461,802,3.0,1193067026
469,782,3.0,865436603
668,35,3.0,1025855382
575,1351,3.0,939812691
597,225,3.0,965181366
29,1371,3.0,865694899
367,150,3.0,833395471
521,2085,3.0,1351087774
296,23,3.0,1085799804
475,3994,3.0,1305363214
655,6303,3.0,1255634367
508,73268,3.0,1451232107
457,780,3.0,854879173
377,2827,3.0,1201899340
3,356,3.0,841483545
50,2093,3.0,905248125
668,99149,3.0,1360552564
668,95201,3.0,1363240401
365,1022,3.0,1062894293
310,7,3.0,1092229572
656,313,3.0,838778431
556,724,3.0,862828748
44,6914,3.0,1225238684
281,3418,3.0,992331571
168,5989,3.0,1159238021
484,2717,3.0,1308769006
137,3039,3.0,1223511412
394,21,3.0,845891161
668,306,3.0,1025887194
383,4544,3.0,1214216415
471,2133,3.0,972784017
668,1616,3.0,1025858858
575,77181,3.0,1290540678
461,3948,3.0,1277856856
361,466,3.0,834835018
428,4005,3.0,1105416326
509,7255,3.0,1088441228
469,70,3.0,865533535
619,8368,3.0,1445258201
296,1722,3.0,1085798952
366,2012,3.0,1084996366
575,2078,3.0,949701568
362,5418,3.0,1270903145
107,2692,3.0,958155687
113,3263,3.0,1209262959
315,1230,3.0,979183717
403,1265,3.0,1222301589
296,3505,3.0,1085800685
413,26391,3.0,1376395134
575,6564,3.0,1072150080
584,83,3.0,944926190
244,2014,3.0,953171597
583,2422,3.0,978508261
93,648,3.0,862554596
168,1805,3.0,1159238390
605,1221,3.0,955377188
485,2002,3.0,1029356152
109,168,3.0,918645410
169,1186,3.0,854002953
409,6863,3.0,1292614706
192,3409,3.0,1014418205
668,86781,3.0,1316965553
648,784,3.0,859029756
561,168,3.0,948001322
575,1747,3.0,939928543
399,1127,3.0,945153110
459,266,3.0,845305952
11,590,3.0,850815570
127,260,3.0,1044478724
412,3793,3.0,1415279110
567,1049,3.0,1176229708
72,1003,3.0,877802328
72,1620,3.0,877800915
320,5010,3.0,1061951441
458,107406,3.0,1415211519
596,2070,3.0,1048826536
601,1124,3.0,938946048
627,53322,3.0,1237992306
564,293,3.0,957928832
11,1199,3.0,850817294
575,587,3.0,939888497
235,3255,3.0,953678043
179,522,3.0,1056440584
303,3679,3.0,976124575
627,65216,3.0,1237936138
627,1620,3.0,1237991159
164,3526,3.0,1440813625
438,34048,3.0,1224531750
456,419,3.0,841936954
607,2139,3.0,974707782
443,552,3.0,915222768
668,3731,3.0,1026443006
192,47099,3.0,1187648704
250,151,3.0,1107161373
501,1282,3.0,1042992519
650,2447,3.0,965503750
399,1589,3.0,945153926
104,198,3.0,836836017
411,434,3.0,833711474
549,59315,3.0,1219548227
458,2391,3.0,953240254
648,6,3.0,859029701
575,3998,3.0,1004792138
575,5745,3.0,1034284600
310,802,3.0,1092340269
164,34,3.0,1440813784
25,2054,3.0,916666471
413,100169,3.0,1390995296
283,832,3.0,868262115
575,93510,3.0,1347297120
177,358,3.0,1074296160
244,934,3.0,953170852
575,3528,3.0,956065690
469,353,3.0,865533570
244,1269,3.0,953172088
668,531,3.0,1025889862
371,585,3.0,841274983
567,3791,3.0,1129535369
623,509,3.0,836686459
511,2,3.0,834597545
632,3819,3.0,1388949704
107,1500,3.0,958157043
130,3081,3.0,947477757
245,367,3.0,834948296
410,914,3.0,1137952085
50,750,3.0,905249763
66,805,3.0,961688810
299,60756,3.0,1290572605
522,596,3.0,833479621
665,43679,3.0,1231683255
583,36,3.0,978427037
91,3100,3.0,949281459
41,6619,3.0,1067129943
303,299,3.0,975171602
403,1923,3.0,1222301474
490,1,3.0,1399942068
597,1007,3.0,965118621
668,5640,3.0,1033920161
333,595,3.0,834761594
274,1378,3.0,892802111
310,4161,3.0,1092227259
235,2577,3.0,953850291
567,2723,3.0,1129523263
109,518,3.0,918803692
371,231,3.0,841274481
410,337,3.0,1146170696
668,4360,3.0,1216906149
165,141,3.0,862302028
61,1307,3.0,1059007124
185,3785,3.0,1099496262
376,247,3.0,942586479
661,112,3.0,866410051
340,34,3.0,836737778
475,71156,3.0,1305364020
322,924,3.0,1030140362
95,1479,3.0,862503325
128,54004,3.0,1262368885
571,17,3.0,859156008
620,521,3.0,1024598447
575,6521,3.0,1057007282
475,1278,3.0,1441798542
364,1034,3.0,1111637574
224,111113,3.0,1420877001
413,1730,3.0,1381146853
461,64997,3.0,1264802172
568,500,3.0,1142789283
668,8465,3.0,1161415810
464,350,3.0,1149668298
354,1586,3.0,1017932042
603,1234,3.0,860499434
258,329,3.0,833911132
473,350,3.0,836972708
114,54997,3.0,1452131627
194,6,3.0,1364055650
194,97923,3.0,1446382230
477,852,3.0,1063565020
309,30825,3.0,1293923618
310,5479,3.0,1192303499
603,5,3.0,857568167
235,2231,3.0,953751196
586,5952,3.0,1397065622
236,1573,3.0,1119981074
475,74948,3.0,1405172153
148,589,3.0,837259446
668,5994,3.0,1097851296
530,337,3.0,972346644
352,2529,3.0,1006558951
469,7,3.0,865436339
458,780,3.0,953241768
451,2476,3.0,1131346830
238,1917,3.0,1082122033
475,5855,3.0,1443974992
113,3175,3.0,1209265960
352,3554,3.0,1051980172
575,26700,3.0,1182174983
109,1920,3.0,971877480
383,1127,3.0,1214210706
475,151,3.0,1320655701
124,2025,3.0,1011477790
627,597,3.0,1237934272
575,7820,3.0,1084378050
50,260,3.0,905249982
296,4367,3.0,1085800173
656,368,3.0,838777866
530,43460,3.0,1143689531
595,788,3.0,863240637
501,480,3.0,1042988361
222,1821,3.0,945070297
585,329,3.0,847808950
458,3145,3.0,975780532
575,8588,3.0,1097517351
214,22,3.0,1059599543
590,1073,3.0,1243424801
356,230,3.0,834108123
376,943,3.0,942576383
89,2072,3.0,1328923508
597,2458,3.0,965118654
436,535,3.0,837694654
572,376,3.0,855516470
354,3697,3.0,965327656
668,5893,3.0,1040182311
105,296,3.0,857735467
46,358,3.0,954566710
232,77667,3.0,1277849430
354,3318,3.0,1031063836
62,5266,3.0,1268793279
107,2174,3.0,958157505
310,1175,3.0,1091957744
575,5524,3.0,1044187182
95,1391,3.0,862503049
607,1385,3.0,974711126
177,4718,3.0,1074055871
364,5054,3.0,1111637501
232,6537,3.0,1277838908
179,1249,3.0,1101864713
590,27478,3.0,1243371151
530,480,3.0,945144488
384,3643,3.0,1065387994
244,2436,3.0,953169040
458,2403,3.0,975730357
422,724,3.0,1063253337
555,549,3.0,875315069
451,69526,3.0,1262770989
224,67997,3.0,1428130911
668,68749,3.0,1261990195
668,112940,3.0,1407113629
105,1200,3.0,857737654
177,2003,3.0,1074296571
88,8985,3.0,1188393765
69,2329,3.0,1121089279
648,648,3.0,859029646
354,2389,3.0,965327247
233,350,3.0,835096149
541,4446,3.0,1004506154
160,1006,3.0,903571173
668,7983,3.0,1188060093
303,936,3.0,976136050
624,1422,3.0,891384634
575,5938,3.0,1038140541
561,2985,3.0,944927780
140,105,3.0,847403133
656,466,3.0,838777932
501,1923,3.0,1042992904
558,1015,3.0,841217913
651,6535,3.0,1064250185
542,1645,3.0,1303681240
668,81782,3.0,1304011906
128,54259,3.0,1287372554
148,350,3.0,837259602
420,2000,3.0,956588348
164,104441,3.0,1440812935
47,28,3.0,843154489
575,2852,3.0,939926070
369,2140,3.0,953444596
177,1682,3.0,1074043256
376,2018,3.0,942577237
326,432,3.0,844184166
63,56782,3.0,1299478260
1,2762,3.0,1217896143
575,3671,3.0,960209776
194,587,3.0,1364052358
600,3099,3.0,971298025
72,1483,3.0,877800861
334,380,3.0,845388537
541,1644,3.0,1004508454
311,704,3.0,850408442
492,367,3.0,835505987
627,1101,3.0,1237934990
420,1500,3.0,956588426
651,6266,3.0,1064249731
668,72356,3.0,1258294029
578,1034,3.0,858656445
298,1235,3.0,1311696752
668,2329,3.0,1025888044
561,2600,3.0,948001264
134,782,3.0,862764435
274,521,3.0,892802338
95,112,3.0,862502914
117,41,3.0,851343738
615,2968,3.0,955127761
128,43932,3.0,1262680145
25,2124,3.0,916666013
294,260,3.0,1001985700
530,2366,3.0,1064711277
224,32596,3.0,1425335851
458,2952,3.0,953240466
619,3285,3.0,1445257330
668,2000,3.0,1025886181
409,1967,3.0,1292751637
402,67252,3.0,1279137475
44,1206,3.0,1225240552
102,3752,3.0,975430299
448,7361,3.0,1439425785
458,1468,3.0,953242317
583,2699,3.0,978506572
386,4643,3.0,1223297293
458,2671,3.0,1083574433
252,3932,3.0,1048128098
668,1277,3.0,1091976986
232,43558,3.0,1301457747
458,2726,3.0,975779446
361,590,3.0,834834204
668,2732,3.0,1025886014
561,39,3.0,948002437
461,4213,3.0,1193065907
244,937,3.0,953170852
590,8366,3.0,1243444139
303,1428,3.0,975171858
443,954,3.0,915221021
188,1298,3.0,879098407
146,998,3.0,944927950
162,292,3.0,836675335
459,367,3.0,845305834
164,97950,3.0,1440812845
130,253,3.0,941902109
668,5875,3.0,1343147428
501,4090,3.0,1042992397
475,1248,3.0,1305326167
475,1320,3.0,1334554644
283,260,3.0,868262072
495,3703,3.0,993842421
580,3361,3.0,1209461765
364,357,3.0,1111637468
239,273,3.0,841756152
668,37853,3.0,1193622684
573,2762,3.0,1006523336
207,4321,3.0,992197874
575,4378,3.0,1018273035
413,103688,3.0,1385289882
275,8596,3.0,1136702663
469,298,3.0,865437501
668,135288,3.0,1444268085
177,423,3.0,1074056431
575,92509,3.0,1337617604
354,1,3.0,965328072
413,3527,3.0,1244333012
575,1463,3.0,939811208
402,4299,3.0,1172476864
389,256,3.0,1312974202
442,595,3.0,840556421
491,292,3.0,839301950
177,5816,3.0,1074043064
444,338,3.0,833531963
220,3157,3.0,1112609415
224,103335,3.0,1420795284
578,90,3.0,858656400
410,3639,3.0,1146160919
47,785,3.0,853361719
668,42681,3.0,1215469288
162,318,3.0,836675289
178,47,3.0,843392998
192,4246,3.0,1030747996
282,595,3.0,959816805
29,1385,3.0,865694628
484,2746,3.0,1308770657
656,231,3.0,838777461
410,6333,3.0,1146158987
220,339,3.0,1111994195
326,357,3.0,844184113
578,1133,3.0,858656445
147,2075,3.0,986103890
575,94,3.0,939810048
325,3255,3.0,1300116379
567,3477,3.0,1129535681
394,419,3.0,845891552
568,1610,3.0,1142789480
543,3863,3.0,995891405
89,924,3.0,1328923632
164,78467,3.0,1440812613
348,47,3.0,1311169796
310,3052,3.0,1091958145
242,1391,3.0,944908879
29,355,3.0,836820616
642,103655,3.0,1439772191
606,68237,3.0,1448039985
296,2371,3.0,1085799561
575,4776,3.0,1018273035
283,1372,3.0,868268135
315,2951,3.0,979182833
458,93,3.0,953243580
451,2124,3.0,1130472011
646,7348,3.0,1099751746
668,51935,3.0,1185860354
148,10,3.0,837259309
95,612,3.0,862503105
310,3256,3.0,1106395637
402,5481,3.0,1172439620
458,2482,3.0,953240092
402,520,3.0,1172356526
283,172,3.0,868266166
410,3972,3.0,1138557018
493,1485,3.0,1218333462
83,38038,3.0,1418841184
168,1197,3.0,1159239301
201,367,3.0,1027374577
140,993,3.0,850121520
575,4214,3.0,984777809
164,2683,3.0,1440962542
575,1801,3.0,939890665
668,8767,3.0,1209739183
551,410,3.0,833097740
413,54272,3.0,1272273325
668,59336,3.0,1238876764
646,3827,3.0,1093701146
578,1357,3.0,858655854
475,90603,3.0,1325671902
538,1603,3.0,1034122120
370,410,3.0,830304222
110,1036,3.0,992250427
561,2433,3.0,944927042
461,2450,3.0,1193066230
140,1457,3.0,867828018
239,272,3.0,841756170
283,468,3.0,868266694
283,1242,3.0,868265405
89,163,3.0,1328923014
228,880,3.0,1141170661
201,4963,3.0,1027310295
575,4857,3.0,1182608894
296,3256,3.0,1085797858
122,376,3.0,1024806032
423,597,3.0,1087859841
476,3683,3.0,1267546255
668,40959,3.0,1142750964
160,490,3.0,902698436
668,8947,3.0,1111374656
310,7101,3.0,1124193704
668,1641,3.0,1025888694
179,318,3.0,1056698604
63,6213,3.0,1299620999
29,86,3.0,840547587
541,1409,3.0,1004508846
668,6873,3.0,1369545622
567,6709,3.0,1129536032
308,49278,3.0,1233208185
183,2005,3.0,1379259675
220,4963,3.0,1111498104
458,233,3.0,953241246
662,2382,3.0,945175342
140,376,3.0,850340208
61,1289,3.0,1059007145
423,32,3.0,1087859752
310,6620,3.0,1218316315
226,762,3.0,857755461
130,3527,3.0,996625911
518,4995,3.0,1439913096
622,129354,3.0,1447458156
461,3802,3.0,1193065952
376,1082,3.0,942192470
495,2396,3.0,993841431
128,88235,3.0,1338952317
586,3039,3.0,1397065409
611,68157,3.0,1368126320
668,4711,3.0,1041181042
228,5816,3.0,1141170348
318,593,3.0,842517264
462,786,3.0,862800525
220,2950,3.0,1112708075
239,253,3.0,841755838
588,3929,3.0,995644623
668,92420,3.0,1349457389
554,788,3.0,1111866146
458,1194,3.0,938852898
484,2124,3.0,1308770153
451,7454,3.0,1131346641
668,52722,3.0,1195152535
557,1206,3.0,1284928299
530,5060,3.0,1155177225
413,89753,3.0,1353556001
440,3653,3.0,962679131
283,235,3.0,868263659
232,76121,3.0,1287021666
432,405,3.0,957670771
17,8984,3.0,1234030854
188,367,3.0,879101902
458,3113,3.0,943728916
137,2735,3.0,1223513385
485,2739,3.0,1051624592
17,47382,3.0,1359557104
413,40815,3.0,1333857214
196,266,3.0,834707402
627,1100,3.0,1237990872
28,1552,3.0,884098393
668,3060,3.0,1062043197
452,3363,3.0,1290764796
244,2890,3.0,953168807
29,9,3.0,850742297
372,5952,3.0,1111665173
668,7076,3.0,1070466912
668,72367,3.0,1258294015
376,1124,3.0,942193901
458,6550,3.0,1063627758
268,55247,3.0,1227220039
242,3015,3.0,945668253
296,588,3.0,1085797985
337,2012,3.0,962606734
224,57640,3.0,1428127836
29,491,3.0,836821028
310,47997,3.0,1184337622
587,253,3.0,846184152
475,2296,3.0,1305359033
668,2948,3.0,1025892424
54,1101,3.0,1146941081
461,783,3.0,1193067819
89,2959,3.0,1328925244
665,3440,3.0,1231674951
575,2616,3.0,939887722
622,104241,3.0,1447455539
354,4079,3.0,1017785945
244,1221,3.0,953171127
576,32296,3.0,1446941024
607,5346,3.0,1019952183
619,1183,3.0,1445258347
668,47728,3.0,1225947617
413,3994,3.0,1235304166
89,1240,3.0,1328925286
568,4327,3.0,1142791587
358,4963,3.0,1408188808
355,590,3.0,835212939
376,1466,3.0,942574356
194,52456,3.0,1364056649
335,68237,3.0,1303498187
668,6539,3.0,1070858700
668,4187,3.0,1283532547
607,1897,3.0,974785904
201,2478,3.0,1027311339
668,2356,3.0,1098366340
668,7195,3.0,1251341524
512,41997,3.0,1254435593
436,365,3.0,837694945
451,6503,3.0,1131347072
409,63082,3.0,1306431268
228,3751,3.0,1124279657
607,3864,3.0,974706918
668,34532,3.0,1134888199
475,81132,3.0,1314524206
461,552,3.0,1297621143
4,2301,3.0,950322729
668,43803,3.0,1257546535
88,1374,3.0,1040275443
160,1917,3.0,901154545
586,344,3.0,1397068663
443,1201,3.0,915222166
575,26734,3.0,1182812285
277,2167,3.0,1445254899
436,304,3.0,837694989
567,4886,3.0,1129521496
140,849,3.0,854439969
224,377,3.0,1420827457
668,7254,3.0,1092585329
475,5876,3.0,1305328255
458,5481,3.0,1028081117
469,1235,3.0,865534693
311,719,3.0,850408346
668,88640,3.0,1397185579
352,5308,3.0,1025710514
568,2407,3.0,1142790061
354,196,3.0,1018640802
198,1238,3.0,958688248
668,2497,3.0,1025855532
575,4699,3.0,1023625919
260,2,3.0,847822793
521,1748,3.0,1351092642
235,1466,3.0,953677889
275,40815,3.0,1136710024
458,2420,3.0,975780442
634,5445,3.0,1188439010
83,5218,3.0,1418842296
255,4890,3.0,1174416555
36,329,3.0,847183226
303,3435,3.0,975171999
668,133583,3.0,1435891577
402,3869,3.0,1172479750
222,2875,3.0,945321783
500,1907,3.0,1318398469
589,64957,3.0,1439524160
152,2471,3.0,1317152578
575,72552,3.0,1260291505
118,3623,3.0,1045005858
160,1909,3.0,901154510
369,1307,3.0,941391382
371,318,3.0,841274512
354,903,3.0,965328495
484,6378,3.0,1308767730
471,1968,3.0,972782101
193,1029,3.0,944903921
436,225,3.0,837693855
656,185,3.0,838777501
607,3809,3.0,974712650
668,563,3.0,1031415657
668,59159,3.0,1233268458
668,108427,3.0,1390533229
600,3753,3.0,1025321789
575,2000,3.0,939916174
444,193,3.0,833531782
575,1962,3.0,952402126
62,435,3.0,1268793390
605,2150,3.0,955376762
224,113378,3.0,1428042775
18,780,3.0,1107371965
54,1907,3.0,1146962089
118,3175,3.0,1045003283
357,3615,3.0,959269861
665,260,3.0,1231676984
408,173,3.0,831667577
310,6373,3.0,1096819749
147,4168,3.0,986113033
109,153,3.0,918631678
413,81090,3.0,1390726662
113,2167,3.0,1209272952
555,1081,3.0,875312583
575,30822,3.0,1116285513
541,760,3.0,1004511888
283,457,3.0,868263866
63,52973,3.0,1299506461
397,1962,3.0,979372767
542,541,3.0,1303685265
458,2795,3.0,975731330
28,356,3.0,884099369
575,1395,3.0,949754604
560,2041,3.0,1069086432
458,3836,3.0,975731680
128,6572,3.0,1281808406
485,2463,3.0,1028842542
311,743,3.0,850408258
399,1836,3.0,945155085
567,2121,3.0,1129535931
179,1304,3.0,1082805237
195,1327,3.0,1234121413
36,380,3.0,847183057
54,3489,3.0,1146942697
458,1682,3.0,938814302
130,4713,3.0,996626318
451,6156,3.0,1131346717
47,153,3.0,841750398
118,2081,3.0,1045334164
94,1219,3.0,1169272376
283,1374,3.0,868267173
436,455,3.0,837694388
110,2710,3.0,992252092
505,110,3.0,965682495
361,282,3.0,834834371
9,348,3.0,842686664
575,96751,3.0,1358177762
575,111,3.0,939802730
361,588,3.0,834834230
561,3113,3.0,944927139
337,3639,3.0,962605109
91,1210,3.0,949281535
69,2871,3.0,1121104674
303,496,3.0,976218637
583,1382,3.0,978507859
190,104,3.0,840451805
281,1582,3.0,992331144
426,1597,3.0,973996109
575,778,3.0,939806509
62,802,3.0,1267564299
63,59037,3.0,1299773347
176,364,3.0,965402690
405,5602,3.0,1296440864
493,350,3.0,1218333439
219,4302,3.0,1011719161
242,2942,3.0,945674785
668,26303,3.0,1183431399
310,1277,3.0,1240088004
233,315,3.0,835096048
133,150,3.0,852189769
436,516,3.0,837694728
220,1841,3.0,1114411191
429,2771,3.0,993082705
244,1036,3.0,953171126
26,1961,3.0,1125690748
83,104,3.0,1418841797
644,1483,3.0,868191786
413,77798,3.0,1308826444
597,441,3.0,965155418
16,410,3.0,842888284
203,2011,3.0,955136947
147,480,3.0,986103767
492,10,3.0,835505863
128,81156,3.0,1306587680
17,41566,3.0,1235221629
402,454,3.0,1172478009
224,54259,3.0,1444708808
246,10,3.0,845316114
321,1073,3.0,848666559
356,457,3.0,833958548
198,2433,3.0,958689667
412,63082,3.0,1415279391
458,2001,3.0,975730256
255,26084,3.0,1174421733
149,537,3.0,855908599
668,195,3.0,1030985458
459,280,3.0,845305971
47,26,3.0,853695250
459,50,3.0,845305901
462,780,3.0,862800490
668,31030,3.0,1117595477
632,594,3.0,1388950646
402,151,3.0,1172356482
563,2023,3.0,1112205653
82,1513,3.0,1217431138
530,1188,3.0,978236863
137,466,3.0,1201400115
484,2572,3.0,1308770122
668,4888,3.0,1201148904
148,480,3.0,837259413
535,81834,3.0,1432619373
627,5693,3.0,1238075804
475,86882,3.0,1318679881
567,1304,3.0,1129522409
234,1197,3.0,901931772
458,95510,3.0,1404331580
661,852,3.0,866410959
342,475,3.0,845454276
403,1732,3.0,1224525695
310,5463,3.0,1124192976
238,1391,3.0,1082122030
620,4901,3.0,1024598280
376,3060,3.0,942189774
150,5299,3.0,1042252879
545,296,3.0,845321253
475,3168,3.0,1305329200
123,8827,3.0,1155479636
668,7415,3.0,1090048087
668,1060,3.0,1084397390
627,491,3.0,1237990746
8,724,3.0,858611606
138,380,3.0,835879077
459,595,3.0,845305756
156,1584,3.0,885580124
118,3155,3.0,1045334482
668,7177,3.0,1104979367
473,474,3.0,836972847
607,4015,3.0,1010381023
607,2393,3.0,977942584
475,99728,3.0,1392583068
644,798,3.0,868190497
156,60,3.0,886546955
66,1682,3.0,961685930
600,4784,3.0,1014435867
575,2871,3.0,939927190
668,1711,3.0,1025850350
358,3196,3.0,1408189524
410,1949,3.0,1114027910
224,1917,3.0,1390026640
668,3173,3.0,1025861694
507,316,3.0,848405065
668,5418,3.0,1058477320
258,349,3.0,833911105
527,520,3.0,838824178
88,1468,3.0,1182210623
501,2085,3.0,1042991189
485,4545,3.0,1028840616
668,158,3.0,1025885324
117,708,3.0,851343649
343,8961,3.0,1196304239
105,1073,3.0,857734435
607,986,3.0,974711952
383,3253,3.0,1214211002
9,47,3.0,842686351
410,2124,3.0,1144962942
458,62999,3.0,1235763634
399,70,3.0,945153135
451,366,3.0,1145359675
518,1580,3.0,1439912869
328,6807,3.0,1256102538
354,2,3.0,1017843286
289,4878,3.0,1446724626
411,185,3.0,833711490
260,21,3.0,847822703
557,4995,3.0,1284927332
575,1701,3.0,939806718
352,4321,3.0,1006318080
255,4343,3.0,1174416560
530,1,3.0,972346644
493,1682,3.0,1218333347
66,1393,3.0,961688512
453,1031,3.0,859326260
69,6987,3.0,1121089379
156,552,3.0,886109559
140,380,3.0,847402686
575,40815,3.0,1149548319
411,231,3.0,833711458
165,880,3.0,862302232
409,2953,3.0,1292752554
281,592,3.0,992331596
483,2808,3.0,1387204773
668,3418,3.0,1061667997
130,1233,3.0,941840429
662,2375,3.0,945176688
605,1682,3.0,954089431
3,592,3.0,841483460
668,73109,3.0,1262211119
309,3717,3.0,1293928692
555,39,3.0,875311941
32,1911,3.0,901443027
179,5279,3.0,1082805785
129,225,3.0,832594477
310,3190,3.0,1092230549
601,1961,3.0,938946209
235,539,3.0,953740967
283,760,3.0,868262978
514,58293,3.0,1337390945
607,1889,3.0,974785130
607,316,3.0,974711126
399,4,3.0,945155623
235,3252,3.0,953677867
283,653,3.0,868262089
327,1088,3.0,1167368777
399,253,3.0,945153665
26,474,3.0,1125690743
485,1393,3.0,1029337962
24,2176,3.0,963468222
203,3462,3.0,955133151
426,1210,3.0,973995504
402,1517,3.0,1172356164
3,261,3.0,841483782
471,589,3.0,972781293
6,2335,3.0,1348692322
575,1480,3.0,983300149
451,597,3.0,1168987340
244,3259,3.0,953167473
583,3863,3.0,978505687
413,81591,3.0,1306663245
150,32589,3.0,1114904214
575,4041,3.0,978452797
255,5582,3.0,1174420200
62,4713,3.0,1267425944
87,380,3.0,1173620488
9,246,3.0,842686720
28,852,3.0,884098449
418,316,3.0,1100022569
128,89030,3.0,1340759162
376,2859,3.0,942186639
333,261,3.0,834761892
567,541,3.0,1129522043
137,2145,3.0,1223511671
336,780,3.0,1248028733
605,3852,3.0,970790350
376,1095,3.0,942191891
475,7408,3.0,1435479501
451,6373,3.0,1130471539
62,34338,3.0,1267426309
501,1207,3.0,1042989255
469,345,3.0,865437395
247,40819,3.0,1451187957
218,48,3.0,1255817472
469,1186,3.0,865534385
283,1429,3.0,868262591
575,2918,3.0,939916305
158,60126,3.0,1241329361
436,515,3.0,837694114
220,553,3.0,1111496557
394,15,3.0,845891687
551,48,3.0,833098007
322,4973,3.0,1030115851
428,6518,3.0,1105416889
196,455,3.0,834708006
668,6273,3.0,1053842502
624,1702,3.0,891384808
357,3328,3.0,1017609036
259,5952,3.0,1079617253
620,1722,3.0,1024538816
613,281,3.0,830718039
232,2090,3.0,1277849931
55,593,3.0,1269637366
483,2278,3.0,1387204580
664,56174,3.0,1423508471
575,5,3.0,939888180
318,11,3.0,842518007
62,303,3.0,1267425010
390,249,3.0,839947633
129,590,3.0,832594377
367,1124,3.0,865551879
650,1702,3.0,965504338
38,48982,3.0,1409371337
177,587,3.0,1074045764
235,2808,3.0,953677078
543,2719,3.0,995891584
407,2313,3.0,1239988174
607,161,3.0,974714643
66,260,3.0,961684855
275,2847,3.0,1136711078
310,538,3.0,1125054161
244,1204,3.0,953167948
61,1810,3.0,1059070510
659,908,3.0,1394644986
383,2354,3.0,1214216484
218,1894,3.0,1255804827
266,586,3.0,841655852
220,2410,3.0,1111831863
409,1485,3.0,1292704000
440,3185,3.0,962679057
386,47,3.0,1223152417
668,3720,3.0,1037890182
668,263,3.0,1035574313
107,3201,3.0,958160268
495,1079,3.0,993842383
235,1375,3.0,954450634
615,1772,3.0,955128924
560,520,3.0,1069086606
113,236,3.0,1209273380
107,3361,3.0,958157091
17,1917,3.0,1359557061
485,4823,3.0,1029260500
318,454,3.0,842517667
408,367,3.0,831668237
142,2354,3.0,1307140545
451,590,3.0,1130471224
269,783,3.0,1293104762
627,3744,3.0,1237991317
521,38038,3.0,1351092382
476,45081,3.0,1267546593
421,1047,3.0,879858148
303,969,3.0,976136050
451,761,3.0,1145359663
518,1721,3.0,1439912872
567,4396,3.0,1176564906
443,188,3.0,915225198
231,3591,3.0,1321055357
543,1042,3.0,995889604
575,2919,3.0,939915882
179,3535,3.0,1082809585
232,75805,3.0,1277874321
275,25937,3.0,1136702670
104,485,3.0,836835164
561,372,3.0,948002732
29,186,3.0,836818017
661,781,3.0,866411292
169,497,3.0,853943468
636,1234,3.0,939665544
369,2022,3.0,941389923
130,1356,3.0,941901571
369,1513,3.0,953443968
244,185,3.0,953170097
458,8596,3.0,1096793628
310,1,3.0,1091954113
343,780,3.0,1196304289
668,7039,3.0,1187774719
22,2712,3.0,1111576361
376,1834,3.0,942187631
309,44195,3.0,1293928021
47,553,3.0,853361808
252,913,3.0,1048128013
668,91077,3.0,1334358095
505,3148,3.0,965682547
425,110,3.0,1077475338
609,62,3.0,865264672
575,5961,3.0,1039447277
622,97923,3.0,1451566207
522,474,3.0,833478444
223,1084,3.0,948941114
575,2990,3.0,949754727
354,3451,3.0,1017951539
109,2463,3.0,918798491
461,2706,3.0,1179854171
308,7482,3.0,1233353345
458,2363,3.0,977343773
151,88,3.0,864723062
128,27067,3.0,1270689503
277,106498,3.0,1445254716
615,8739,3.0,955125510
594,837,3.0,1163470271
510,1416,3.0,1217319129
583,70,3.0,978505819
220,1220,3.0,1111496525
148,95,3.0,837259706
269,1917,3.0,1293105416
250,11,3.0,1107160985
311,784,3.0,850408090
244,724,3.0,953169514
575,230,3.0,939807294
283,1485,3.0,868263448
354,940,3.0,965329090
210,2142,3.0,1041825733
107,2194,3.0,958155822
269,2949,3.0,1293106078
458,1585,3.0,953240821
326,315,3.0,844184141
69,647,3.0,1121284153
361,474,3.0,834834651
297,910,3.0,1186148991
416,10,3.0,844956579
510,260,3.0,1217319889
414,1089,3.0,1032192743
410,2096,3.0,1144880822
109,2269,3.0,929086075
402,51540,3.0,1180214262
575,5581,3.0,1032205008
130,1394,3.0,941840764
461,8360,3.0,1179853765
390,440,3.0,839947580
179,1148,3.0,1056698414
668,1321,3.0,1025888119
668,72386,3.0,1269302661
668,4019,3.0,1025888507
422,4369,3.0,1063251782
451,2518,3.0,1138618074
339,2396,3.0,1172019569
192,2861,3.0,1014418205
575,42728,3.0,1147009872
275,3253,3.0,1136701066
63,1393,3.0,1299504758
150,3555,3.0,1042254601
521,59315,3.0,1351089106
9,353,3.0,842686550
354,2115,3.0,1109701154
122,5361,3.0,1024803916
178,410,3.0,843393015
561,1894,3.0,948002776
383,2100,3.0,1214210999
203,2805,3.0,955136221
121,2622,3.0,944957601
247,8784,3.0,1451122500
575,1004,3.0,939888650
9,585,3.0,842686550
543,3909,3.0,995891818
310,42734,3.0,1172349728
443,165,3.0,915223053
540,592,3.0,1241713920
485,2080,3.0,1059649315
590,6807,3.0,1243424332
44,1262,3.0,1225238840
38,2683,3.0,1409803819
597,3841,3.0,965117819
307,47,3.0,831900624
128,1967,3.0,1262929087
369,2959,3.0,942579029
98,24,3.0,955175034
668,32471,3.0,1261062152
242,2420,3.0,945674626
386,4886,3.0,1223146816
28,920,3.0,884100552
668,2912,3.0,1025857946
567,5418,3.0,1129523128
558,42,3.0,842800878
114,99114,3.0,1452130357
9,417,3.0,842686965
439,628,3.0,864847191
180,1917,3.0,1180846744
442,14,3.0,840555753
188,539,3.0,879100260
141,778,3.0,1267891441
543,3165,3.0,995889240
453,5060,3.0,859325058
310,39231,3.0,1151853953
668,2006,3.0,1025855042
20,934,3.0,1289757253
597,2152,3.0,965118275
668,4903,3.0,1061668130
630,21,3.0,836085285
590,2403,3.0,1247599255
275,6218,3.0,1136701146
475,48385,3.0,1443980081
668,3068,3.0,1025846942
117,837,3.0,851346305
310,6879,3.0,1100811849
545,516,3.0,845651953
600,1354,3.0,1025322608
258,252,3.0,833911263
164,106696,3.0,1440812028
413,1393,3.0,1396432813
145,3260,3.0,955414557
668,70451,3.0,1351303109
416,707,3.0,844956877
561,1518,3.0,948001170
453,1220,3.0,859325745
380,3168,3.0,1020279391
422,3536,3.0,1063251707
575,87485,3.0,1319811382
575,2475,3.0,939926509
224,6936,3.0,1436765921
120,551,3.0,960332253
576,117851,3.0,1445086577
659,4963,3.0,1394645982
118,292,3.0,1045006066
66,3556,3.0,1041611826
665,55363,3.0,1231676119
575,3385,3.0,952546876
258,440,3.0,833911364
668,3467,3.0,1025861357
335,3468,3.0,1303497836
583,3766,3.0,978507922
451,231,3.0,1130495613
668,1875,3.0,1036424597
627,3557,3.0,1237994403
107,2406,3.0,958160743
576,1663,3.0,1446821269
244,52,3.0,953168879
113,2407,3.0,1209273017
158,2706,3.0,1247269363
143,595,3.0,841221814
607,708,3.0,974712650
206,2571,3.0,1437518671
118,5010,3.0,1045003867
352,1208,3.0,1006556826
668,25777,3.0,1125680880
498,153,3.0,852918965
177,2291,3.0,1074041853
310,8809,3.0,1189976788
431,231,3.0,839893457
627,21,3.0,1237932647
244,2803,3.0,953169574
568,3893,3.0,1142791042
303,1885,3.0,975183316
461,3863,3.0,1193065850
666,3175,3.0,1021278268
627,53550,3.0,1237994386
60,1,3.0,1162941827
454,367,3.0,833725062
89,4718,3.0,1328924428
410,33646,3.0,1133392779
148,420,3.0,837259413
283,828,3.0,868263474
560,2044,3.0,1069086458
484,1917,3.0,1308768530
151,104,3.0,864684331
192,2716,3.0,1002133795
567,223,3.0,1129522079
575,2528,3.0,939927352
358,2001,3.0,1408189240
514,4367,3.0,1337390735
109,3045,3.0,971100923
96,107,3.0,857048880
600,1228,3.0,1005450925
303,905,3.0,976136102
157,1391,3.0,916673165
235,2,3.0,953676178
668,33646,3.0,1129181505
242,944,3.0,944903734
659,2763,3.0,1394688728
541,3081,3.0,1004507208
567,5785,3.0,1129536108
458,802,3.0,953241833
228,1359,3.0,1141173667
567,552,3.0,1129522673
365,1033,3.0,1062894424
575,4855,3.0,1002594649
561,550,3.0,948002810
607,1916,3.0,974706492
575,2064,3.0,949754476
597,3673,3.0,965118984
354,1242,3.0,965328840
577,153,3.0,1031892389
381,253,3.0,844074480
615,3417,3.0,955127537
179,1220,3.0,1077162626
283,1089,3.0,868264576
555,1479,3.0,875311226
461,2094,3.0,1193066085
63,8368,3.0,1300029139
410,1527,3.0,1132763789
150,1597,3.0,1042255233
63,46530,3.0,1299773867
11,1019,3.0,850817715
47,112,3.0,853695198
547,516,3.0,835256217
475,2108,3.0,1440794965
29,164,3.0,836230874
484,7102,3.0,1308770599
386,6774,3.0,1223160491
95,673,3.0,862503011
569,2005,3.0,1245983178
597,2793,3.0,965118451
113,3,3.0,1209272944
426,2252,3.0,973995536
4,1186,3.0,950323662
535,86332,3.0,1432619467
232,48161,3.0,1277409041
576,84944,3.0,1445085443
354,1097,3.0,965327388
244,1285,3.0,953172147
310,2022,3.0,1138304766
505,2724,3.0,965682232
637,750,3.0,983918454
66,3865,3.0,1041611818
194,76147,3.0,1364051560
627,3984,3.0,1237931941
410,3608,3.0,1144962572
605,586,3.0,955375755
668,61465,3.0,1232680192
310,2987,3.0,1278246598
462,1427,3.0,862801052
376,3062,3.0,943179774
122,3247,3.0,1024808509
354,6534,3.0,1061238751
128,45081,3.0,1262378549
128,3624,3.0,1287372615
458,5297,3.0,1030663717
303,1202,3.0,976136050
135,1203,3.0,891655279
575,1779,3.0,940142468
177,805,3.0,1074043004
458,4267,3.0,1002850730
203,7,3.0,955136238
668,97388,3.0,1363693823
414,3707,3.0,1032192166
597,2515,3.0,965154882
32,2115,3.0,903794586
22,527,3.0,1111573463
179,1258,3.0,1089371505
9,431,3.0,842686750
107,592,3.0,958155922
50,190,3.0,904745484
168,455,3.0,1159238223
575,1189,3.0,962719159
575,4572,3.0,994593734
71,4975,3.0,1063749103
283,194,3.0,868264327
521,6874,3.0,1351088970
469,185,3.0,865533660
501,364,3.0,1042992659
442,326,3.0,840556784
451,4025,3.0,1250164283
224,56156,3.0,1425336314
118,954,3.0,1045920320
660,280,3.0,833100785
418,1201,3.0,1100030904
275,3549,3.0,1136710264
575,6323,3.0,1073824093
420,2011,3.0,956588767
575,3712,3.0,959176529
268,4033,3.0,1227219041
575,5077,3.0,1012909255
458,2115,3.0,975730278
244,2577,3.0,953169761
180,1029,3.0,1181014924
575,45447,3.0,1165933327
575,914,3.0,963750438
575,2239,3.0,939927286
528,858,3.0,1252650325
377,3249,3.0,1201899349
578,1312,3.0,858656312
575,2875,3.0,939807238
160,1413,3.0,901154856
451,6593,3.0,1131750327
286,33683,3.0,1437596666
156,1343,3.0,886109232
219,4643,3.0,1011718735
661,996,3.0,866411329
530,858,3.0,945043204
575,4062,3.0,979060304
122,2764,3.0,1024808364
244,1409,3.0,953167646
218,1584,3.0,1258390616
410,3219,3.0,1146756005
88,329,3.0,1100184653
668,2475,3.0,1041361380
303,1897,3.0,976733383
410,2625,3.0,1146158912
499,61729,3.0,1277426124
575,87192,3.0,1329756553
644,1438,3.0,868190513
475,99611,3.0,1358145340
188,1367,3.0,879097087
560,1091,3.0,1069087349
239,653,3.0,854963405
102,3512,3.0,975429766
224,56174,3.0,1420876191
218,1688,3.0,1255817201
72,1427,3.0,889221244
100,3147,3.0,1117381576
668,6964,3.0,1092593308
399,1892,3.0,945154353
354,2391,3.0,1024075602
72,849,3.0,889220975
582,1544,3.0,911288614
451,370,3.0,1130470933
627,2058,3.0,1237931365
451,1608,3.0,1131750052
140,78,3.0,850121426
656,303,3.0,838778008
596,1278,3.0,1048835217
62,33085,3.0,1267426081
427,1240,3.0,1329765705
644,839,3.0,868190346
443,2160,3.0,915228581
268,2359,3.0,1227220210
395,4718,3.0,1012595008
169,10,3.0,853569406
575,762,3.0,940142646
275,6539,3.0,1136710731
484,2291,3.0,1308769932
664,45447,3.0,1423508526
62,72605,3.0,1267428019
146,1224,3.0,944926679
575,5732,3.0,1182541718
199,2640,3.0,975878073
426,4148,3.0,1006031305
668,6188,3.0,1293413309
436,279,3.0,837694974
75,2747,3.0,1051070864
458,45062,3.0,1332197498
561,2513,3.0,948002016
75,899,3.0,1051071283
551,595,3.0,833097643
458,1624,3.0,953241309
62,27674,3.0,1267425270
324,1653,3.0,891600914
342,453,3.0,845456002
475,141432,3.0,1442753783
277,72641,3.0,1445250120
130,4161,3.0,996627318
224,4638,3.0,1393131089
508,6537,3.0,1451233612
605,2406,3.0,955376783
584,1321,3.0,945277447
575,1377,3.0,939886926
516,1274,3.0,1001472392
575,6096,3.0,1043182499
179,3111,3.0,1082805996
571,3,3.0,859156049
627,805,3.0,1237989875
575,4299,3.0,1002370726
583,34,3.0,978426637
632,2012,3.0,1388950393
383,7173,3.0,1214220011
24,1801,3.0,963470559
62,1196,3.0,1268779663
274,163,3.0,892802222
244,3466,3.0,953168435
235,2278,3.0,953751124
425,2,3.0,1077442262
575,3062,3.0,949701654
273,368,3.0,1227878541
581,6367,3.0,1110288009
233,364,3.0,835096048
28,1208,3.0,884099552
399,196,3.0,945153743
371,588,3.0,841274442
631,36,3.0,943354345
620,2747,3.0,1024539052
668,91137,3.0,1321980478
244,998,3.0,953171170
318,161,3.0,842517612
113,1378,3.0,1209263721
530,49772,3.0,1169323405
627,7090,3.0,1237935338
283,1459,3.0,868262819
122,2687,3.0,1024806431
399,799,3.0,945153581
461,8644,3.0,1179853640
275,1366,3.0,1136701669
597,3708,3.0,965182076
420,1276,3.0,956588188
105,186,3.0,857738500
528,4306,3.0,1252816649
255,2763,3.0,1174416359
192,2087,3.0,1002134165
354,292,3.0,1017843710
575,6313,3.0,1049831453
261,2232,3.0,1138113691
157,2140,3.0,916672880
378,3462,3.0,957662359
633,8883,3.0,1134971447
493,1653,3.0,1218333488
8,673,3.0,858611190
469,409,3.0,865534607
260,296,3.0,847822516
605,1411,3.0,954088995
310,8644,3.0,1103384571
668,2550,3.0,1025858524
668,230,3.0,1025858858
555,1371,3.0,875314270
128,1917,3.0,1325126306
495,3507,3.0,993844158
601,314,3.0,938947097
578,1167,3.0,858656219
4,1333,3.0,950323707
481,2716,3.0,938871145
575,5843,3.0,1036530418
575,2641,3.0,939926645
92,17,3.0,840581780
107,2020,3.0,958156724
180,2042,3.0,1180845528
255,6996,3.0,1174418771
597,2846,3.0,965118219
484,2058,3.0,1308768439
62,5219,3.0,1267564430
282,3317,3.0,959816372
274,1474,3.0,892801499
451,6365,3.0,1130836771
228,3997,3.0,1141175240
578,703,3.0,858656270
329,2953,3.0,1009869438
179,2891,3.0,1082807795
188,1210,3.0,879096799
427,79132,3.0,1329765449
66,832,3.0,961686549
235,2302,3.0,953738815
668,108945,3.0,1404970763
363,2678,3.0,947644790
38,2720,3.0,1409370900
352,2268,3.0,1006317487
656,13,3.0,838778431
530,1334,3.0,945322084
134,66,3.0,862764183
224,1590,3.0,1420831572
260,282,3.0,847822810
601,1228,3.0,938946248
611,3257,3.0,1368127025
244,1370,3.0,953169174
156,1461,3.0,885584095
593,3005,3.0,975676956
115,236,3.0,1364195371
330,377,3.0,1022353708
485,3273,3.0,1058174423
402,349,3.0,1172476431
376,1028,3.0,942187631
516,4149,3.0,1001472392
410,2115,3.0,1146517809
534,492,3.0,916850770
244,3388,3.0,953171786
283,539,3.0,868267889
269,733,3.0,1293105125
118,1616,3.0,1045006190
619,1597,3.0,1445257824
575,5029,3.0,1012909296
63,6537,3.0,1299518737
146,1914,3.0,944927078
79,3052,3.0,1227242939
63,8861,3.0,1300122430
303,514,3.0,976218582
247,3948,3.0,1451122428
603,230,3.0,862156232
9,593,3.0,842686269
603,466,3.0,862156232
199,2532,3.0,975878383
544,11,3.0,944947417
213,6785,3.0,1111502540
169,1261,3.0,854002601
530,1544,3.0,1076728610
193,2012,3.0,944902436
364,5218,3.0,1111637380
642,104241,3.0,1439771630
192,4033,3.0,1030747018
542,51662,3.0,1332610783
250,2068,3.0,1107161923
410,4655,3.0,1134754724
195,48516,3.0,1234131706
303,1200,3.0,976124650
475,87975,3.0,1436556104
456,195,3.0,841937156
376,1185,3.0,942193163
196,48,3.0,834707529
422,6749,3.0,1063155716
32,466,3.0,904093362
453,1391,3.0,859302828
354,2628,3.0,965327714
575,57370,3.0,1214503985
235,2002,3.0,953751246
403,8376,3.0,1224525723
88,1101,3.0,1180879011
322,3334,3.0,1030140701
63,832,3.0,1300122198
177,6734,3.0,1074387311
29,508,3.0,836820253
436,592,3.0,837693658
251,344,3.0,1363373290
668,59976,3.0,1377922250
590,150,3.0,1243424823
244,1732,3.0,953169631
273,27674,3.0,1227876662
613,480,3.0,833195453
354,1240,3.0,965327455
408,316,3.0,831667417
430,457,3.0,833993469
668,49220,3.0,1185160198
583,3452,3.0,978506519
192,2067,3.0,1002134129
668,56607,3.0,1209958584
593,490,3.0,976422438
569,3386,3.0,1245983307
668,2120,3.0,1026179989
575,5842,3.0,1036530418
668,2,3.0,1025857792
636,2912,3.0,939548826
578,118,3.0,858655905
177,3948,3.0,1074044264
668,214,3.0,1141196193
615,16,3.0,955124672
605,1747,3.0,954087884
597,5,3.0,965182004
81,588,3.0,976285594
104,256,3.0,836834795
54,1210,3.0,1146941528
193,2291,3.0,944905050
157,89,3.0,916673900
330,5418,3.0,1032560711
668,27648,3.0,1128483457
399,2002,3.0,945154042
530,1262,3.0,945023028
566,1747,3.0,1381620329
195,1375,3.0,1234121196
162,296,3.0,836675187
192,589,3.0,1002132675
181,762,3.0,865813255
63,74677,3.0,1299577150
25,2262,3.0,916664457
283,648,3.0,868262053
616,1061,3.0,1259845051
196,217,3.0,834708115
668,2579,3.0,1183430588
129,1,3.0,832594433
595,637,3.0,863240668
473,208,3.0,836972517
199,3503,3.0,975877787
458,2020,3.0,975779869
428,1769,3.0,1105416422
165,494,3.0,862302067
454,590,3.0,833724836
399,147,3.0,945155775
451,1584,3.0,1130471339
190,277,3.0,840451328
458,2976,3.0,1083574443
118,543,3.0,1045334680
130,2167,3.0,941884328
607,1348,3.0,974788775
402,70286,3.0,1255271842
402,8861,3.0,1172440848
665,36513,3.0,1231682019
104,16,3.0,836834993
560,1030,3.0,1069086616
458,3693,3.0,975732204
575,1686,3.0,939810689
545,736,3.0,845741970
310,44022,3.0,1144869837
475,648,3.0,1305330705
534,1617,3.0,916849914
150,3623,3.0,1042254755
196,552,3.0,834707737
127,1270,3.0,1044478432
480,41569,3.0,1136647455
363,1978,3.0,947645064
668,7949,3.0,1211150980
239,466,3.0,841756170
578,732,3.0,858655959
617,57528,3.0,1225247729
342,222,3.0,845454342
575,3814,3.0,963749388
575,6708,3.0,1078753006
219,3744,3.0,1011718735
290,1275,3.0,1405038598
575,2409,3.0,939927352
668,8379,3.0,1086962752
185,3082,3.0,1099496194
588,750,3.0,993876302
668,3183,3.0,1125680770
461,68319,3.0,1264802096
425,370,3.0,1077442549
177,122,3.0,1074056504
561,2042,3.0,948002792
659,1221,3.0,1394644964
607,2787,3.0,974789427
469,1215,3.0,865533569
303,1537,3.0,975183238
220,1573,3.0,1111759175
668,3751,3.0,1025885365
576,104218,3.0,1448156579
209,4719,3.0,1013139678
668,91026,3.0,1321810122
247,59315,3.0,1451122442
642,105213,3.0,1439771622
580,3755,3.0,1209635943
220,920,3.0,1111994539
165,3,3.0,862302067
79,26131,3.0,1227242198
219,4965,3.0,1011718691
219,4890,3.0,1011719004
130,2109,3.0,957808153
130,111,3.0,941839901
443,2133,3.0,915222166
354,2752,3.0,1017843680
668,87040,3.0,1404915530
659,1552,3.0,1394688551
555,370,3.0,875314270
575,1732,3.0,939803005
177,2174,3.0,1074041847
668,16,3.0,1025858458
412,2115,3.0,1415279536
38,118696,3.0,1420625861
461,4370,3.0,1193065596
113,3386,3.0,1247702366
560,3262,3.0,1067550205
310,3053,3.0,1092234067
668,32853,3.0,1169864286
656,539,3.0,838777646
253,96079,3.0,1353774229
668,249,3.0,1025855192
570,235,3.0,833568231
607,2689,3.0,974713492
354,5445,3.0,1034972585
175,2664,3.0,974835624
481,909,3.0,938872047
541,1882,3.0,1004507840
174,30793,3.0,1276659575
575,3702,3.0,959176490
371,852,3.0,841275426
192,55241,3.0,1206558911
575,1216,3.0,939916220
602,4734,3.0,1105451967
575,2877,3.0,945201096
340,282,3.0,836738017
610,40815,3.0,1303104642
471,3412,3.0,972783981
512,377,3.0,1254431729
198,164,3.0,958689163
579,736,3.0,881064683
538,1721,3.0,1034122221
113,2021,3.0,1209273762
399,593,3.0,945151674
426,4028,3.0,1006031183
668,161,3.0,1025858484
668,904,3.0,1198863400
402,78105,3.0,1276275410
469,303,3.0,865533660
177,4025,3.0,1074387479
433,51662,3.0,1439794872
133,34,3.0,837546588
168,454,3.0,1159410250
460,339,3.0,1130399661
668,26345,3.0,1230705948
242,2513,3.0,945675468
176,2012,3.0,965401912
122,2006,3.0,1024806690
434,4714,3.0,1241406034
495,1962,3.0,993842653
102,2771,3.0,975430136
575,4600,3.0,994815957
296,2406,3.0,1085798656
383,1092,3.0,1214211113
11,34,3.0,850817622
203,110,3.0,955132861
380,3108,3.0,1020278272
354,2613,3.0,965327714
133,1302,3.0,852201397
277,72998,3.0,1445254678
230,480,3.0,1192689538
575,70984,3.0,1265661877
409,1370,3.0,1292701892
495,1031,3.0,993843770
403,1721,3.0,1222301349
110,1961,3.0,992250823
668,5339,3.0,1050971615
29,1359,3.0,850742281
559,3082,3.0,1012186532
402,44974,3.0,1202409510
244,2375,3.0,953172556
574,8622,3.0,1346221073
255,110,3.0,1174414910
485,4054,3.0,1028845529
607,745,3.0,974790511
355,153,3.0,835212957
485,6218,3.0,1074025578
575,96588,3.0,1360075985
164,82169,3.0,1440812207
575,37733,3.0,1144070435
176,1704,3.0,965402351
112,2291,3.0,956591613
220,912,3.0,1111994308
668,5966,3.0,1400048922
471,1047,3.0,972781612
348,6365,3.0,1311170470
194,80241,3.0,1364051751
337,2915,3.0,962607842
274,1372,3.0,892802485
431,317,3.0,839893596
436,589,3.0,837693874
220,2529,3.0,1111995089
140,25,3.0,847403133
220,3263,3.0,1112707273
274,1377,3.0,892802485
354,3016,3.0,1046978942
557,480,3.0,1284927343
471,356,3.0,972414784
177,4238,3.0,1074053307
406,480,3.0,973556355
458,141688,3.0,1452347804
260,316,3.0,847822564
575,7781,3.0,1182542153
632,2046,3.0,1388950766
461,103,3.0,1193065799
575,2395,3.0,939928361
575,4666,3.0,995577182
348,5349,3.0,1311170385
121,2436,3.0,945145574
109,3968,3.0,1032853713
528,2706,3.0,1252816804
122,1377,3.0,1024807931
522,329,3.0,833476826
430,316,3.0,833993354
113,588,3.0,1269824915
301,5816,3.0,1317057493
79,1302,3.0,1227241620
133,1124,3.0,852201546
603,1347,3.0,857568661
153,364,3.0,846852412
318,266,3.0,842518007
376,2730,3.0,942192146
668,2996,3.0,1191994417
310,50685,3.0,1221411152
668,5625,3.0,1070249518
443,1013,3.0,915224276
668,3845,3.0,1095571501
29,360,3.0,846943579
485,4886,3.0,1028842069
668,4586,3.0,1092593486
29,1222,3.0,865694763
603,1089,3.0,857568815
567,1608,3.0,1129522597
575,3682,3.0,958938333
567,3173,3.0,1129534942
109,466,3.0,918632227
376,1250,3.0,942573911
495,1327,3.0,993843770
133,1,3.0,852190540
93,3,3.0,862554825
393,236,3.0,848976733
241,49278,3.0,1446918712
583,957,3.0,978425978
547,367,3.0,835255783
530,299,3.0,945023367
128,97057,3.0,1349133712
573,1592,3.0,1009823462
637,2919,3.0,983918006
601,480,3.0,938947133
63,3082,3.0,1299697454
160,123,3.0,902695317
469,509,3.0,865437336
214,70,3.0,1059599596
169,639,3.0,854410942
458,3087,3.0,975731688
399,2901,3.0,945153609
283,485,3.0,868265068
121,2065,3.0,944958036
177,3259,3.0,1074297308
575,99112,3.0,1357327013
403,5464,3.0,1224525782
410,4223,3.0,1146590642
668,1188,3.0,1025853920
89,3897,3.0,1328924310
23,59369,3.0,1420799201
271,743,3.0,860663469
164,208,3.0,1440813806
475,1518,3.0,1386621659
224,58293,3.0,1428127898
422,6157,3.0,1063251631
637,3997,3.0,983920236
458,4341,3.0,1317693182
577,3911,3.0,1031892673
357,5311,3.0,1023735365
54,1954,3.0,1146936290
150,2243,3.0,1043210219
481,1883,3.0,938871688
228,3258,3.0,1125608214
451,329,3.0,1130813626
475,44193,3.0,1436093333
471,2071,3.0,972783135
147,586,3.0,986103767
3,532,3.0,841484049
524,3893,3.0,993243143
354,110,3.0,1017843862
597,357,3.0,965182275
309,55908,3.0,1293927335
597,3250,3.0,965118362
575,5339,3.0,1019305621
283,161,3.0,868263690
156,274,3.0,885584308
575,4002,3.0,975255056
668,1171,3.0,1089519677
428,7324,3.0,1105415290
567,47997,3.0,1193852577
530,33154,3.0,1137897497
575,6471,3.0,1055387353
458,7917,3.0,1085825331
410,4577,3.0,1146519037
657,924,3.0,1243037095
9,165,3.0,842686248
668,134881,3.0,1447644996
668,100238,3.0,1374582267
513,2279,3.0,1322787182
232,87867,3.0,1327313348
567,423,3.0,1129535553
578,783,3.0,858655379
443,1277,3.0,915220038
109,258,3.0,919153751
267,903,3.0,968989326
47,83,3.0,843830061
393,500,3.0,848976615
575,4809,3.0,1000741786
652,1396,3.0,974699007
25,1918,3.0,916664238
456,185,3.0,841932293
475,27109,3.0,1323189779
438,1485,3.0,1224530827
25,1923,3.0,916663859
475,26317,3.0,1434230557
422,3755,3.0,1063251804
308,480,3.0,1233208523
153,225,3.0,846852551
627,60760,3.0,1237936084
420,838,3.0,956588558
242,104,3.0,945671858
69,95,3.0,1121284902
252,2135,3.0,1048128893
657,5049,3.0,1243037219
393,592,3.0,848976473
66,497,3.0,961686004
155,36,3.0,945102046
118,2978,3.0,1045005507
575,3685,3.0,958938333
521,32,3.0,1351088687
186,500,3.0,848980099
499,2710,3.0,1278288500
545,317,3.0,845742407
668,4643,3.0,1025856950
167,84374,3.0,1446588075
510,22,3.0,1217320174
100,858,3.0,1116728809
35,5,3.0,860343978
310,2193,3.0,1142065791
458,1722,3.0,953241345
244,3244,3.0,953172369
528,919,3.0,1252816787
610,2028,3.0,1303104961
117,704,3.0,851343853
326,555,3.0,844184345
475,1359,3.0,1305363801
530,6659,3.0,1076727418
171,1411,3.0,852834243
194,5049,3.0,1364049205
246,520,3.0,845317072
475,8494,3.0,1305359524
668,2183,3.0,1025858524
325,2340,3.0,1300118001
475,5903,3.0,1305326718
410,41571,3.0,1146173129
668,302,3.0,1314633240
567,1792,3.0,1176229788
458,103335,3.0,1398532463
451,1372,3.0,1131749881
244,381,3.0,953168697
575,4878,3.0,1022322302
501,4519,3.0,1042992633
605,82,3.0,954089836
66,1059,3.0,961686089
668,63876,3.0,1234709508
293,74789,3.0,1276628333
369,2944,3.0,952831642
109,3250,3.0,1004721422
668,5112,3.0,1049121227
668,3668,3.0,1279867018
130,2322,3.0,941899640
26,2683,3.0,1125690726
444,316,3.0,833531434
160,20,3.0,903816479
475,4388,3.0,1305358924
322,920,3.0,1030115712
25,1259,3.0,916664376
169,358,3.0,854175444
545,186,3.0,845322240
130,1748,3.0,996625848
128,81140,3.0,1311881432
586,80463,3.0,1397068986
485,5103,3.0,1029262142
354,2916,3.0,1017785928
201,2100,3.0,1027311023
72,376,3.0,889220468
575,2973,3.0,939916305
364,4066,3.0,1111637561
583,3744,3.0,978505608
228,3418,3.0,1124278228
668,948,3.0,1090195798
176,208,3.0,965403253
337,1831,3.0,962606581
575,899,3.0,953380085
179,1032,3.0,1056711189
146,3095,3.0,944925300
315,750,3.0,1075409034
475,77783,3.0,1305330217
128,52328,3.0,1332489411
575,3577,3.0,956065724
668,2859,3.0,1025886948
659,2336,3.0,1394689054
668,62553,3.0,1254765344
668,1596,3.0,1029005199
160,439,3.0,903571662
235,1374,3.0,954450656
354,593,3.0,965328556
649,2302,3.0,1062617553
576,778,3.0,1447000927
130,1136,3.0,947478661
179,345,3.0,1056439991
661,1363,3.0,866411263
122,4270,3.0,1024805985
668,37626,3.0,1242436628
230,49530,3.0,1192689177
413,103075,3.0,1384329747
532,80463,3.0,1440346600
485,2081,3.0,1058174884
24,2076,3.0,963467726
575,3547,3.0,962719233
304,2948,3.0,1351444089
451,10,3.0,1131360737
128,91974,3.0,1338772631
299,7438,3.0,1290572758
617,3253,3.0,1225302883
487,6793,3.0,1199648340
542,25971,3.0,1411856511
572,719,3.0,855516576
128,2060,3.0,1291920396
521,4223,3.0,1351092953
63,2427,3.0,1299506000
523,292,3.0,842275697
29,552,3.0,836820778
38,98154,3.0,1408394345
245,415,3.0,834948643
19,45210,3.0,1442283088
433,110,3.0,1439794725
330,6213,3.0,1051983466
86,1148,3.0,1450071740
7,7153,3.0,1322063087
303,2278,3.0,976999351
458,11,3.0,975731629
458,428,3.0,1432482817
197,736,3.0,1040964260
665,54999,3.0,1231678904
495,1030,3.0,993843893
399,1667,3.0,945155684
668,94867,3.0,1359261096
501,4306,3.0,1042991852
575,88140,3.0,1322582107
140,736,3.0,850121107
309,65514,3.0,1293927029
179,3911,3.0,1077163373
213,3159,3.0,1112607960
552,25,3.0,850495446
656,546,3.0,838778431
622,5956,3.0,1449339601
607,412,3.0,974800839
444,460,3.0,833537077
310,628,3.0,1092228537
177,1275,3.0,1074044180
91,474,3.0,949282622
403,1393,3.0,1222682192
541,1831,3.0,1004508465
493,266,3.0,1218333426
668,1958,3.0,1191372451
118,2875,3.0,1045244742
569,63082,3.0,1245979281
38,88405,3.0,1406489699
139,595,3.0,1095884956
257,1230,3.0,1093986400
242,2530,3.0,944908988
87,6539,3.0,1173620253
218,1693,3.0,1255817593
409,4016,3.0,1292752506
561,552,3.0,944929369
475,2737,3.0,1305362783
458,7991,3.0,1085825229
383,2407,3.0,1214211190
512,7004,3.0,1254431810
36,500,3.0,847183289
244,279,3.0,953169761
458,55253,3.0,1230801548
171,762,3.0,852833825
11,1219,3.0,850818019
461,288,3.0,1193031279
220,4084,3.0,1112707249
199,32,3.0,975877942
122,2672,3.0,1024806302
508,111360,3.0,1451230588
55,1500,3.0,1331508551
274,1213,3.0,892802074
607,2901,3.0,974788901
326,344,3.0,844183861
192,4757,3.0,1014418974
501,709,3.0,1042992730
668,5604,3.0,1090165999
239,339,3.0,841755838
575,2492,3.0,952575258
147,1230,3.0,986110591
295,434,3.0,837884627
224,8961,3.0,1393195737
118,4321,3.0,1045003374
50,2000,3.0,905248257
465,2011,3.0,1097880099
192,5377,3.0,1077120044
242,1340,3.0,944902742
581,163,3.0,1110284631
462,748,3.0,862800717
169,349,3.0,853568436
665,64957,3.0,1232567346
469,1422,3.0,865436930
117,788,3.0,851343703
192,5009,3.0,1030747528
575,3911,3.0,990330451
164,98239,3.0,1440812834
232,45517,3.0,1277409947
567,786,3.0,1129522199
300,2794,3.0,942969476
94,1321,3.0,1169272166
428,5507,3.0,1105416824
537,1213,3.0,1356396529
510,4874,3.0,1217319535
128,2391,3.0,1389308930
150,2497,3.0,1042251139
593,4029,3.0,998924897
209,3537,3.0,1013140191
575,4654,3.0,995577328
424,427,3.0,836379316
310,836,3.0,1091957020
505,222,3.0,965682001
402,1094,3.0,1178047122
66,588,3.0,961686033
242,952,3.0,945670094
196,349,3.0,834704654
343,1704,3.0,1196304498
244,237,3.0,953167646
659,33794,3.0,1394688312
475,88886,3.0,1357045655
195,5015,3.0,1234121320
6,48394,3.0,1348881319
233,253,3.0,835095960
458,999,3.0,953241030
575,5477,3.0,1053267141
157,1215,3.0,916672933
255,592,3.0,1174414772
33,4793,3.0,1009739635
668,25920,3.0,1274675544
394,23,3.0,845891615
380,2167,3.0,1020278598
123,3500,3.0,1155480499
442,805,3.0,840555885
668,113938,3.0,1433092599
224,91630,3.0,1428127907
575,27821,3.0,1132518933
668,3713,3.0,1025891507
229,68358,3.0,1439445236
524,3981,3.0,993243510
397,1148,3.0,979408405
555,305,3.0,875313895
530,4148,3.0,1020395000
386,778,3.0,1223152435
164,1005,3.0,1440963005
62,1343,3.0,1269669970
543,2881,3.0,995891450
575,2741,3.0,939926581
662,1503,3.0,945175458
544,355,3.0,944946649
220,1721,3.0,1111994219
668,32851,3.0,1259392253
605,1653,3.0,955375409
309,59784,3.0,1293927110
192,4720,3.0,1030746804
310,4787,3.0,1125817036
668,6517,3.0,1136778387
589,60069,3.0,1420583099
63,2485,3.0,1299505143
354,4002,3.0,1017932081
617,44191,3.0,1225248649
137,3688,3.0,1223514364
465,4239,3.0,1097880321
109,196,3.0,919153634
278,1682,3.0,1341358806
475,2790,3.0,1420913261
576,97836,3.0,1448156585
575,92152,3.0,1351085082
668,6461,3.0,1090587729
322,2858,3.0,1030116197
356,161,3.0,834372537
442,306,3.0,840556727
201,1479,3.0,1027311023
668,131502,3.0,1442788885
348,1580,3.0,1311170245
310,4994,3.0,1123687177
456,315,3.0,841935858
220,1610,3.0,1111496476
250,1721,3.0,1107160898
430,588,3.0,833993319
8,1357,3.0,858611295
668,42197,3.0,1214455449
367,356,3.0,833396276
54,5816,3.0,1146935158
26,368,3.0,1125690795
627,804,3.0,1237992002
668,1088,3.0,1025850773
394,434,3.0,845891049
179,3844,3.0,1082809079
668,46901,3.0,1227063049
468,3785,3.0,965671576
569,1573,3.0,1245979510
660,508,3.0,833100750
277,1580,3.0,1445254510
668,2565,3.0,1025850654
575,6101,3.0,1043182499
575,8591,3.0,1087922126
575,3707,3.0,959176491
426,1079,3.0,973997121
88,2023,3.0,1180998795
268,5404,3.0,1227219083
361,500,3.0,834834514
607,2004,3.0,974712901
622,72378,3.0,1447514786
575,468,3.0,939888020
162,225,3.0,836675382
605,1027,3.0,955375820
244,2081,3.0,953171500
399,292,3.0,945155776
646,5388,3.0,1093701062
88,2643,3.0,1143680237
118,1353,3.0,1045334734
34,1587,3.0,960355433
196,256,3.0,834707512
89,1021,3.0,1328924592
308,3424,3.0,1233207655
668,1152,3.0,1151336244
310,55269,3.0,1218995936
607,3591,3.0,977940697
485,2413,3.0,1028841600
303,1269,3.0,975182939
179,4008,3.0,1082804922
296,592,3.0,1085797934
79,1479,3.0,1227241703
128,2687,3.0,1262954926
242,2716,3.0,945671406
485,6535,3.0,1060055733
165,7,3.0,862302087
575,6807,3.0,1252961741
421,1438,3.0,879857231
413,288,3.0,1396962812
160,880,3.0,902696540
310,3686,3.0,1092340518
310,6222,3.0,1119465320
431,153,3.0,839893446
458,1287,3.0,1411147359
336,64957,3.0,1247157435
495,3040,3.0,993843703
469,707,3.0,865436459
600,1584,3.0,1018671433
626,49530,3.0,1258662149
588,3284,3.0,993932441
575,2802,3.0,939926581
296,4085,3.0,1085799388
626,4246,3.0,1258664500
524,3986,3.0,993243393
460,3471,3.0,1130272539
448,3000,3.0,1439418164
579,832,3.0,881064133
176,1907,3.0,965402674
485,415,3.0,1029260918
429,2908,3.0,993082705
207,1343,3.0,992198662
160,1829,3.0,903815798
394,480,3.0,845891049
668,3844,3.0,1025886264
89,457,3.0,1328925146
361,370,3.0,834834952
342,460,3.0,845455047
443,2080,3.0,915220427
543,2641,3.0,995889604
236,8800,3.0,1167731933
296,2641,3.0,1085799276
613,172,3.0,830717010
26,4306,3.0,1125690798
217,2357,3.0,941216210
107,2167,3.0,958155821
35,3,3.0,860343978
113,1517,3.0,1209265480
607,471,3.0,974715750
471,2340,3.0,972414980
413,8917,3.0,1396483224
311,788,3.0,850408135
310,1917,3.0,1091955982
228,4643,3.0,1141175045
354,5265,3.0,1036534238
161,589,3.0,1446722697
157,316,3.0,916673132
458,8528,3.0,1171824827
428,173,3.0,1105417200
668,27689,3.0,1140845386
484,8169,3.0,1308767429
87,47610,3.0,1173622630
364,1230,3.0,1111636999
458,384,3.0,953243175
607,1073,3.0,974784218
376,2300,3.0,942187858
409,56174,3.0,1292614687
244,2080,3.0,953167163
607,1042,3.0,974712383
72,1644,3.0,889219919
475,6287,3.0,1342372111
668,745,3.0,1025852295
122,2193,3.0,1024807747
410,485,3.0,1133461351
428,4159,3.0,1105417010
668,57520,3.0,1226995966
458,434,3.0,953241970
575,4447,3.0,998256553
562,1999,3.0,953423051
175,1270,3.0,974835679
506,733,3.0,1175243402
110,2116,3.0,1077956033
54,26680,3.0,1146962260
627,26399,3.0,1237995090
120,661,3.0,960332253
668,4322,3.0,1026442306
561,316,3.0,944927927
668,110127,3.0,1407007030
590,5110,3.0,1243444142
575,4526,3.0,998687120
668,2430,3.0,1028258510
104,350,3.0,836834670
268,52604,3.0,1227219489
232,91414,3.0,1327312554
255,1059,3.0,1174418076
461,3698,3.0,1193063363
461,338,3.0,1193066149
627,32596,3.0,1237993700
475,99598,3.0,1358145331
572,64,3.0,855516739
402,55820,3.0,1203284359
524,464,3.0,993243945
224,45081,3.0,1425335758
244,2581,3.0,953167646
376,481,3.0,942191974
354,2693,3.0,1017931050
413,1342,3.0,1382861766
157,2410,3.0,916673328
318,21,3.0,842517778
461,2353,3.0,1193067543
363,1355,3.0,947644316
354,671,3.0,965327353
211,8731,3.0,1138403233
123,8808,3.0,1155481101
603,1345,3.0,857568501
63,1645,3.0,1299506790
425,3247,3.0,1077477183
602,5956,3.0,1105451272
245,205,3.0,830280894
601,1406,3.0,938944127
236,3623,3.0,1119960709
365,5902,3.0,1062892564
607,1206,3.0,974707026
118,648,3.0,1045244554
12,235,3.0,1144396288
575,3826,3.0,995771193
177,3113,3.0,1074130648
597,3717,3.0,965117552
397,111,3.0,979408435
283,1573,3.0,868263125
469,224,3.0,865534076
659,161,3.0,1394645862
118,344,3.0,1045003283
310,832,3.0,1092228739
62,442,3.0,1268792551
461,4625,3.0,1193066026
169,493,3.0,854175444
179,1729,3.0,1056441209
521,56145,3.0,1351088910
113,2300,3.0,1247702582
310,902,3.0,1240840090
403,2987,3.0,1222301456
219,4448,3.0,1011718735
557,5026,3.0,1284926035
203,778,3.0,955136626
169,344,3.0,854177601
446,225,3.0,835116399
354,2014,3.0,1017931622
5,364,3.0,1303501067
346,6235,3.0,1279996780
475,27849,3.0,1389012344
308,5349,3.0,1233208308
539,4148,3.0,1033520087
386,4366,3.0,1223296872
50,150,3.0,904747658
475,942,3.0,1444580769
451,4280,3.0,1130471681
8,832,3.0,858611351
456,277,3.0,841936490
343,1200,3.0,1196304682
607,1302,3.0,974801471
63,2993,3.0,1299697344
668,7901,3.0,1286660768
575,4610,3.0,994593615
354,26,3.0,1017759082
149,350,3.0,835535528
547,592,3.0,835255684
7,5952,3.0,1322062979
318,377,3.0,842517719
668,364,3.0,1025850654
542,37731,3.0,1344180067
402,51086,3.0,1174682668
590,8810,3.0,1243370839
255,4993,3.0,1174414820
5,2485,3.0,1303500096
443,383,3.0,915227688
475,4036,3.0,1412960362
228,6333,3.0,1124123745
475,91094,3.0,1414925173
128,79185,3.0,1293250095
220,2944,3.0,1111996463
627,7376,3.0,1237994551
337,1907,3.0,962607516
309,60674,3.0,1293963607
28,10,3.0,884100808
196,150,3.0,834704602
575,4331,3.0,989971466
326,150,3.0,844183830
668,115210,3.0,1419007448
583,423,3.0,978507088
296,2393,3.0,1085797863
521,468,3.0,1351087788
575,1419,3.0,939927537
255,3152,3.0,1174416621
179,520,3.0,1077162859
546,23,3.0,1036015607
622,112370,3.0,1447054493
498,329,3.0,852919024
561,185,3.0,944928231
475,82534,3.0,1356549385
422,4720,3.0,1063251746
160,254,3.0,903571233
668,1227,3.0,1100407357
528,589,3.0,1252655972
415,47997,3.0,1347869500
140,113,3.0,850340605
458,2009,3.0,938852823
150,4232,3.0,1042253190
597,1992,3.0,965154850
283,1136,3.0,868265428
607,2640,3.0,974707254
347,4306,3.0,1274980983
128,36519,3.0,1269291212
354,2433,3.0,1017931839
201,2396,3.0,1027310877
155,11,3.0,945101857
300,2371,3.0,942967728
458,4151,3.0,1018065313
23,68954,3.0,1420799347
530,7152,3.0,1079296782
32,2018,3.0,903751211
524,3082,3.0,993243807
668,92920,3.0,1333682648
228,2826,3.0,1125608068
530,3527,3.0,1008470359
403,1645,3.0,1222303474
62,273,3.0,1267424987
44,3959,3.0,1225240105
247,4246,3.0,1451122460
121,3489,3.0,954389021
376,954,3.0,942187265
194,6750,3.0,1364054610
600,4915,3.0,1018671704
456,257,3.0,841936856
376,2023,3.0,942590193
66,784,3.0,961687831
605,1354,3.0,954090795
665,56775,3.0,1231675910
524,1037,3.0,993244025
271,74,3.0,860664171
376,2948,3.0,942577436
402,33437,3.0,1197722301
130,2993,3.0,941884048
209,2378,3.0,1013138154
434,2890,3.0,1241405182
109,2734,3.0,971092636
413,88140,3.0,1368276529
69,11,3.0,1121284161
575,2291,3.0,939803396
107,2348,3.0,958165077
668,2144,3.0,1025890795
239,780,3.0,841756256
244,2145,3.0,953167395
426,3471,3.0,973997017
668,79242,3.0,1293294055
326,592,3.0,844183830
357,2318,3.0,951239478
148,11,3.0,837259573
575,233,3.0,939888094
424,434,3.0,836378129
590,34150,3.0,1243813071
458,6333,3.0,1058707049
63,6059,3.0,1299620328
203,2916,3.0,955132996
484,514,3.0,1308769878
82,916,3.0,1217431481
399,2432,3.0,945155623
130,4816,3.0,1021383690
199,3932,3.0,975877910
307,26,3.0,831901363
577,2196,3.0,1031892425
668,71438,3.0,1338088766
619,4701,3.0,1445257328
394,410,3.0,845891145
275,4799,3.0,1136710152
668,1370,3.0,1025858638
567,368,3.0,1129522224
122,595,3.0,1024806391
526,6166,3.0,1044309486
277,1198,3.0,1445249835
575,56949,3.0,1209994965
235,2467,3.0,953831308
475,101864,3.0,1366479949
666,593,3.0,1021279473
104,342,3.0,836835123
458,3427,3.0,975779446
178,339,3.0,843392977
668,25874,3.0,1273533434
310,2134,3.0,1092232323
451,1687,3.0,1131346556
212,1249,3.0,858543240
567,3285,3.0,1129534495
376,431,3.0,942193472
415,72998,3.0,1341297686
458,151,3.0,953240786
66,1904,3.0,961687257
668,62,3.0,1090239509
314,69275,3.0,1448469358
623,802,3.0,848183066
413,6873,3.0,1394447770
201,1784,3.0,1027311396
493,541,3.0,1218333157
458,2366,3.0,981928507
232,96283,3.0,1355019983
354,969,3.0,965329199
133,1213,3.0,852201220
567,168,3.0,1129521458
160,371,3.0,903815702
552,135,3.0,850495598
402,4005,3.0,1172442563
6,69122,3.0,1348693949
148,339,3.0,837259310
475,8917,3.0,1413106461
54,4025,3.0,1146963208
354,2038,3.0,965327681
177,7193,3.0,1074055739
268,8360,3.0,1227219765
255,2424,3.0,1174414511
630,592,3.0,836085135
114,3793,3.0,1452130656
88,2450,3.0,1182210282
575,2194,3.0,939915882
11,306,3.0,850817371
54,480,3.0,1146935655
124,4896,3.0,1011477586
575,1550,3.0,939974972
310,1198,3.0,1092228687
358,4022,3.0,1408188955
275,2874,3.0,1136711569
575,3723,3.0,960390133
303,2935,3.0,976218149
228,1345,3.0,1141172527
84,1,3.0,1437309622
29,248,3.0,836820885
495,1982,3.0,993843597
539,2710,3.0,1033519537
668,7057,3.0,1417104917
668,45440,3.0,1207805136
624,1784,3.0,891384716
60,2791,3.0,1162941517
542,5418,3.0,1303678240
287,1485,3.0,869578710
54,3793,3.0,1146947229
665,59016,3.0,1231677462
310,292,3.0,1092862248
424,413,3.0,836379224
275,4034,3.0,1136709417
179,6810,3.0,1077161728
665,51931,3.0,1231677639
668,91902,3.0,1351988438
232,60,3.0,1277841907
605,2336,3.0,954088995
139,5816,3.0,1097184829
11,165,3.0,850817914
575,2146,3.0,939926645
62,35836,3.0,1267425429
164,87520,3.0,1440812094
410,518,3.0,1146960785
426,4239,3.0,1006031183
458,3710,3.0,975730489
303,610,3.0,977413626
130,1350,3.0,941904376
410,1270,3.0,1133390676
160,35,3.0,902694823
545,514,3.0,845651898
133,344,3.0,837546485
668,3753,3.0,1025847181
337,1,3.0,962607484
443,1320,3.0,915228278
383,1682,3.0,1214210525
668,4036,3.0,1025886815
561,1100,3.0,948001214
60,551,3.0,1162942039
668,74452,3.0,1280027298
668,86898,3.0,1321388540
414,5445,3.0,1037036697
381,377,3.0,844074595
597,2026,3.0,965181366
475,3712,3.0,1404647487
258,318,3.0,833911132
522,292,3.0,833476853
3,508,3.0,841483782
425,2716,3.0,1077477660
501,5008,3.0,1042989360
576,135887,3.0,1447495983
542,778,3.0,1303677926
358,1260,3.0,1408189384
259,468,3.0,997801901
301,2808,3.0,1317056393
578,1476,3.0,858656360
605,1101,3.0,955376719
9,153,3.0,842686249
668,8915,3.0,1141914573
164,106916,3.0,1440812047
668,80288,3.0,1284150627
602,1100,3.0,1105451488
567,1135,3.0,1129534422
60,364,3.0,1162942271
423,780,3.0,1087859736
458,1279,3.0,975731506
668,1265,3.0,1025854078
366,442,3.0,1084816356
275,6639,3.0,1136705189
206,69757,3.0,1437519006
128,2012,3.0,1292223765
232,58105,3.0,1279326021
63,836,3.0,1299481069
107,318,3.0,958156233
341,3135,3.0,956685429
376,1272,3.0,942573737
122,353,3.0,1024805778
63,110,3.0,1299478552
367,74,3.0,837273803
610,81845,3.0,1303104894
544,788,3.0,945032723
668,3328,3.0,1135022339
179,32,3.0,1056440560
85,2949,3.0,1400699452
668,7151,3.0,1115039689
636,2300,3.0,939665382
572,118,3.0,855516887
310,8366,3.0,1115407969
668,45722,3.0,1205650743
314,6333,3.0,1448467407
338,2505,3.0,969762913
331,661,3.0,1138755020
405,608,3.0,1301871021
459,329,3.0,845305778
294,3477,3.0,1001986357
469,1127,3.0,865533932
365,1982,3.0,1062891927
668,31467,3.0,1183596185
527,296,3.0,838823343
179,4809,3.0,1056710765
413,3897,3.0,1396432797
84,2023,3.0,1437310213
548,480,3.0,953596758
551,10,3.0,833097676
310,6003,3.0,1102191657
460,2005,3.0,1130272465
358,1644,3.0,1373741758
575,348,3.0,939809673
575,2331,3.0,939803879
128,47997,3.0,1262995661
547,21,3.0,835255759
373,97913,3.0,1449332736
44,31923,3.0,1225239413
177,4267,3.0,1074388245
524,4207,3.0,993243807
484,4321,3.0,1308767191
575,4422,3.0,993387287
281,2924,3.0,992331144
668,2672,3.0,1025856869
376,3088,3.0,942575470
461,410,3.0,1193066456
530,1968,3.0,945023655
230,8464,3.0,1192689170
461,4532,3.0,1264802533
79,216,3.0,1227241692
514,4638,3.0,1337390750
201,785,3.0,1027373915
668,2187,3.0,1025852695
51,296,3.0,836242003
668,6167,3.0,1155360769
192,1127,3.0,1014417621
575,556,3.0,939812602
410,4467,3.0,1136390767
451,2916,3.0,1130494561
213,8154,3.0,1111579827
469,204,3.0,865533717
402,10,3.0,1172355979
402,45722,3.0,1172698749
474,37857,3.0,1323889405
471,74,3.0,972783818
458,100,3.0,953242063
535,59784,3.0,1432619349
528,1968,3.0,1252816859
224,58156,3.0,1428133270
567,587,3.0,1129521901
579,1476,3.0,881064369
192,37727,3.0,1206561549
668,103980,3.0,1392443217
605,852,3.0,954088344
510,2528,3.0,1217319158
188,112,3.0,879097120
128,2378,3.0,1262378656
228,380,3.0,1124280509
575,3130,3.0,998908604
235,3247,3.0,953751221
575,4830,3.0,1001851176
545,886,3.0,845323109
128,235,3.0,1325091378
88,1909,3.0,1182209522
358,180,3.0,1373741730
575,4476,3.0,1182542036
255,3273,3.0,1174419166
475,108932,3.0,1392485584
232,77206,3.0,1355019981
281,1970,3.0,992331144
600,3926,3.0,1018672709
461,3868,3.0,1193030960
107,1199,3.0,958158130
288,3948,3.0,1267051796
244,2989,3.0,953171224
545,485,3.0,845322529
451,4052,3.0,1131361142
620,2013,3.0,1024538346
650,87,3.0,965503191
485,5995,3.0,1058174440
475,122795,3.0,1436565835
442,592,3.0,840555534
413,4990,3.0,1343027364
600,3176,3.0,967467225
541,1101,3.0,1004508806
668,1235,3.0,1025852295
367,10,3.0,833395587
24,592,3.0,963470230
567,2163,3.0,1129535963
283,232,3.0,868263866
356,594,3.0,833959045
28,1257,3.0,884100864
571,494,3.0,859156050
571,786,3.0,859156050
410,1127,3.0,1144962132
81,3745,3.0,976285562
226,711,3.0,857755571
88,1356,3.0,1180998520
461,46604,3.0,1277856860
60,432,3.0,1162940945
310,1103,3.0,1142449810
432,1556,3.0,957671682
337,2151,3.0,962608132
588,3469,3.0,994721512
567,1573,3.0,1129522369
224,4878,3.0,1358834919
489,1620,3.0,971347970
522,222,3.0,833477819
220,2926,3.0,1111831867
54,4310,3.0,1146941169
458,5634,3.0,1051356238
347,1266,3.0,1274981360
39,3793,3.0,1001786880
63,53519,3.0,1299620854
235,2267,3.0,953676841
564,2797,3.0,957925588
668,31645,3.0,1426438462
562,2456,3.0,953422879
3,348,3.0,841484174
275,2300,3.0,1136709792
309,6947,3.0,1293927363
530,3019,3.0,945021952
605,3996,3.0,993593682
92,380,3.0,840581164
110,1049,3.0,992252698
444,225,3.0,833531488
296,1831,3.0,1085799424
561,2416,3.0,948002178
194,54736,3.0,1364056584
62,2841,3.0,1269755404
242,2517,3.0,944904642
128,6377,3.0,1262125137
62,529,3.0,1269669574
668,1879,3.0,1045658166
588,3639,3.0,993876096
164,87483,3.0,1440812689
102,2976,3.0,975430136
354,3072,3.0,1018640682
109,2410,3.0,930038982
224,59387,3.0,1425288530
22,2140,3.0,1111573885
9,10,3.0,842686329
451,724,3.0,1130837151
668,2454,3.0,1025856787
475,3791,3.0,1433003248
282,339,3.0,959207932
255,6754,3.0,1174416887
66,1747,3.0,961686315
303,3685,3.0,976733332
224,73268,3.0,1393132668
399,1350,3.0,945152735
668,104155,3.0,1376286303
89,344,3.0,1328923930
414,3203,3.0,1032191504
615,3494,3.0,955127612
310,300,3.0,1100812192
575,1179,3.0,939810133
133,1242,3.0,852201199
505,509,3.0,965681938
451,5541,3.0,1130837232
402,7445,3.0,1191578752
148,47,3.0,837259347
228,3977,3.0,1141170175
399,1957,3.0,945152315
113,802,3.0,1209273393
66,1394,3.0,961696682
444,44,3.0,833531713
567,3156,3.0,1129535335
575,2640,3.0,939927286
24,2701,3.0,963470795
235,3300,3.0,955569213
130,2944,3.0,996627197
461,4890,3.0,1356976847
193,2,3.0,944903385
575,8638,3.0,1102610867
302,318,3.0,837046845
485,5572,3.0,1058175037
567,2987,3.0,1129522193
342,542,3.0,845455000
140,9,3.0,850121459
518,34162,3.0,1439913234
428,7925,3.0,1105416042
199,2667,3.0,975878195
475,71535,3.0,1423396033
9,14,3.0,842687061
625,1136,3.0,1085175771
575,8068,3.0,1182808767
179,2683,3.0,1077162591
620,1215,3.0,1024538773
235,1020,3.0,953850243
402,47044,3.0,1172346800
615,3203,3.0,955126441
235,1459,3.0,953676803
107,1912,3.0,958155821
156,999,3.0,885820630
558,110,3.0,841574407
283,908,3.0,868271022
544,2918,3.0,944944979
254,7361,3.0,1358513882
54,1876,3.0,1146969577
501,1566,3.0,1042992575
277,46322,3.0,1445250166
413,45668,3.0,1359128060
310,5016,3.0,1135501478
224,1911,3.0,1390027344
668,253,3.0,1025885993
170,376,3.0,1300596077
22,2291,3.0,1111576390
642,130520,3.0,1439788366
558,246,3.0,841574460
220,2747,3.0,1112609440
413,71530,3.0,1310105662
228,405,3.0,1141172629
428,2815,3.0,1105417207
410,2474,3.0,1133197360
451,4874,3.0,1130471616
413,8784,3.0,1305336216
425,2126,3.0,1077477360
456,440,3.0,841935825
165,802,3.0,862302110
533,274,3.0,1215816708
287,1488,3.0,869578819
244,1517,3.0,953169112
495,4343,3.0,993837885
561,2011,3.0,948001966
461,4022,3.0,1179854219
668,22,3.0,1025859285
213,3968,3.0,1112683247
199,3923,3.0,975878295
109,2021,3.0,919153751
444,551,3.0,833531908
575,464,3.0,939888747
66,3858,3.0,1041612423
253,2000,3.0,1353235847
282,4022,3.0,1011723568
129,186,3.0,832594587
475,7000,3.0,1305329783
22,4951,3.0,1111574169
62,230,3.0,1269754313
485,4992,3.0,1028841016
357,2580,3.0,951239478
423,110,3.0,1087859719
69,493,3.0,1121088858
575,4927,3.0,1005603639
619,4270,3.0,1445257282
266,593,3.0,841655536
107,1394,3.0,958156821
627,2485,3.0,1237990893
348,342,3.0,1311169356
458,2916,3.0,1168978226
160,2054,3.0,902696618
181,788,3.0,865813214
469,1265,3.0,865534743
232,47124,3.0,1277373983
603,1247,3.0,857569070
220,574,3.0,1112707706
325,491,3.0,1300118086
458,5010,3.0,1027258544
236,5106,3.0,1167731965
446,23,3.0,835116717
656,338,3.0,838778023
34,2001,3.0,960355068
575,23,3.0,983301299
50,1198,3.0,905247974
495,3927,3.0,993844249
442,110,3.0,840555574
62,5954,3.0,1267425351
402,54736,3.0,1196369666
436,780,3.0,837694557
107,1690,3.0,958164537
156,1025,3.0,885582193
253,58998,3.0,1353744223
336,68952,3.0,1248026218
668,7,3.0,1025851190
60,1297,3.0,1162941756
436,224,3.0,837694066
328,1517,3.0,1256102517
530,1063,3.0,972348007
154,1183,3.0,888784352
25,1276,3.0,916663721
384,1225,3.0,1065386869
107,3020,3.0,958164176
310,5445,3.0,1092953997
89,55282,3.0,1328923698
247,89745,3.0,1451124944
179,110,3.0,1056712674
337,1834,3.0,962605753
668,5434,3.0,1025847036
575,3020,3.0,949702966
154,1711,3.0,888784632
580,292,3.0,1209464256
530,4963,3.0,1008469916
511,688,3.0,834652646
309,4387,3.0,1293924165
140,1355,3.0,867827962
425,170,3.0,1077443048
458,1407,3.0,975729452
413,99296,3.0,1390622018
329,2381,3.0,1009671234
490,4008,3.0,1399941397
145,1936,3.0,955414063
611,1909,3.0,1368125485
544,533,3.0,944947181
22,5443,3.0,1111576096
63,480,3.0,1299507613
539,2379,3.0,1033519451
255,762,3.0,1174419075
239,329,3.0,841755814
29,155,3.0,840547853
354,535,3.0,965328950
9,318,3.0,842686294
198,2605,3.0,958689748
372,784,3.0,1111664989
650,2722,3.0,965502080
348,6377,3.0,1311170174
139,8576,3.0,1095887845
668,50898,3.0,1424382008
668,49284,3.0,1238952203
201,2806,3.0,1027374313
636,5060,3.0,939666078
224,2572,3.0,1420829777
561,1722,3.0,944929476
193,2640,3.0,944901676
458,1019,3.0,975730811
575,3498,3.0,956065690
190,231,3.0,840450964
109,5621,3.0,1050419000
458,1298,3.0,975780096
575,6666,3.0,1060629292
205,586,3.0,839438705
47,21,3.0,853361891
181,107,3.0,865813334
668,106193,3.0,1383983337
426,914,3.0,973997622
128,4890,3.0,1262126509
656,377,3.0,838777578
578,86,3.0,858656520
668,6548,3.0,1101446822
668,55280,3.0,1250135661
303,1054,3.0,976135682
668,77421,3.0,1301116049
668,6170,3.0,1080579276
493,368,3.0,1218333401
29,150,3.0,836229707
575,1380,3.0,983302350
66,5378,3.0,1041611468
343,367,3.0,1196304633
668,26163,3.0,1179854448
501,1022,3.0,1042991253
149,231,3.0,835535246
66,3450,3.0,961687279
668,3476,3.0,1025852855
369,2683,3.0,941391464
600,25,3.0,971298174
605,2011,3.0,955376631
244,2268,3.0,953168698
283,1264,3.0,868266062
478,421,3.0,1242656646
310,8123,3.0,1092229763
369,1968,3.0,953444415
160,1298,3.0,902696264
275,1276,3.0,1136709529
453,1126,3.0,859327052
493,1265,3.0,1218329819
600,3153,3.0,1018671665
62,1586,3.0,1267425039
296,349,3.0,1085797995
224,39435,3.0,1425336321
382,4359,3.0,1322871231
226,92,3.0,857755685
410,3703,3.0,1146515638
434,7198,3.0,1241407357
190,540,3.0,840451618
380,1573,3.0,1020278490
228,3386,3.0,1124278743
458,518,3.0,953242556
220,1091,3.0,1112609622
220,2124,3.0,1111996237
485,5418,3.0,1046652102
61,5010,3.0,1059023829
338,3844,3.0,969762353
373,89745,3.0,1449332382
220,2702,3.0,1112609452
668,4754,3.0,1025852497
153,587,3.0,846852440
482,1917,3.0,974652496
656,50,3.0,838777578
668,2428,3.0,1025857265
164,7701,3.0,1440814316
636,1957,3.0,939631842
402,2021,3.0,1172476565
422,1033,3.0,1063251785
365,5872,3.0,1062893012
410,4011,3.0,1146516074
11,589,3.0,850816207
285,3130,3.0,974035865
475,2617,3.0,1305330732
190,145,3.0,840451430
409,344,3.0,1292610731
542,5608,3.0,1303679274
239,590,3.0,841755738
107,2947,3.0,958155765
575,3793,3.0,965013439
277,90620,3.0,1445254557
283,440,3.0,868265166
349,349,3.0,834660888
487,1918,3.0,1199648043
575,2285,3.0,963750493
668,4870,3.0,1027108310
9,376,3.0,842686720
402,56885,3.0,1200765767
107,1964,3.0,958163978
107,2542,3.0,958166166
252,2366,3.0,1048128149
109,1848,3.0,1004721326
354,1682,3.0,1017931643
656,145,3.0,838777932
422,16,3.0,1071634567
224,5266,3.0,1393131087
541,2094,3.0,1004507636
469,517,3.0,865533600
388,109487,3.0,1440159851
232,4124,3.0,1277413458
511,520,3.0,834652678
505,2162,3.0,965681566
331,2056,3.0,1138985175
205,186,3.0,839438819
615,2279,3.0,955126900
232,58156,3.0,1277874508
235,802,3.0,953741078
383,367,3.0,1214210193
564,1101,3.0,957924055
426,1393,3.0,973997972
369,377,3.0,951020659
668,2442,3.0,1092028270
179,529,3.0,1056699000
424,355,3.0,836379170
602,150,3.0,1105451094
296,3704,3.0,1085799991
228,4367,3.0,1125607517
330,2987,3.0,1022545180
168,44,3.0,1159238244
235,351,3.0,953741101
244,2023,3.0,953171918
63,5881,3.0,1299505997
530,1264,3.0,945144244
62,1252,3.0,1267564268
607,3723,3.0,974801471
668,1027,3.0,1030373475
475,1129,3.0,1305325534
148,204,3.0,837259658
220,3208,3.0,1111758789
485,2017,3.0,1028841811
177,1584,3.0,1074041797
589,96616,3.0,1433650086
66,4310,3.0,1041612583
344,145,3.0,1079415919
169,590,3.0,854176652
220,784,3.0,1111994700
156,762,3.0,886184565
310,40952,3.0,1147871725
668,1278,3.0,1025846849
565,1610,3.0,1433883188
575,50514,3.0,1279737192
516,986,3.0,1001472307
123,2100,3.0,1075394265
186,208,3.0,848980055
169,553,3.0,854002164
102,2310,3.0,975430299
575,2702,3.0,952954466
403,1584,3.0,1222682229
530,440,3.0,972347586
29,1425,3.0,862069321
130,1997,3.0,941904376
605,1210,3.0,955376585
250,7046,3.0,1107162506
164,107314,3.0,1440812888
471,2294,3.0,972784371
224,30707,3.0,1393976668
224,33158,3.0,1425336415
575,70286,3.0,1264606946
146,39,3.0,944928232
475,7362,3.0,1305359460
668,34405,3.0,1137441793
235,361,3.0,953741052
177,3698,3.0,1074052440
394,520,3.0,845891381
555,277,3.0,875312489
160,1597,3.0,902695008
169,780,3.0,853511631
606,81845,3.0,1448032571
511,349,3.0,834597339
475,94478,3.0,1337365195
354,916,3.0,965329126
232,8746,3.0,1295150586
458,26840,3.0,1439677205
622,103883,3.0,1447455747
399,2268,3.0,945153899
511,15,3.0,834652646
224,2420,3.0,1393037544
66,429,3.0,961687981
575,69122,3.0,1269266013
425,1088,3.0,1077476323
375,2002,3.0,1046188514
156,340,3.0,886110441
114,7235,3.0,1452132606
201,2694,3.0,1027373742
290,1282,3.0,1405038522
421,1272,3.0,879858467
299,2502,3.0,1290572728
668,2906,3.0,1025846809
497,2706,3.0,1096452954
528,594,3.0,1252817188
575,1407,3.0,939812558
547,5,3.0,835255945
109,2875,3.0,971097021
428,4224,3.0,1105417658
506,1344,3.0,1175237494
603,969,3.0,860498921
469,380,3.0,865533408
239,349,3.0,841755773
83,1270,3.0,1418837812
128,59129,3.0,1269626247
52,6373,3.0,1441811741
605,3755,3.0,968709618
605,2174,3.0,955376612
161,5574,3.0,1448008145
444,252,3.0,833531626
118,3512,3.0,1045334105
403,2232,3.0,1222303419
62,3510,3.0,1269331647
188,276,3.0,879101155
205,736,3.0,839438972
310,1894,3.0,1092230077
77,95,3.0,1085080610
574,89774,3.0,1329198624
561,2046,3.0,944927780
4,2948,3.0,950323317
132,1597,3.0,903035565
128,44881,3.0,1267881648
35,494,3.0,860343978
224,8361,3.0,1444708805
376,2779,3.0,942577601
225,586,3.0,835162016
575,4677,3.0,995577182
352,3270,3.0,1006318365
428,8865,3.0,1105415985
666,3617,3.0,1021278431
310,2012,3.0,1091956087
444,520,3.0,833534354
531,788,3.0,1450371933
354,2302,3.0,1017843558
511,551,3.0,834597661
309,6934,3.0,1293929278
232,1648,3.0,1288812498
619,4148,3.0,1445257297
575,3535,3.0,968680954
130,2918,3.0,941840687
485,1042,3.0,1029355800
578,1365,3.0,858656445
422,158,3.0,1063251818
69,7482,3.0,1121284595
363,1771,3.0,947644263
590,364,3.0,1243443963
383,1302,3.0,1214211036
194,1735,3.0,1364055356
156,61,3.0,886548101
192,3826,3.0,1002211018
232,62999,3.0,1277849252
420,3507,3.0,956589022
33,1254,3.0,1009740561
44,318,3.0,1225239114
668,6759,3.0,1098710728
156,275,3.0,885584473
622,87222,3.0,1447455261
575,4211,3.0,984416947
96,736,3.0,857048677
213,424,3.0,1112683217
29,533,3.0,836821359
668,1516,3.0,1025891683
122,2805,3.0,1024804191
244,351,3.0,953167395
250,2683,3.0,1107161088
535,81591,3.0,1432619329
575,3928,3.0,971803255
607,160,3.0,977938580
572,140,3.0,855516526
242,2124,3.0,945671437
160,1499,3.0,902698711
303,1249,3.0,975182939
282,3053,3.0,959208261
584,2942,3.0,945278336
107,1518,3.0,958164537
107,2720,3.0,958164627
668,61236,3.0,1254187029
471,3175,3.0,972781769
668,1504,3.0,1025925404
308,1515,3.0,1233526702
331,5621,3.0,1138981914
255,3799,3.0,1174418594
188,186,3.0,879102015
530,3418,3.0,1046136723
576,296,3.0,1445443752
668,999,3.0,1107873854
656,344,3.0,838777437
310,7018,3.0,1092954231
599,112515,3.0,1424811625
130,5418,3.0,1032551340
454,316,3.0,833724875
107,2959,3.0,958157861
644,761,3.0,868190290
632,3155,3.0,1388950740
599,74698,3.0,1424825924
666,527,3.0,1021279499
169,1079,3.0,853568727
656,780,3.0,838778113
402,1208,3.0,1195648681
668,7064,3.0,1108753069
268,1617,3.0,1227220058
220,2918,3.0,1111498179
475,4184,3.0,1387722897
638,2706,3.0,955170732
607,1542,3.0,977938101
190,457,3.0,840450964
164,1876,3.0,1440962612
558,289,3.0,841217131
469,126,3.0,865533879
327,4993,3.0,1167368443
193,2017,3.0,944903481
376,300,3.0,942187719
95,95,3.0,862502855
161,786,3.0,1450694289
371,508,3.0,841274935
220,1569,3.0,1111995551
485,2054,3.0,1028842618
605,1097,3.0,955376395
607,3087,3.0,974790941
304,912,3.0,1351444517
244,2144,3.0,953172185
171,36,3.0,852833757
66,1466,3.0,961685930
376,1204,3.0,942187107
158,1210,3.0,1241150506
482,858,3.0,974651454
220,3418,3.0,1111995195
66,766,3.0,961688741
442,412,3.0,840555774
226,25,3.0,857755262
574,85510,3.0,1311395907
66,3910,3.0,1041611091
220,455,3.0,1111995969
376,2874,3.0,942588288
161,140737,3.0,1450694154
328,51662,3.0,1256102082
128,65685,3.0,1262560165
451,653,3.0,1131346406
475,5021,3.0,1305358717
668,2583,3.0,1025852775
668,131842,3.0,1451834864
354,2987,3.0,965328099
471,151,3.0,972414827
310,4721,3.0,1091955363
376,1713,3.0,942577436
308,1304,3.0,1233530364
188,361,3.0,879100882
524,736,3.0,993243786
495,4085,3.0,993842522
402,5107,3.0,1172482095
201,2795,3.0,1027311547
510,1298,3.0,1217319118
201,1183,3.0,1027310812
555,551,3.0,875314138
376,596,3.0,942577093
410,8641,3.0,1146516196
451,42015,3.0,1153103072
542,84601,3.0,1304889727
160,997,3.0,901154994
157,1371,3.0,916673074
485,1380,3.0,1059649218
666,1219,3.0,1021279377
338,412,3.0,969763124
597,1848,3.0,965119341
399,2114,3.0,945155336
160,92,3.0,902698666
354,5952,3.0,1049318669
218,4867,3.0,1255817319
355,185,3.0,835213009
386,2115,3.0,1223298264
228,2143,3.0,1129381814
597,2539,3.0,965118517
303,1069,3.0,976999164
244,2346,3.0,953173060
575,53121,3.0,1195160466
410,7143,3.0,1137285697
458,5266,3.0,1032875803
177,4005,3.0,1074052996
607,2792,3.0,974791188
442,223,3.0,840556063
383,2706,3.0,1214210426
103,585,3.0,978554539
545,208,3.0,845742226
575,3478,3.0,956254484
128,93552,3.0,1333234338
668,3448,3.0,1025860619
461,2672,3.0,1193065789
560,5459,3.0,1067534292
539,5464,3.0,1033520400
169,431,3.0,854002164
149,1275,3.0,855909723
499,58293,3.0,1277425032
118,2279,3.0,1045002453
469,209,3.0,865534406
129,288,3.0,832594478
229,6016,3.0,1439444791
651,5956,3.0,1064249842
451,3751,3.0,1130594090
351,318,3.0,845107274
32,1298,3.0,903794284
29,726,3.0,850742297
561,2124,3.0,948002626
567,919,3.0,1129522105
426,2987,3.0,973997457
245,381,3.0,830280894
194,89388,3.0,1364052267
344,605,3.0,1079416230
310,2572,3.0,1223130012
651,1923,3.0,1064249500
607,3944,3.0,1002196869
180,46965,3.0,1181014828
607,588,3.0,977937694
225,592,3.0,835161684
668,2747,3.0,1026179579
575,3091,3.0,962719086
469,336,3.0,865534528
255,160,3.0,1174420165
29,736,3.0,840971662
436,371,3.0,837694436
63,6280,3.0,1300121197
255,7293,3.0,1174416527
471,1271,3.0,972782633
420,2015,3.0,956588893
367,380,3.0,851785823
160,1711,3.0,903571062
272,2394,3.0,952634915
114,1089,3.0,1452132806
575,8879,3.0,1096895912
410,3471,3.0,1146517946
624,1608,3.0,891384548
24,2013,3.0,963470121
310,2021,3.0,1091958569
575,8478,3.0,1182805262
150,5459,3.0,1042254857
140,1500,3.0,867827877
462,798,3.0,862800888
603,1304,3.0,862155633
158,260,3.0,1241150512
274,303,3.0,892802683
443,898,3.0,915220106
377,7451,3.0,1201899713
310,1377,3.0,1091956206
242,1101,3.0,945669347
668,2636,3.0,1025849854
422,6170,3.0,1074650678
545,32,3.0,845321987
220,832,3.0,1111994645
177,3993,3.0,1074043840
402,56941,3.0,1210706240
485,1485,3.0,1029355698
177,4085,3.0,1074043385
575,78903,3.0,1278455993
668,4332,3.0,1025858549
668,112485,3.0,1404455296
601,318,3.0,938941812
220,1377,3.0,1111995145
193,2105,3.0,944902050
385,2355,3.0,1094777157
636,1219,3.0,939631789
558,225,3.0,841574419
283,422,3.0,868265258
156,1015,3.0,886547594
310,648,3.0,1092227301
337,3101,3.0,962607955
475,951,3.0,1377423449
668,65596,3.0,1299825581
661,1113,3.0,866411367
122,836,3.0,1024806274
498,288,3.0,852919175
9,230,3.0,842686770
627,349,3.0,1237934523
554,5299,3.0,1111864687
623,256,3.0,836686434
461,2408,3.0,1193065862
310,3699,3.0,1092251256
362,2080,3.0,1270901524
148,252,3.0,837259602
342,477,3.0,845454289
475,84392,3.0,1392573436
575,59118,3.0,1238440514
219,529,3.0,1011718395
665,57669,3.0,1231678399
244,767,3.0,953169174
383,3745,3.0,1214218109
615,592,3.0,955127612
367,434,3.0,833395587
411,223,3.0,833711648
310,5410,3.0,1216143044
113,3978,3.0,1247702497
113,55269,3.0,1257562377
444,289,3.0,833532075
506,1,3.0,1175243297
113,4623,3.0,1209263742
575,6753,3.0,1078161534
458,4214,3.0,1398531053
65,273,3.0,835490747
668,1346,3.0,1192422670
561,230,3.0,948000999
376,223,3.0,942189263
668,2193,3.0,1041478241
367,343,3.0,833676971
601,1280,3.0,938941530
561,2376,3.0,948002270
354,529,3.0,965329219
104,442,3.0,836834761
156,393,3.0,886548146
239,1,3.0,846495399
325,72378,3.0,1300117274
173,2699,3.0,954597165
29,236,3.0,836817996
575,1273,3.0,949754604
436,60,3.0,837694324
164,83349,3.0,1440812153
475,5989,3.0,1359353230
462,891,3.0,862800932
557,316,3.0,1285001242
399,1947,3.0,945152735
465,4034,3.0,1097880762
495,34,3.0,993841431
575,4351,3.0,991581201
542,2291,3.0,1303678121
590,733,3.0,1243424794
668,3079,3.0,1305502549
458,2406,3.0,975730098
612,610,3.0,940520506
575,1096,3.0,939926070
203,442,3.0,955137099
107,1459,3.0,958155602
599,57326,3.0,1424825738
518,5299,3.0,1439913163
60,2580,3.0,1162941700
213,6807,3.0,1111503385
179,2289,3.0,1056440072
318,10,3.0,842517612
458,350,3.0,953241666
428,2808,3.0,1105417256
244,1923,3.0,953168946
530,3498,3.0,956548715
351,292,3.0,845107295
458,7149,3.0,1081672476
196,153,3.0,834704654
409,661,3.0,1292751651
107,2571,3.0,958155572
410,112,3.0,1138557051
22,480,3.0,1111575942
668,66665,3.0,1277288816
579,724,3.0,881064876
499,8530,3.0,1284498632
354,610,3.0,965327714
576,2724,3.0,1451755003
128,2719,3.0,1269621607
605,1135,3.0,955398542
548,3497,3.0,953596970
205,21,3.0,839438619
52,1,3.0,1441810445
224,89774,3.0,1420794803
475,3396,3.0,1402087357
62,4437,3.0,1267565570
593,480,3.0,976422350
498,344,3.0,852918965
220,2723,3.0,1111995954
127,4993,3.0,1044478724
224,48412,3.0,1425361964
620,345,3.0,1024597722
325,3916,3.0,1300116470
66,1097,3.0,961696626
25,1747,3.0,916665660
31,595,3.0,832397461
597,39,3.0,965155047
177,387,3.0,1074299145
575,4545,3.0,994593792
235,2154,3.0,953741177
130,1198,3.0,941898320
560,2393,3.0,1067533948
458,19,3.0,953243077
491,165,3.0,839301871
600,3479,3.0,1014434928
179,7045,3.0,1082806036
507,648,3.0,848405245
310,7090,3.0,1117056668
661,25,3.0,866409966
451,327,3.0,1131360979
668,2827,3.0,1025857321
637,589,3.0,983917284
276,7373,3.0,1334392404
114,4641,3.0,1452132260
423,1597,3.0,1087859294
198,2997,3.0,958686863
422,914,3.0,1063251795
235,1645,3.0,953676757
458,85510,3.0,1334368616
160,994,3.0,903488848
224,3462,3.0,1390094356
255,153,3.0,1174416140
249,2470,3.0,1311817187
475,74685,3.0,1450527866
422,1487,3.0,1063251560
575,151,3.0,939811070
625,798,3.0,1085176464
646,8836,3.0,1106495304
342,351,3.0,845454522
471,915,3.0,972414718
410,262,3.0,1107383937
616,1249,3.0,1259879735
410,4029,3.0,1133392446
444,631,3.0,833533734
128,6595,3.0,1262378561
668,25916,3.0,1189917071
451,2841,3.0,1131058001
255,2050,3.0,1174419821
69,428,3.0,1121088690
555,1566,3.0,875327390
228,4901,3.0,1124124285
446,315,3.0,835116438
501,4776,3.0,1042990638
383,1210,3.0,1214210061
668,3341,3.0,1026440558
607,3033,3.0,974790941
469,616,3.0,865533838
283,417,3.0,868271147
605,3543,3.0,955376312
338,2141,3.0,969763877
442,205,3.0,840555868
164,4621,3.0,1440814301
575,2881,3.0,940139876
493,590,3.0,1218333027
203,2490,3.0,955137202
577,3977,3.0,1031892784
62,3173,3.0,1267426240
224,6870,3.0,1390064386
153,339,3.0,846852259
475,2867,3.0,1358145391
600,2130,3.0,1018671131
309,59392,3.0,1293963601
575,88599,3.0,1312478707
44,4886,3.0,1225239590
244,1081,3.0,953172330
220,1394,3.0,1111758054
485,6212,3.0,1051624509
128,79293,3.0,1292984075
668,7890,3.0,1430670729
109,1374,3.0,901259706
546,1377,3.0,1036015633
176,1544,3.0,965403240
62,7373,3.0,1267564400
544,1091,3.0,945033905
32,2046,3.0,903225426
501,2770,3.0,1042988586
590,8132,3.0,1243381117
228,355,3.0,1141170248
555,434,3.0,875313321
668,435,3.0,1025857348
554,5481,3.0,1111874298
561,1060,3.0,948000868
328,2731,3.0,1224214249
351,161,3.0,845107294
575,102716,3.0,1369838076
600,3421,3.0,969753859
475,5649,3.0,1446833073
220,457,3.0,1111498221
423,4344,3.0,1087859533
468,3580,3.0,965671669
567,4010,3.0,1129536148
428,836,3.0,1105417317
232,53004,3.0,1277413546
413,4370,3.0,1396478974
255,3686,3.0,1174416581
354,1254,3.0,965328311
575,5867,3.0,1182542283
220,2420,3.0,1111996533
118,3978,3.0,1045004114
11,364,3.0,850815719
194,53140,3.0,1364054218
127,5361,3.0,1044478432
542,54999,3.0,1303931995
179,4848,3.0,1056712828
196,151,3.0,834707453
36,339,3.0,847183248
309,27837,3.0,1293929097
311,737,3.0,850408135
542,2700,3.0,1303678217
194,6764,3.0,1364053738
644,762,3.0,868190196
29,132,3.0,836821242
179,1240,3.0,1077162498
314,113345,3.0,1448469051
351,597,3.0,845107355
303,3145,3.0,976733506
363,2710,3.0,947644790
546,2428,3.0,1036014750
311,135,3.0,850408135
471,3082,3.0,972782773
507,743,3.0,848405245
444,368,3.0,833533604
245,57,3.0,830280893
422,1456,3.0,1073106975
160,328,3.0,902696937
475,65465,3.0,1362117853
190,597,3.0,840451152
191,1485,3.0,1111545381
575,592,3.0,939925994
150,5608,3.0,1052614941
420,1135,3.0,956588929
128,1215,3.0,1274457584
335,145,3.0,1303490224
156,1024,3.0,885584869
66,150,3.0,961685953
164,4844,3.0,1440814216
310,1645,3.0,1091957880
575,2749,3.0,939926403
661,9,3.0,866410996
118,2617,3.0,1045006242
547,224,3.0,835255834
542,3535,3.0,1303683184
196,222,3.0,834707655
475,1687,3.0,1305329695
605,605,3.0,954091032
627,6537,3.0,1237935140
388,1270,3.0,1440159705
399,346,3.0,945155394
668,2561,3.0,1025890181
113,292,3.0,1209267184
177,6950,3.0,1074042273
88,153,3.0,1100184860
668,492,3.0,1025850268
147,2763,3.0,986103890
386,44022,3.0,1223296930
485,736,3.0,1029338134
627,95,3.0,1237934920
575,55995,3.0,1195482532
668,37731,3.0,1153663445
659,3510,3.0,1394643985
444,216,3.0,833531921
276,153,3.0,1334392344
668,6842,3.0,1187775664
659,63082,3.0,1394644851
192,8360,3.0,1157141429
451,1094,3.0,1130470962
469,273,3.0,865533971
424,303,3.0,836379318
577,204,3.0,1031892389
668,102125,3.0,1380432504
345,590,3.0,1395028358
260,454,3.0,847822636
572,62,3.0,855516358
634,8169,3.0,1188438203
179,8623,3.0,1089371890
105,168,3.0,857736622
310,6991,3.0,1142453250
63,6484,3.0,1299951840
627,4887,3.0,1237992393
386,741,3.0,1223161295
668,3062,3.0,1025860449
605,272,3.0,954089817
577,3515,3.0,1031892654
310,1717,3.0,1093011850
635,2028,3.0,951538743
402,231,3.0,1172355967
381,10,3.0,844074529
411,316,3.0,833711458
354,3614,3.0,1017843398
130,161,3.0,941901508
475,101076,3.0,1364914224
128,73511,3.0,1262954385
224,55830,3.0,1428128060
603,2019,3.0,860499128
245,207,3.0,830280894
600,1266,3.0,1022818337
275,4291,3.0,1136710216
575,7981,3.0,1162218063
63,2640,3.0,1299620200
451,4344,3.0,1131360769
29,371,3.0,836821054
659,2144,3.0,1394643865
303,3546,3.0,976136050
606,97923,3.0,1448041111
310,1479,3.0,1092342279
108,1136,3.0,945488953
661,135,3.0,866410098
130,2253,3.0,947479008
581,1094,3.0,1110284625
392,2605,3.0,1281450157
575,1286,3.0,939926070
600,1411,3.0,1005450925
386,709,3.0,1223296956
622,50872,3.0,1447053919
402,63189,3.0,1229859518
656,95,3.0,838777746
376,2288,3.0,942576268
352,1197,3.0,1025711644
615,1197,3.0,955127572
128,1407,3.0,1267505308
575,8610,3.0,1088530354
61,1370,3.0,1059007039
244,17,3.0,953166990
128,6548,3.0,1262954648
410,1073,3.0,1139160188
410,1425,3.0,1134753873
461,8537,3.0,1217526152
506,5459,3.0,1175237409
571,780,3.0,859156007
364,1678,3.0,1111637513
235,2099,3.0,953678733
485,1396,3.0,1058174534
495,1007,3.0,993843893
24,2752,3.0,963467726
109,2050,3.0,918645711
422,7254,3.0,1094127952
499,2533,3.0,1277424020
283,363,3.0,868267548
562,1220,3.0,953421757
666,2355,3.0,1021278177
104,319,3.0,836836189
235,2641,3.0,954450656
273,3994,3.0,1227880215
357,4844,3.0,1003187197
285,3484,3.0,974036024
164,32017,3.0,1440814439
224,57528,3.0,1444769474
475,94974,3.0,1370494631
289,2959,3.0,1446725342
192,3529,3.0,1206561509
148,2,3.0,837259630
556,494,3.0,862828606
668,6527,3.0,1376077574
311,765,3.0,850408387
445,282,3.0,866303546
616,4881,3.0,1259905574
588,4042,3.0,994205312
668,62293,3.0,1231563042
89,8610,3.0,1328924275
416,996,3.0,844957351
402,37382,3.0,1196437946
235,46,3.0,953741052
562,2427,3.0,953422481
62,48043,3.0,1269754948
666,1266,3.0,1021280322
354,1214,3.0,965328795
251,2478,3.0,1363372726
627,350,3.0,1237941374
507,296,3.0,848404932
310,2599,3.0,1092861110
668,2194,3.0,1025887361
575,33585,3.0,1134580894
164,1431,3.0,1440962890
228,3053,3.0,1129381695
575,3148,3.0,949234956
443,2134,3.0,915224473
545,9,3.0,845652373
35,376,3.0,860344074
600,2969,3.0,1025322191
575,4562,3.0,995044497
436,754,3.0,837695196
668,5361,3.0,1025887675
266,110,3.0,841655660
128,91976,3.0,1343687310
310,8939,3.0,1141754875
428,3438,3.0,1105417004
575,55280,3.0,1208785912
575,6957,3.0,1088530306
403,7438,3.0,1222682287
567,2539,3.0,1129523188
372,5810,3.0,1111666010
542,2115,3.0,1303678117
475,4392,3.0,1419634504
128,33162,3.0,1262380170
572,671,3.0,855516656
156,21,3.0,885584028
354,5378,3.0,1024075498
280,356,3.0,944897384
528,4995,3.0,1252817247
62,4874,3.0,1269331694
168,1569,3.0,1159238116
177,455,3.0,1074297048
179,898,3.0,1056712331
410,356,3.0,1146168003
542,4022,3.0,1303678212
16,317,3.0,842888424
62,55269,3.0,1269671929
354,4901,3.0,1034972608
291,2560,3.0,967487709
177,1225,3.0,1074044361
235,447,3.0,953741260
530,39449,3.0,1142042790
403,1356,3.0,1222682245
62,2231,3.0,1269671899
424,208,3.0,836378154
54,5992,3.0,1146943249
167,90249,3.0,1446588054
54,1097,3.0,1146935764
623,35,3.0,836687682
546,4618,3.0,1036014988
575,1611,3.0,939803677
632,2096,3.0,1388950602
199,29,3.0,975877787
322,5060,3.0,1030116880
403,4725,3.0,1222302456
485,552,3.0,1028841796
89,33681,3.0,1328924036
668,91416,3.0,1335249956
413,3285,3.0,1381580160
122,662,3.0,1024806032
178,150,3.0,843392892
235,3081,3.0,953741101
668,7053,3.0,1362891243
62,8972,3.0,1267564395
32,2065,3.0,903794433
263,2407,3.0,916235440
228,350,3.0,1124122308
271,762,3.0,860663403
530,2529,3.0,978237042
615,2985,3.0,955128151
668,6550,3.0,1081558880
495,1276,3.0,993843985
575,3408,3.0,956065776
575,4653,3.0,995577328
29,11,3.0,836817996
668,8966,3.0,1142289994
393,370,3.0,848976822
668,84150,3.0,1361140943
54,2890,3.0,1147013564
560,2818,3.0,1067534681
151,112,3.0,864684331
575,6039,3.0,1041962370
668,31923,3.0,1122823032
567,353,3.0,1129522366
296,2989,3.0,1085800281
668,1224,3.0,1096486399
196,370,3.0,834707825
668,5668,3.0,1073926384
113,2987,3.0,1209265378
443,1327,3.0,915229353
449,3949,3.0,1449267016
458,8800,3.0,1094448579
20,8970,3.0,1289757431
174,3793,3.0,1276656180
668,7147,3.0,1115567471
436,648,3.0,837694176
164,103253,3.0,1440812071
659,474,3.0,1394645864
469,193,3.0,865534607
11,1036,3.0,850816237
668,2124,3.0,1025861675
386,4239,3.0,1223296278
575,534,3.0,939974458
310,48698,3.0,1196030883
244,1,3.0,953168435
575,4690,3.0,995577182
607,1658,3.0,974785372
232,1973,3.0,1278199139
309,6548,3.0,1293928976
220,3159,3.0,1112609384
402,4558,3.0,1172480615
555,417,3.0,875312271
376,1784,3.0,942191844
157,1047,3.0,916673947
436,454,3.0,837693834
512,4489,3.0,1254431348
461,71464,3.0,1272354288
310,208,3.0,1092340443
169,188,3.0,856190518
399,3169,3.0,945152377
354,2640,3.0,965327621
440,2973,3.0,962687016
371,474,3.0,841274886
607,1379,3.0,974711302
541,1391,3.0,1004507615
164,93270,3.0,1440812459
501,2232,3.0,1042991813
108,2470,3.0,944977094
236,1246,3.0,1119960459
29,1090,3.0,865694721
451,5444,3.0,1130594106
413,5528,3.0,1396483178
140,43,3.0,850121141
133,1374,3.0,852201323
459,208,3.0,845305815
461,112,3.0,1193067045
146,940,3.0,944926441
399,245,3.0,945151142
220,5040,3.0,1112707496
156,1240,3.0,885580978
63,552,3.0,1299619835
517,736,3.0,851082917
530,5388,3.0,1024623950
310,2598,3.0,1142605091
105,339,3.0,857736478
583,198,3.0,978506444
543,1388,3.0,995889740
516,3253,3.0,1001472244
118,653,3.0,1045006295
518,1923,3.0,1439912892
475,64231,3.0,1425152809
112,1077,3.0,956590920
530,52,3.0,972347392
300,2490,3.0,942963419
310,6565,3.0,1092229898
668,2237,3.0,1091900861
213,3977,3.0,1129881654
575,3102,3.0,949754476
376,6,3.0,942188668
458,2137,3.0,938852774
492,480,3.0,835506007
133,457,3.0,837546531
232,500,3.0,1277374603
169,527,3.0,854002070
668,6437,3.0,1331402500
668,385,3.0,1037922579
575,101893,3.0,1376403114
556,637,3.0,862828680
269,54736,3.0,1293105183
352,1246,3.0,1006319223
427,4878,3.0,1329765549
218,33830,3.0,1256750671
72,1112,3.0,877801673
560,382,3.0,1069086345
436,165,3.0,837693700
657,5076,3.0,1243037562
547,466,3.0,835255974
344,4623,3.0,1079416267
668,261,3.0,1025889286
567,6534,3.0,1129535514
36,592,3.0,847183057
169,383,3.0,854002249
303,1243,3.0,976124650
197,719,3.0,1040963750
247,3979,3.0,1451122763
296,1580,3.0,1085798144
451,3452,3.0,1131750417
476,67255,3.0,1267547485
177,1645,3.0,1074045770
622,87876,3.0,1447455625
577,1431,3.0,1031892358
426,1682,3.0,973997989
304,6863,3.0,1351443997
220,1367,3.0,1111497109
657,52,3.0,1243036692
402,1584,3.0,1178046937
574,4034,3.0,1339817148
511,362,3.0,834652611
198,2883,3.0,959475332
295,231,3.0,837884584
575,2605,3.0,944384099
28,1374,3.0,884099817
89,2353,3.0,1328922996
421,1270,3.0,879858300
63,7317,3.0,1299504967
291,2959,3.0,967487438
475,8016,3.0,1305328026
522,158,3.0,833477447
542,3489,3.0,1303931690
469,172,3.0,865533661
668,3380,3.0,1182666709
107,1466,3.0,958160480
118,4141,3.0,1045334303
454,420,3.0,833724959
575,61,3.0,939888059
622,79057,3.0,1447455313
220,5693,3.0,1112707446
268,52952,3.0,1227220198
668,70792,3.0,1443642826
130,5903,3.0,1075252842
273,3113,3.0,1227876329
177,2058,3.0,1074044016
668,1301,3.0,1025856672
575,2518,3.0,952402406
128,500,3.0,1262679730
555,1393,3.0,875311621
236,1129,3.0,1120082224
255,6888,3.0,1174419240
628,3793,3.0,1112465727
25,2478,3.0,916664088
196,736,3.0,834704758
413,5418,3.0,1396433206
652,3100,3.0,974692351
244,715,3.0,953169869
179,2391,3.0,1082783466
134,1427,3.0,862764700
303,3703,3.0,977413481
162,509,3.0,836675624
575,417,3.0,939816991
96,786,3.0,857048737
160,332,3.0,902697086
179,1412,3.0,1056441154
600,927,3.0,977982230
644,648,3.0,868190051
522,516,3.0,833479748
303,2349,3.0,976999414
475,4055,3.0,1385325466
547,150,3.0,835255685
402,68554,3.0,1244310941
530,1206,3.0,983919122
177,292,3.0,1074052478
475,1356,3.0,1355237257
475,5049,3.0,1396205579
498,235,3.0,852919379
326,252,3.0,844184225
140,802,3.0,854440284
603,273,3.0,860499691
383,2054,3.0,1214210697
185,1918,3.0,1099496153
146,2291,3.0,944927751
72,802,3.0,877802272
410,410,3.0,1144962945
354,2355,3.0,1017785994
413,441,3.0,1309762083
198,1196,3.0,958686714
567,49274,3.0,1193852649
450,480,3.0,835226545
296,5872,3.0,1085800740
552,17,3.0,850495445
607,4077,3.0,992923957
668,83910,3.0,1328221974
597,236,3.0,965182331
416,725,3.0,844957004
528,5349,3.0,1252817073
232,54648,3.0,1277851740
473,21,3.0,836972607
116,288,3.0,834668570
661,260,3.0,866410011
310,54999,3.0,1200243879
107,2324,3.0,958156410
469,1340,3.0,865533971
205,185,3.0,839438518
203,1950,3.0,955136576
575,2145,3.0,963749711
458,3524,3.0,975731649
342,708,3.0,845454375
595,1,3.0,863240596
283,1211,3.0,868265840
461,3476,3.0,1193030791
130,3863,3.0,967346433
161,1200,3.0,1446722840
475,1589,3.0,1364132860
107,466,3.0,958164580
63,60760,3.0,1299951716
422,5294,3.0,1063155249
232,47810,3.0,1277413308
50,1089,3.0,905248686
668,62792,3.0,1236292854
29,788,3.0,853556814
315,1272,3.0,979183017
622,76251,3.0,1447034189
96,7,3.0,857048737
521,31878,3.0,1351088968
222,534,3.0,945322343
413,4447,3.0,1396482179
310,480,3.0,1092170597
525,2890,3.0,946570258
8,733,3.0,858611470
561,1377,3.0,948001214
668,368,3.0,1025889315
627,2261,3.0,1237993504
668,7020,3.0,1088921748
619,1573,3.0,1445257772
656,415,3.0,838778155
605,3524,3.0,955376902
190,474,3.0,840451243
376,2991,3.0,942195038
166,260,3.0,1439761534
99,3555,3.0,1371941555
484,832,3.0,1308768570
607,2683,3.0,974708589
263,1036,3.0,916309751
283,1298,3.0,868266656
156,317,3.0,885584350
310,27837,3.0,1224511363
410,3159,3.0,1144880839
218,1367,3.0,1256750521
232,71211,3.0,1305348122
597,70,3.0,965182412
567,2379,3.0,1129535447
668,410,3.0,1025861675
238,780,3.0,1082061281
451,1307,3.0,1145359542
506,2987,3.0,1175243797
575,6105,3.0,1043182499
138,381,3.0,835879559
38,1380,3.0,1408383275
130,2363,3.0,996625848
179,1923,3.0,1056713205
475,108949,3.0,1402692732
620,3155,3.0,1024598491
668,68952,3.0,1257023707
376,2125,3.0,942573477
668,1693,3.0,1294286546
194,78041,3.0,1364053548
668,1933,3.0,1183305182
148,380,3.0,837259151
24,2115,3.0,963470254
109,1372,3.0,918632586
668,26487,3.0,1174263726
593,3450,3.0,974243912
262,1270,3.0,1183002070
549,4677,3.0,1216529401
575,3984,3.0,973009702
315,1964,3.0,1084223452
386,30793,3.0,1223296303
458,4211,3.0,1022020023
352,1393,3.0,1006317664
208,208,3.0,837959026
9,474,3.0,842686474
607,3095,3.0,974803504
575,3099,3.0,949754957
326,594,3.0,844184546
62,5956,3.0,1268792946
255,7706,3.0,1174417320
232,4974,3.0,1277842495
269,1240,3.0,1293105889
357,3298,3.0,963939024
299,902,3.0,1290447656
607,784,3.0,974713026
330,5400,3.0,1040944437
668,2529,3.0,1319663608
668,800,3.0,1025852642
224,46972,3.0,1425333916
354,1907,3.0,965328099
310,2396,3.0,1092229950
475,923,3.0,1308736628
484,7340,3.0,1308770646
607,2795,3.0,974791188
425,1589,3.0,1077443428
622,95167,3.0,1447455220
324,1407,3.0,891600765
192,2572,3.0,1002210319
495,2038,3.0,993843832
246,349,3.0,845315945
485,2692,3.0,1028843928
72,117,3.0,877801972
516,3994,3.0,1001472202
399,175,3.0,945155335
575,1845,3.0,939803059
507,292,3.0,848405155
560,5481,3.0,1067550124
239,235,3.0,846495399
463,56367,3.0,1274471638
196,95,3.0,834704740
577,1562,3.0,1031892517
308,5956,3.0,1233351577
336,2193,3.0,1262104870
54,8622,3.0,1146961071
309,5378,3.0,1293929392
72,1488,3.0,877800982
575,1193,3.0,962719233
456,434,3.0,841927979
622,117533,3.0,1447034403
87,4973,3.0,1173621523
505,299,3.0,965682681
561,368,3.0,944929091
530,5983,3.0,1046137014
179,5679,3.0,1082806340
118,5445,3.0,1045002765
160,21,3.0,903489483
657,5009,3.0,1243037760
29,489,3.0,840548084
622,33794,3.0,1447965625
401,111,3.0,1417253694
648,762,3.0,859029802
87,3039,3.0,1173655595
168,6333,3.0,1159239182
228,3986,3.0,1124281989
128,6979,3.0,1338765725
607,3526,3.0,974790782
597,2371,3.0,965182160
668,46664,3.0,1238510861
665,55080,3.0,1231675722
224,2012,3.0,1390079156
412,7153,3.0,1415279106
668,2176,3.0,1258436954
668,33237,3.0,1183175454
426,2947,3.0,973997227
606,2692,3.0,1448031787
357,3793,3.0,976754849
541,3024,3.0,1004507294
183,2329,3.0,1381955149
301,1580,3.0,1317056571
233,282,3.0,835096064
62,50,3.0,1268779493
659,28,3.0,1394645254
555,423,3.0,875314348
376,277,3.0,942591695
650,688,3.0,965502301
354,1394,3.0,965329045
156,432,3.0,886433229
160,1432,3.0,903816658
128,48,3.0,1262954954
668,33171,3.0,1134110165
275,3255,3.0,1136709710
530,2000,3.0,945143922
264,208,3.0,847927960
130,480,3.0,941883798
668,3066,3.0,1025860650
343,592,3.0,1196304416
164,89190,3.0,1440812563
442,30,3.0,840556784
458,2150,3.0,975731551
199,1748,3.0,975878025
413,89492,3.0,1397286636
224,1240,3.0,1393131048
137,3253,3.0,1223511002
545,520,3.0,845742455
530,3873,3.0,972346294
602,4022,3.0,1105451128
259,3703,3.0,997801901
179,1350,3.0,1056713614
192,592,3.0,1002132574
575,2917,3.0,939915882
575,92008,3.0,1336403031
9,3,3.0,842687044
235,3408,3.0,955569067
627,2640,3.0,1237934778
192,4228,3.0,1030748168
429,3956,3.0,993082972
543,3977,3.0,995891405
475,7381,3.0,1305329808
110,2081,3.0,992250782
246,592,3.0,845315848
171,494,3.0,852833757
110,2628,3.0,992252395
607,2624,3.0,974705822
544,1258,3.0,945035787
199,2454,3.0,975878110
461,852,3.0,1193067959
203,1385,3.0,955137217
413,6537,3.0,1396482256
235,380,3.0,953676117
521,44665,3.0,1351092826
310,42007,3.0,1174761351
354,3175,3.0,965327507
203,1721,3.0,955132587
210,3760,3.0,1041826414
475,80398,3.0,1387708952
160,1748,3.0,902694625
530,3169,3.0,945022479
171,710,3.0,852834005
402,69757,3.0,1258231514
530,3930,3.0,972346185
340,590,3.0,836735738
542,61240,3.0,1436718429
102,778,3.0,975787383
369,265,3.0,953445034
352,1220,3.0,1006560310
85,4019,3.0,1400699505
668,48035,3.0,1241812244
338,529,3.0,969761788
567,3617,3.0,1129534039
557,5903,3.0,1284928051
239,540,3.0,841756613
87,153,3.0,1173621109
310,5265,3.0,1142604879
122,5049,3.0,1024804887
668,5435,3.0,1317931672
352,1073,3.0,1006560960
542,71135,3.0,1303683756
104,497,3.0,836835026
668,5548,3.0,1029164813
668,2344,3.0,1108218553
150,911,3.0,1043210054
481,910,3.0,938871291
668,26110,3.0,1223682491
235,16,3.0,953677830
668,2174,3.0,1026443006
413,52722,3.0,1396483639
439,605,3.0,864847554
575,7445,3.0,1110812124
25,2148,3.0,916664163
127,1210,3.0,1044478752
121,2572,3.0,954389127
668,1907,3.0,1025886362
440,592,3.0,962687093
19,41569,3.0,1442282418
605,3556,3.0,992903387
425,3107,3.0,1077476791
662,612,3.0,945176871
72,1479,3.0,877800861
475,49856,3.0,1309548116
597,5649,3.0,965181484
597,786,3.0,965181785
668,3479,3.0,1035574313
197,432,3.0,1040963292
668,1186,3.0,1035573920
326,786,3.0,844184718
607,2560,3.0,974709088
668,43910,3.0,1191620740
29,553,3.0,836817996
63,3639,3.0,1299697424
605,2125,3.0,954089621
65,586,3.0,835490769
305,2014,3.0,995561226
458,2622,3.0,944392108
109,2375,3.0,971100300
668,3000,3.0,1041478052
357,4011,3.0,1000396838
205,370,3.0,839439049
456,95,3.0,841936066
561,208,3.0,948001307
668,38867,3.0,1286471060
83,2470,3.0,1418842142
668,49200,3.0,1174789321
242,2985,3.0,944904136
530,1982,3.0,945322084
376,924,3.0,942574038
66,892,3.0,961687311
458,245,3.0,977157261
177,1441,3.0,1074043988
668,1888,3.0,1025855286
17,31698,3.0,1235223217
475,2004,3.0,1306174566
575,1222,3.0,939926145
128,80363,3.0,1292813587
495,2116,3.0,993843735
668,6639,3.0,1154888684
25,2144,3.0,916664088
501,5444,3.0,1042992633
505,788,3.0,965682162
164,3043,3.0,1440814105
436,22,3.0,837694138
343,1321,3.0,1196304162
162,432,3.0,836675432
451,1573,3.0,1130495557
50,2268,3.0,904746097
607,2621,3.0,974786059
309,260,3.0,1293963491
238,2617,0.5,1082060842
62,886,0.5,1267428104
278,3157,0.5,1341358649
668,71017,0.5,1340118146
278,3820,0.5,1341359095
403,34323,0.5,1222302840
62,839,0.5,1267577393
508,60069,0.5,1451230965
179,5673,0.5,1085900319
62,1468,0.5,1267427715
262,3173,0.5,1183001493
275,4571,0.5,1136701164
179,2100,0.5,1056440008
62,71302,0.5,1267426425
472,4027,4.5,1079134421
422,7579,4.5,1094128099
224,2948,4.5,1390064655
194,8984,4.5,1364056237
306,134368,4.5,1448900753
184,2997,4.5,1148547046
88,1653,4.5,1054234289
451,27772,4.5,1131361406
590,1503,4.5,1243370807
164,5956,4.5,1440964376
348,6016,4.5,1311171753
88,1148,4.5,1180891916
85,2858,4.5,1400699983
232,5293,4.5,1283640277
330,1935,4.5,1053308671
560,2723,4.5,1067534008
22,3156,4.5,1111573759
168,858,4.5,1159237985
202,32,4.5,1174785663
418,2730,4.5,1100030322
220,7090,4.5,1111757237
213,8199,4.5,1112242674
580,1278,4.5,1209636271
560,2641,4.5,1067534234
580,1,4.5,1209463405
224,6669,4.5,1420794436
627,1393,4.5,1237932003
41,2096,4.5,1067130069
22,36,4.5,1111573574
490,593,4.5,1399941612
62,7438,4.5,1268779675
642,27773,4.5,1439775291
664,1240,4.5,1423496433
560,1356,4.5,1067530433
231,71535,4.5,1321056427
366,293,4.5,1084996733
69,2858,4.5,1121104508
458,1210,4.5,1282929465
627,54881,4.5,1237933245
668,33312,4.5,1145447263
493,1097,4.5,1218333083
88,4979,4.5,1195682728
576,8874,4.5,1445444008
204,31410,4.5,1166040430
60,6333,4.5,1162941860
590,2502,4.5,1245631047
278,610,4.5,1341358529
513,33794,4.5,1322787582
599,1047,4.5,1424812784
405,1219,4.5,1296440965
306,112138,4.5,1449500042
405,60684,4.5,1296441770
296,912,4.5,1085798206
218,590,4.5,1255811380
57,46578,4.5,1299385026
232,51709,4.5,1284942575
590,57669,4.5,1403725262
668,99220,4.5,1373698556
560,5568,4.5,1067536477
415,32587,4.5,1341263260
86,1252,4.5,1450071517
206,68157,4.5,1437519269
83,40819,4.5,1418842911
292,2959,4.5,1190272059
232,94833,4.5,1355446676
418,1206,4.5,1100029829
643,1089,4.5,1300442808
576,1265,4.5,1446410749
521,2288,4.5,1381250719
560,4039,4.5,1067535639
159,7153,4.5,1125512966
590,1653,4.5,1336063372
164,5218,4.5,1440964309
224,1219,4.5,1393976521
428,2000,4.5,1105414215
425,2590,4.5,1077497952
218,2406,4.5,1258135045
238,25,4.5,1082123351
241,111,4.5,1446671352
433,1544,4.5,1439795221
164,1722,4.5,1440962606
628,1784,4.5,1112473934
158,26614,4.5,1241051653
580,145,4.5,1209635411
628,1258,4.5,1112473968
88,1272,4.5,1427389614
560,5146,4.5,1067529634
449,40583,4.5,1449268183
590,8961,4.5,1243424254
668,4338,4.5,1401167869
405,953,4.5,1296442183
608,34534,4.5,1245769320
339,5952,4.5,1172020070
405,5010,4.5,1296537487
88,8798,4.5,1125013354
299,1214,4.5,1290448018
159,4993,4.5,1125512957
163,2959,4.5,1168525838
218,253,4.5,1255806236
250,6377,4.5,1107160213
179,1224,4.5,1056440360
275,965,4.5,1136701320
405,480,4.5,1296441666
632,3033,4.5,1388949221
405,63082,4.5,1296442148
403,1089,4.5,1224525301
128,3267,4.5,1262130019
164,57528,4.5,1440964006
509,6503,4.5,1088440233
389,87869,4.5,1319196044
232,90430,4.5,1327311553
88,2261,4.5,1143677180
276,2997,4.5,1334345829
183,1197,4.5,1381954772
224,3681,4.5,1420794703
177,2502,4.5,1074042815
580,333,4.5,1209466013
5,1907,4.5,1303500565
560,457,4.5,1067530524
614,6333,4.5,1415080549
422,1022,4.5,1071612186
389,62155,4.5,1319275243
128,1221,4.5,1292224121
88,5669,4.5,1100103234
413,27592,4.5,1350567987
387,2571,4.5,1300087909
18,4995,4.5,1108296982
389,368,4.5,1315058202
177,593,4.5,1074043541
554,1196,4.5,1111865012
62,6,4.5,1267565219
88,2795,4.5,1140474096
189,2951,4.5,1170026659
568,2078,4.5,1142790396
599,3698,4.5,1424813305
213,7766,4.5,1111502607
218,2943,4.5,1255807462
325,7153,4.5,1300118231
319,5679,4.5,1413897599
278,60069,4.5,1341367706
57,2502,4.5,1299385030
87,1212,4.5,1173623136
194,8361,4.5,1364054152
30,1270,4.5,1292690100
560,861,4.5,1067530951
232,3527,4.5,1277375454
89,2572,4.5,1328923527
128,1405,4.5,1262125974
614,8371,4.5,1416814128
384,1028,4.5,1065389143
232,4102,4.5,1277404256
528,6385,4.5,1252812494
580,1918,4.5,1209461550
422,1088,4.5,1071612160
560,4195,4.5,1067546124
619,6787,4.5,1445257552
224,1196,4.5,1420827450
423,3176,4.5,1087859377
668,6335,4.5,1090332646
589,94325,4.5,1450567365
412,541,4.5,1415279501
250,1230,4.5,1107161310
314,3275,4.5,1448466710
194,42418,4.5,1364054595
614,1036,4.5,1415080179
554,356,4.5,1111864758
128,27773,4.5,1262544276
413,93840,4.5,1341231645
213,1952,4.5,1112242155
642,293,4.5,1439774060
211,5005,4.5,1138402928
405,44195,4.5,1296440872
202,4705,4.5,1174785388
668,326,4.5,1107044278
232,3863,4.5,1277839550
463,6440,4.5,1274471755
451,1387,4.5,1130473005
389,39,4.5,1315057833
480,3481,4.5,1136441911
506,110,4.5,1175243273
306,93510,4.5,1449500066
232,90405,4.5,1320528925
87,1270,4.5,1173620702
560,1721,4.5,1067547210
60,322,4.5,1162941809
277,7502,4.5,1445249868
174,4034,4.5,1276655788
387,1136,4.5,1369600172
576,97306,4.5,1447000980
88,4128,4.5,1054233456
110,1617,4.5,1077942570
218,1214,4.5,1255810028
400,1084,4.5,1197752154
232,76093,4.5,1277408178
594,1015,4.5,1163480108
460,4308,4.5,1130275306
560,3578,4.5,1067530452
425,3000,4.5,1077456450
428,8268,4.5,1105416228
387,7361,4.5,1334965135
161,4963,4.5,1448008191
128,1617,4.5,1262377312
110,5418,4.5,1103589421
668,3741,4.5,1383200028
460,3996,4.5,1130274372
63,3950,4.5,1299478178
480,260,4.5,1136442238
88,30707,4.5,1137457275
232,96655,4.5,1360342358
460,1485,4.5,1130271808
668,1617,4.5,1134431064
345,933,4.5,1395028891
591,1227,4.5,1271093844
568,1259,4.5,1142916247
69,2243,4.5,1121284045
232,61352,4.5,1277404242
627,1291,4.5,1237932331
528,8961,4.5,1252817531
88,1784,4.5,1180999486
71,6365,4.5,1063749255
250,750,4.5,1107161157
413,32,4.5,1244288869
232,74948,4.5,1282613877
174,7013,4.5,1279737728
415,6934,4.5,1341533245
128,7802,4.5,1262156675
224,4329,4.5,1444776853
37,3683,4.5,1113691345
62,51662,4.5,1267425398
451,2288,4.5,1130472944
619,2762,4.5,1445257724
528,33794,4.5,1252811414
575,7153,4.5,1075037874
128,1136,4.5,1262125989
405,6869,4.5,1296439703
179,1193,4.5,1056698479
569,5464,4.5,1245981756
60,8636,4.5,1162941794
474,55280,4.5,1323047052
537,1214,4.5,1356397885
642,99007,4.5,1439771611
403,968,4.5,1222301077
366,5015,4.5,1084996801
7,733,4.5,1322062938
232,55031,4.5,1277526793
213,1228,4.5,1111503714
106,99114,4.5,1440861300
213,1069,4.5,1111502411
167,81562,4.5,1446587858
422,5954,4.5,1074650562
387,745,4.5,1334966120
224,2716,4.5,1393196116
581,5957,4.5,1110288016
347,7090,4.5,1274981440
228,6281,4.5,1141173125
211,7194,4.5,1138402631
224,112850,4.5,1444776998
88,2779,4.5,1180892408
628,608,4.5,1112472586
560,2087,4.5,1067529679
224,50872,4.5,1390027074
290,32587,4.5,1432614611
463,1732,4.5,1274471178
554,3916,4.5,1111865057
563,2750,4.5,1112205721
57,7147,4.5,1305594989
177,3952,4.5,1074044260
599,73268,4.5,1424825271
137,904,4.5,1201788704
213,2011,4.5,1111501974
339,589,4.5,1172019789
619,37741,4.5,1445258080
396,68157,4.5,1448472629
386,54995,4.5,1223160486
292,1282,4.5,1190270654
497,5267,4.5,1096453855
458,933,4.5,1351892475
53,1136,4.5,1285957481
164,589,4.5,1440964033
331,6093,4.5,1138984683
463,2321,4.5,1274471191
580,788,4.5,1209636565
71,608,4.5,1063749710
563,1304,4.5,1112206349
425,1197,4.5,1077442145
247,4226,4.5,1451122396
458,30707,4.5,1110727863
232,457,4.5,1277374464
599,56775,4.5,1424812962
164,7445,4.5,1440888866
568,1147,4.5,1142791285
668,25846,4.5,1404619897
528,457,4.5,1252655951
192,1269,4.5,1059405974
560,5969,4.5,1067549988
86,356,4.5,1450071831
63,86377,4.5,1306569281
18,4011,4.5,1108297043
224,65216,4.5,1444769617
581,5620,4.5,1110287624
413,4105,4.5,1370616912
228,51662,4.5,1233252554
232,73323,4.5,1284769319
627,910,4.5,1237936514
183,2011,4.5,1379259496
418,7153,4.5,1100030512
194,5841,4.5,1364053842
655,1088,4.5,1255790805
383,2490,4.5,1214209714
627,1809,4.5,1237930736
633,3753,4.5,1140152806
88,6586,4.5,1061388013
591,260,4.5,1271096856
581,6765,4.5,1110286561
348,58559,4.5,1311171558
451,8528,4.5,1130837177
451,33838,4.5,1131260330
668,927,4.5,1107045739
641,2167,4.5,1349301423
460,1135,4.5,1130273487
458,8207,4.5,1434633934
409,6807,4.5,1292614830
241,5995,4.5,1446670492
405,1221,4.5,1296439252
537,5060,4.5,1356396486
164,4387,4.5,1440964860
627,1834,4.5,1237937692
232,59418,4.5,1288468220
389,508,4.5,1315058122
164,2405,4.5,1440964104
310,1275,4.5,1092169414
89,1909,4.5,1328923066
228,1590,4.5,1141173621
224,79274,4.5,1425243912
458,5995,4.5,1156140604
599,109578,4.5,1424813742
60,6003,4.5,1162942162
560,2968,4.5,1067529700
331,4039,4.5,1138985223
232,99114,4.5,1358834160
179,293,4.5,1056440318
213,216,4.5,1129880923
530,1148,4.5,1148786955
614,1240,4.5,1415080517
170,29,4.5,1300596132
218,34048,4.5,1258390758
580,4306,4.5,1209463630
628,3683,4.5,1112472604
61,32,4.5,1058834494
461,3114,4.5,1193030087
192,51660,4.5,1206559948
278,1220,4.5,1341358844
64,45722,4.5,1193288803
575,50740,4.5,1232136364
622,84844,4.5,1447034445
137,1358,4.5,1205620192
513,32587,4.5,1322787886
484,4011,4.5,1308769144
657,7156,4.5,1243037930
667,32,4.5,1082552500
1,1210,4.5,1217895912
192,1234,4.5,1059406486
57,85354,4.5,1305509720
164,7569,4.5,1440888948
567,1222,4.5,1129522423
387,44665,4.5,1369600182
632,1207,4.5,1388949399
87,110,4.5,1173620435
1,2467,4.5,1217897780
410,1197,4.5,1133385128
57,293,4.5,1303616404
71,6323,4.5,1063749606
71,3499,4.5,1063750076
610,1200,4.5,1303104549
250,7361,4.5,1107161832
296,2951,4.5,1085799897
403,1200,4.5,1222302079
642,81932,4.5,1439791990
63,356,4.5,1299478210
484,1912,4.5,1308769778
668,25750,4.5,1352872988
622,99530,4.5,1447514124
433,77561,4.5,1439794803
77,1258,4.5,1085080517
123,2797,4.5,1075394185
642,91535,4.5,1439771483
257,497,4.5,1093986391
319,93510,4.5,1426505074
569,1997,4.5,1245981675
331,3996,4.5,1138983228
659,55820,4.5,1394689136
458,4085,4.5,1398533355
228,3703,4.5,1124278964
451,72011,4.5,1338644108
460,1527,4.5,1130274294
224,32587,4.5,1358839055
484,2542,4.5,1308769636
19,106782,4.5,1442282686
257,1374,4.5,1093986431
259,7323,4.5,1079617186
88,4066,4.5,1217688226
37,923,4.5,1113690668
474,88672,4.5,1324182355
405,6016,4.5,1296439203
192,5266,4.5,1077119612
591,1222,4.5,1281883572
128,1148,4.5,1262157761
451,4079,4.5,1131749775
403,6242,4.5,1222303391
275,943,4.5,1136703206
315,30793,4.5,1131920798
668,117529,4.5,1434976638
365,1284,4.5,1062894082
461,51709,4.5,1223543102
581,4144,4.5,1110286831
268,6565,4.5,1227218777
504,49530,4.5,1447973946
213,1590,4.5,1112242203
177,3147,4.5,1074042599
167,318,4.5,1446587255
63,80463,4.5,1299477299
602,1200,4.5,1105452622
617,4226,4.5,1225248279
480,4489,4.5,1140597059
569,4239,4.5,1245983421
428,1233,4.5,1105415817
389,2144,4.5,1317514324
44,750,4.5,1225239219
101,1200,4.5,1278886083
177,2571,4.5,1074042795
657,6953,4.5,1243037108
474,26614,4.5,1323476192
427,66934,4.5,1329765456
228,3355,4.5,1124281432
299,62155,4.5,1290571739
568,1234,4.5,1142789804
499,3556,4.5,1284498326
174,8636,4.5,1276468786
1,33834,4.5,1217897409
224,1265,4.5,1390064344
276,1214,4.5,1334390655
476,293,4.5,1267547461
241,84152,4.5,1446671289
61,1221,4.5,1058833997
415,60684,4.5,1341297608
598,589,4.5,1270497517
255,8147,4.5,1174421678
542,8928,4.5,1438507310
256,1961,4.5,1415358374
413,52952,4.5,1312958294
328,1240,4.5,1223426085
164,1240,4.5,1440963989
232,62956,4.5,1277404585
410,2502,4.5,1133384954
232,4958,4.5,1277408939
278,5971,4.5,1341366385
549,48774,4.5,1219549323
228,21,4.5,1124283947
405,78160,4.5,1296440731
455,29,4.5,1107194181
192,3988,4.5,1059406345
591,2329,4.5,1281883511
512,63082,4.5,1254435081
531,7254,4.5,1447687998
161,6365,4.5,1444729452
659,5418,4.5,1394645636
275,7395,4.5,1136702184
575,2333,4.5,1061243758
18,296,4.5,1107371979
627,2360,4.5,1237930659
528,49272,4.5,1252812501
467,2571,4.5,1430452625
532,3175,4.5,1440346358
537,2944,4.5,1356396572
192,2605,4.5,1059406323
575,81834,4.5,1308575716
451,7153,4.5,1130472637
560,1120,4.5,1069091797
366,5669,4.5,1084996758
377,48516,4.5,1201899693
255,1036,4.5,1174416263
164,2991,4.5,1440964028
632,1302,4.5,1388949201
247,112138,4.5,1451124951
273,733,4.5,1227879814
405,2288,4.5,1296441033
455,1250,4.5,1107147731
247,106487,4.5,1451122745
382,51662,4.5,1322873893
80,4973,4.5,1253152959
383,5618,4.5,1214215278
591,4262,4.5,1281883741
625,1917,4.5,1085175104
387,293,4.5,1369600176
493,778,4.5,1218333322
616,2542,4.5,1259848531
568,1527,4.5,1142915869
163,7360,4.5,1168526201
633,2021,4.5,1134970282
599,52712,4.5,1424825731
668,96079,4.5,1352612085
614,2115,4.5,1415079708
557,1200,4.5,1284927801
627,2951,4.5,1237937222
458,8056,4.5,1195563456
590,48394,4.5,1243424117
479,3147,4.5,1445793394
405,1207,4.5,1296439340
455,2396,4.5,1107328875
614,27660,4.5,1415080773
224,3994,4.5,1390080858
575,457,4.5,1203107847
619,7323,4.5,1445257376
402,1676,4.5,1172356521
610,1590,4.5,1303104113
451,36529,4.5,1143104766
19,30816,4.5,1442283076
575,38038,4.5,1139410802
576,1393,4.5,1445451175
599,260,4.5,1424811185
614,78499,4.5,1415078954
413,56389,4.5,1398046180
88,5500,4.5,1180891936
458,72998,4.5,1267317360
434,48516,4.5,1241492782
166,109374,4.5,1439762404
425,1921,4.5,1077443243
113,87869,4.5,1326074402
253,64839,4.5,1353227837
668,30749,4.5,1114833137
315,3730,4.5,1084223372
220,3556,4.5,1112609176
347,48738,4.5,1274980674
428,5040,4.5,1105416910
88,5418,4.5,1090260889
230,527,4.5,1192689143
574,99114,4.5,1362802363
101,74541,4.5,1278885751
137,44204,4.5,1205621230
569,61323,4.5,1245981623
474,4014,4.5,1323389873
19,5299,4.5,1442282243
63,1961,4.5,1299478241
628,2788,4.5,1112472218
668,8154,4.5,1085266185
164,1378,4.5,1440964005
484,48385,4.5,1308769364
331,2863,4.5,1138985980
191,3977,4.5,1111545482
477,6483,4.5,1063623468
268,36517,4.5,1227219127
71,2058,4.5,1063749604
179,4308,4.5,1056711358
299,586,4.5,1292892996
17,44022,4.5,1234034144
668,104337,4.5,1379391271
60,4993,4.5,1162941358
213,7070,4.5,1111502465
164,61350,4.5,1440814447
590,65230,4.5,1243895798
401,63082,4.5,1417253234
195,36529,4.5,1250241422
386,6440,4.5,1223161426
62,6870,4.5,1268781442
566,1265,4.5,1381620822
69,593,4.5,1121089216
413,76251,4.5,1272284395
137,52967,4.5,1252163785
232,80693,4.5,1296215945
484,589,4.5,1308768196
101,44665,4.5,1278885770
425,2490,4.5,1077442907
97,71135,4.5,1448955881
60,1120,4.5,1162941749
591,58559,4.5,1281883415
128,2403,4.5,1334265869
218,4383,4.5,1255805303
560,3499,4.5,1067544912
237,5401,4.5,1215135146
192,3578,4.5,1059406171
590,59369,4.5,1336062880
204,1207,4.5,1166040507
286,56339,4.5,1437596649
358,33090,4.5,1373742156
667,3408,4.5,1083274247
598,48774,4.5,1270497405
509,3977,4.5,1088440917
224,7387,4.5,1420794338
232,2571,4.5,1277374509
475,4011,4.5,1305360010
42,6942,4.5,1399112469
63,40819,4.5,1299478076
232,514,4.5,1283379838
563,6870,4.5,1112206072
18,4963,4.5,1108297039
164,4901,4.5,1440888923
634,1217,4.5,1188438542
164,129401,4.5,1440888891
88,163,4.5,1180999847
224,1203,4.5,1436765908
466,904,4.5,1430363950
451,67295,4.5,1250162410
319,3633,4.5,1402406840
21,1136,4.5,1428014135
299,7451,4.5,1290571728
164,1222,4.5,1440964892
409,2291,4.5,1292613469
617,1212,4.5,1225248428
627,1256,4.5,1237990907
389,4720,4.5,1319197805
180,46578,4.5,1180912633
232,2301,4.5,1277404799
192,364,4.5,1157141615
389,33679,4.5,1312975731
358,231,4.5,1408188578
308,3266,4.5,1233209046
383,5952,4.5,1214210336
590,32,4.5,1243370631
560,733,4.5,1067530859
610,1961,4.5,1303104519
306,79132,4.5,1448900949
119,151,4.5,1204582981
576,80906,4.5,1445086692
575,96150,4.5,1357927004
392,79132,4.5,1281451950
504,74458,4.5,1447973862
366,1214,4.5,1084996440
458,1923,4.5,1353615215
627,318,4.5,1237930510
389,4867,4.5,1319274976
228,1619,4.5,1125607619
336,69844,4.5,1248026302
343,33679,4.5,1196305197
641,53972,4.5,1349905167
213,1748,4.5,1111502420
668,5956,4.5,1293932653
402,34150,2.5,1172698946
668,84137,2.5,1318897829
413,8093,2.5,1399076406
386,3174,2.5,1223146605
343,590,2.5,1196304229
410,3263,2.5,1133458115
458,5522,2.5,1159344006
668,236,2.5,1102360857
179,1136,2.5,1056698431
668,71304,2.5,1261224388
575,3584,2.5,1182540567
128,6014,2.5,1269291566
268,55280,2.5,1227219567
668,7438,2.5,1092585339
668,123,2.5,1418528192
475,3018,2.5,1379678927
575,8959,2.5,1115041757
410,8937,2.5,1132764214
451,1037,2.5,1168988462
668,4902,2.5,1106975601
336,51662,2.5,1248028122
668,383,2.5,1093120105
458,6281,2.5,1055680988
461,64497,2.5,1242373773
250,454,2.5,1107160825
177,4508,2.5,1074296652
668,488,2.5,1190672715
576,7173,2.5,1448156871
99,2100,2.5,1371941433
668,34162,2.5,1137441820
668,70301,2.5,1262584217
542,80736,2.5,1304270177
461,4812,2.5,1193066101
627,40815,2.5,1237932300
668,116823,2.5,1428121393
405,26444,2.5,1296441733
63,57528,2.5,1299619716
232,2828,2.5,1277413507
113,7004,2.5,1209274232
179,3361,2.5,1056712815
180,5816,2.5,1180846612
668,3848,2.5,1105978511
413,1978,2.5,1397736322
657,2123,2.5,1243037839
428,1378,2.5,1105416054
668,45991,2.5,1325090695
310,3706,2.5,1091955491
61,1320,2.5,1059007108
89,86293,2.5,1328924816
461,2712,2.5,1193066569
668,8798,2.5,1104727996
475,129239,2.5,1433541674
177,919,2.5,1074045396
668,94070,2.5,1337562143
174,2011,2.5,1281728919
668,45106,2.5,1162135855
413,1665,2.5,1396484010
168,3977,2.5,1159239306
668,30803,2.5,1334982561
425,4679,2.5,1078406517
128,2355,2.5,1262954859
220,6944,2.5,1112707483
83,6534,2.5,1418843311
273,111,2.5,1227879926
383,1573,2.5,1214210651
668,8885,2.5,1157347984
413,56715,2.5,1311075676
668,4465,2.5,1088921550
475,849,2.5,1386456422
560,1676,2.5,1067528925
22,1732,2.5,1111573533
567,170,2.5,1129533839
668,5394,2.5,1266132829
130,3967,2.5,1063067906
18,4343,2.5,1108297050
627,54997,2.5,1237932132
542,2671,2.5,1303681207
627,7107,2.5,1237932632
542,1095,2.5,1438506468
299,52722,2.5,1290573203
576,60074,2.5,1448939534
484,4333,2.5,1308770756
192,52722,2.5,1187303119
575,4388,2.5,1182201300
458,7102,2.5,1085826280
45,5508,2.5,1149373331
428,7458,2.5,1105416056
179,158,2.5,1056439970
22,161,2.5,1111574868
22,3702,2.5,1111576245
308,55820,2.5,1233727620
668,96432,2.5,1356074272
308,43871,2.5,1233351790
610,69122,2.5,1303105747
113,62,2.5,1209264182
310,32668,2.5,1141925664
665,6539,2.5,1231677241
310,2003,2.5,1092003003
472,1747,2.5,1079134440
206,17,2.5,1437518828
602,2353,2.5,1105452126
277,96079,2.5,1445254240
402,51935,2.5,1178046803
63,1721,2.5,1299505729
177,1037,2.5,1074298407
668,7213,2.5,1374419435
461,37830,2.5,1193065331
220,66,2.5,1112609690
668,39234,2.5,1140845371
413,56251,2.5,1235459063
659,77561,2.5,1394644573
448,6874,2.5,1439418420
455,2496,2.5,1107329119
651,6523,2.5,1064249885
575,42007,2.5,1136335459
622,146878,2.5,1447514637
224,120635,2.5,1428042786
475,102684,2.5,1386609560
309,8861,2.5,1293928622
179,1639,2.5,1056440978
63,67193,2.5,1299620678
296,626,2.5,1085800948
224,50442,2.5,1444768827
575,6664,2.5,1060629289
174,2003,2.5,1276577838
668,7212,2.5,1091908192
515,4370,2.5,1451794667
518,33679,2.5,1439913244
627,2412,2.5,1237935775
542,2174,2.5,1303678105
413,45303,2.5,1396425526
183,4299,2.5,1379257220
602,1917,2.5,1105450963
308,33794,2.5,1233208026
402,48982,2.5,1172346766
180,3988,2.5,1180994470
580,8783,2.5,1209636625
668,1089,2.5,1122822889
668,42002,2.5,1172909197
86,8368,2.5,1450141451
451,379,2.5,1131750549
668,62437,2.5,1236181710
358,2712,2.5,1408189115
568,3252,2.5,1142790727
668,111249,2.5,1416134355
224,1876,2.5,1358834364
194,3328,2.5,1364054849
475,68848,2.5,1356590087
590,3107,2.5,1247599002
177,500,2.5,1074046313
310,7089,2.5,1237640170
576,75805,2.5,1448156347
668,5881,2.5,1080416813
268,5954,2.5,1227219862
668,77843,2.5,1293901295
1,8825,2.5,1217896490
590,68791,2.5,1336063525
580,6874,2.5,1209463250
475,5574,2.5,1305330729
123,3712,2.5,1155480270
409,1022,2.5,1292751708
575,6812,2.5,1182541838
410,2496,2.5,1146588652
668,483,2.5,1091977256
476,56782,2.5,1267547056
128,69093,2.5,1262995015
255,5452,2.5,1174418721
422,3798,2.5,1063251975
128,87222,2.5,1324518447
668,43936,2.5,1151769408
241,99114,2.5,1446670637
425,316,2.5,1077441977
668,2248,2.5,1091976675
410,8865,2.5,1146156871
542,66310,2.5,1303684271
128,78266,2.5,1288044844
88,1372,2.5,1182209843
567,185,2.5,1129533473
569,8376,2.5,1245982351
403,48877,2.5,1225993790
668,95816,2.5,1351303077
668,33722,2.5,1231289649
310,8905,2.5,1205968068
60,1240,2.5,1162942405
668,7379,2.5,1098561607
451,4386,2.5,1131346781
449,2712,2.5,1449267614
627,1690,2.5,1237940861
451,2302,2.5,1130471032
567,1405,2.5,1129697344
422,5066,2.5,1072535512
668,78438,2.5,1276940751
310,1641,2.5,1091954158
451,5218,2.5,1130471612
137,3825,2.5,1223513558
275,3528,2.5,1136701530
89,527,2.5,1328925176
44,3516,2.5,1225240507
336,34,2.5,1262104031
461,87222,2.5,1334188090
668,25899,2.5,1400395402
665,52644,2.5,1231679083
315,4047,2.5,1075409372
477,2355,2.5,1063564955
463,2496,2.5,1274470405
402,56171,2.5,1197497496
434,31,2.5,1241405253
567,1378,2.5,1129523592
668,6645,2.5,1120322806
310,7293,2.5,1110192865
575,41716,2.5,1154352819
310,47124,2.5,1181392337
460,168,2.5,1130303542
657,8261,2.5,1243037154
310,8860,2.5,1143789221
616,7323,2.5,1259905560
410,5481,2.5,1144965341
554,344,2.5,1111866056
668,57709,2.5,1362858089
296,1923,2.5,1085798368
590,1573,2.5,1243443871
542,8906,2.5,1436718630
576,2,2.5,1446943141
475,2179,2.5,1305331852
668,5743,2.5,1216248435
668,3644,2.5,1190436933
590,87430,2.5,1404057569
255,8811,2.5,1174418375
668,2729,2.5,1171178512
575,7008,2.5,1092950936
659,85414,2.5,1394644397
493,2640,2.5,1218333496
268,6953,2.5,1227220227
575,6765,2.5,1077662887
668,5059,2.5,1282274867
62,1805,2.5,1267424978
499,8636,2.5,1289513861
364,4523,2.5,1111637506
364,7647,2.5,1111637417
567,1831,2.5,1129523496
668,58295,2.5,1216447583
255,6503,2.5,1174420221
403,55232,2.5,1290723305
179,6566,2.5,1077162057
458,2023,2.5,1125981264
458,128488,2.5,1423910010
668,8397,2.5,1190003446
310,135,2.5,1142450317
627,2373,2.5,1237992649
619,1732,2.5,1445257761
86,778,2.5,1450071684
540,196,2.5,1241713499
574,48780,2.5,1257554168
402,72171,2.5,1277556082
62,8984,2.5,1268793406
413,4373,2.5,1392084575
22,3,2.5,1111573615
63,6287,2.5,1299504917
41,6810,2.5,1067130287
567,92,2.5,1129697968
668,97752,2.5,1384809131
128,29,2.5,1282437421
668,60766,2.5,1235778574
668,45891,2.5,1266133002
402,7562,2.5,1198098307
328,7143,2.5,1256102351
627,42718,2.5,1237937626
177,3019,2.5,1074045489
273,924,2.5,1227876752
328,46578,2.5,1256102233
310,8977,2.5,1169756759
668,115216,2.5,1439130353
63,50794,2.5,1299507523
250,434,2.5,1107160818
668,6868,2.5,1101649080
232,39715,2.5,1277373663
422,2353,2.5,1063251910
602,2628,2.5,1105451160
177,1342,2.5,1074129453
87,47999,2.5,1173622623
410,329,2.5,1146176720
63,43921,2.5,1300120943
413,44,2.5,1396478931
569,41997,2.5,1245982236
590,741,2.5,1243812978
38,31658,3.5,1430509648
598,1240,3.5,1270497520
230,50,3.5,1192689174
533,2803,3.5,1215816179
574,4878,3.5,1257554241
576,34162,3.5,1445084950
213,2687,3.5,1112608032
194,76293,3.5,1364053726
230,1283,3.5,1192688772
255,34405,3.5,1174417862
63,8866,3.5,1300028738
438,33493,3.5,1224531221
619,55765,3.5,1445258058
413,1690,3.5,1376004262
404,1188,3.5,1266117686
645,485,3.5,1275495979
220,6122,3.5,1112608765
128,2167,3.5,1262159026
224,1367,3.5,1444770797
194,51037,3.5,1364053812
185,6365,3.5,1099686505
567,150,3.5,1129521699
591,1682,3.5,1281986029
286,122882,3.5,1437596549
387,2701,3.5,1369601154
627,4343,3.5,1237991243
438,5418,3.5,1224530958
163,5952,3.5,1170086572
530,1094,3.5,1076730796
220,627,3.5,1114411017
668,7323,3.5,1370496334
88,6323,3.5,1231641326
309,65682,3.5,1293929232
542,26947,3.5,1436285848
44,969,3.5,1225237754
590,4993,3.5,1243424068
475,2459,3.5,1432416964
128,6934,3.5,1262378174
310,6947,3.5,1148658184
475,7834,3.5,1416169905
475,99859,3.5,1377630951
480,6539,3.5,1136460045
574,5349,3.5,1257554287
194,82167,3.5,1364052798
549,3698,3.5,1216531049
238,1320,3.5,1082152335
362,64839,3.5,1270903245
310,4027,3.5,1092227794
62,54341,3.5,1271395937
180,2000,3.5,1180848944
409,596,3.5,1292721702
476,48780,3.5,1267547490
250,8169,3.5,1107162537
403,1080,3.5,1224525431
372,7293,3.5,1111665846
484,6116,3.5,1308770708
458,88005,3.5,1423910909
668,26052,3.5,1356500903
299,6874,3.5,1290572752
510,2991,3.5,1217319184
451,2355,3.5,1131750137
213,6440,3.5,1111502870
224,27064,3.5,1442810564
458,122882,3.5,1435743565
310,48783,3.5,1180695193
213,1704,3.5,1111501792
518,2692,3.5,1439912921
463,1876,3.5,1274470232
410,4095,3.5,1146171836
632,2762,3.5,1388949732
668,76811,3.5,1287773467
458,48268,3.5,1377607745
586,318,3.5,1397065472
387,8665,3.5,1416699604
60,3897,3.5,1162940901
161,50872,3.5,1446208725
139,8367,3.5,1097184805
128,85412,3.5,1311911561
576,84772,3.5,1445085460
641,7502,3.5,1349304113
535,41569,3.5,1432619058
224,1073,3.5,1358839756
61,3683,3.5,1059070467
232,52458,3.5,1277409717
668,335,3.5,1257188963
576,3450,3.5,1449449755
194,91535,3.5,1364051290
71,5502,3.5,1063749612
62,3020,3.5,1269709537
413,2628,3.5,1355886624
668,45382,3.5,1166710709
89,223,3.5,1328925448
224,45722,3.5,1359524923
423,1196,3.5,1087859811
365,2899,3.5,1062894246
63,1208,3.5,1299651165
668,73323,3.5,1298786549
422,3950,3.5,1063251383
575,8784,3.5,1107180999
475,7766,3.5,1305325959
62,2702,3.5,1267564564
308,41,3.5,1233527221
232,1623,3.5,1277413664
38,96417,3.5,1408382594
220,235,3.5,1111496537
616,3006,3.5,1259845063
475,61075,3.5,1305359881
20,46976,3.5,1289757572
293,25801,3.5,1276628561
63,1396,3.5,1299504728
668,74818,3.5,1360648586
386,49355,3.5,1223229299
177,6025,3.5,1074053587
220,104,3.5,1111496547
581,7143,3.5,1110286046
232,44729,3.5,1277413420
213,2180,3.5,1111581014
386,5444,3.5,1223296813
123,4823,3.5,1075390379
315,1193,3.5,1075408977
177,2716,3.5,1074042785
247,54503,3.5,1451122545
569,661,3.5,1245983791
668,98809,3.5,1366996986
458,8340,3.5,1350792357
236,8880,3.5,1120082620
576,78574,3.5,1446402232
268,56367,3.5,1227219551
315,1103,3.5,1075409715
461,5463,3.5,1193066079
475,72720,3.5,1428000150
386,111,3.5,1223297371
310,39234,3.5,1150491676
567,2989,3.5,1129534851
164,109864,3.5,1440964205
575,27408,3.5,1157216790
128,3984,3.5,1262758733
422,5400,3.5,1063251688
88,3708,3.5,1182210766
88,4679,3.5,1143677175
366,2115,3.5,1084996405
192,5506,3.5,1077119955
461,2901,3.5,1193065717
335,55118,3.5,1303497782
530,2846,3.5,1084749874
569,3174,3.5,1245983397
568,2245,3.5,1142790969
461,6934,3.5,1193030137
628,110,3.5,1112468122
659,2353,3.5,1394688468
255,2147,3.5,1174417095
63,2990,3.5,1299697432
87,34,3.5,1173621263
191,2001,3.5,1111545439
255,5349,3.5,1174414858
458,674,3.5,1398531101
580,1721,3.5,1209463774
410,4605,3.5,1146516282
364,8711,3.5,1111637294
480,1923,3.5,1136461894
310,3178,3.5,1154439358
458,91571,3.5,1422901360
627,4673,3.5,1237992606
627,719,3.5,1237990374
137,1036,3.5,1223510263
389,7147,3.5,1319160855
268,50685,3.5,1227219814
567,2105,3.5,1129523101
177,3639,3.5,1074044798
220,3994,3.5,1111759230
273,145,3.5,1227878618
423,4369,3.5,1087859551
512,5843,3.5,1254432573
402,1265,3.5,1172356042
192,4003,3.5,1206560672
335,72011,3.5,1303498308
250,1961,3.5,1107161067
21,106002,3.5,1428014176
461,66097,3.5,1264802256
220,1884,3.5,1112264593
568,50,3.5,1142789008
409,3204,3.5,1292752665
532,5995,3.5,1440345720
310,7618,3.5,1109589837
576,1604,3.5,1451755354
668,58432,3.5,1236017723
17,2000,3.5,1273079610
213,454,3.5,1111501662
427,2762,3.5,1329765337
480,49130,3.5,1205014173
315,1304,3.5,1075409468
88,4874,3.5,1180998777
460,2948,3.5,1130272411
228,8019,3.5,1124280002
576,64983,3.5,1448939880
88,5378,3.5,1182209400
259,2011,3.5,1079616847
458,7367,3.5,1096794075
458,7272,3.5,1085825963
299,2791,3.5,1290572683
451,40723,3.5,1143104721
308,593,3.5,1233208521
627,3285,3.5,1237991017
365,4896,3.5,1062892661
224,48783,3.5,1425335908
310,3091,3.5,1228941284
137,750,3.5,1290550989
232,2042,3.5,1277850664
88,31696,3.5,1195681387
232,3177,3.5,1278485969
232,71518,3.5,1277408995
79,2501,3.5,1227241734
668,2221,3.5,1366085041
569,1597,3.5,1245982410
476,2126,3.5,1267547039
296,1371,3.5,1085797762
128,57274,3.5,1346249588
413,593,3.5,1231558866
164,101362,3.5,1440812360
614,5378,3.5,1416813169
232,41569,3.5,1277838910
354,509,3.5,1109701042
89,33085,3.5,1328924498
575,5450,3.5,1170367925
530,2966,3.5,1155177056
627,471,3.5,1237937892
63,150,3.5,1299507620
386,1357,3.5,1223146547
475,1173,3.5,1402600146
255,1080,3.5,1174421217
418,2788,3.5,1100030685
599,67867,3.5,1424825581
224,40583,3.5,1425333899
665,52973,3.5,1231678636
89,592,3.5,1328925156
567,4011,3.5,1129523085
590,80363,3.5,1404057614
164,104881,3.5,1440812812
347,6668,3.5,1274980188
461,6597,3.5,1223546686
506,4995,3.5,1175238657
277,733,3.5,1445250524
268,2959,3.5,1227217597
668,1040,3.5,1306674456
177,1917,3.5,1074041894
590,4121,3.5,1247599176
586,1029,3.5,1397065413
128,6550,3.5,1269624690
610,5903,3.5,1303105742
513,328,3.5,1322787196
128,4369,3.5,1262379853
484,4214,3.5,1308770512
567,1375,3.5,1176229018
232,5459,3.5,1277838987
461,33794,3.5,1179853861
569,56788,3.5,1245983601
273,648,3.5,1227879711
236,70,3.5,1119991118
518,3897,3.5,1439913113
480,52,3.5,1136611301
575,91535,3.5,1357927026
220,1962,3.5,1111996033
253,44199,3.5,1353227612
179,1094,3.5,1056440955
512,5602,3.5,1254432230
232,88405,3.5,1327311692
310,4874,3.5,1092170698
402,45720,3.5,1172698299
458,5483,3.5,1346604004
458,108932,3.5,1398015107
314,1722,3.5,1449802740
425,3555,3.5,1083868701
179,1680,3.5,1056711390
568,6711,3.5,1142790354
512,1580,3.5,1254434769
114,4878,3.5,1452130462
310,2340,3.5,1092227141
668,501,3.5,1120531506
451,4545,3.5,1131750232
241,70286,3.5,1446670750
238,2174,3.5,1082152742
177,3810,3.5,1074055033
177,372,3.5,1074052472
30,480,3.5,1292689984
515,4973,3.5,1451794508
310,64614,3.5,1238351872
69,4499,3.5,1121088595
224,48043,3.5,1390027673
314,3578,3.5,1448466879
413,914,3.5,1396479003
113,55820,3.5,1247530569
627,1466,3.5,1237933047
213,434,3.5,1111501648
350,40815,3.5,1425024335
668,6778,3.5,1193752250
114,44191,3.5,1452131369
128,54286,3.5,1262124603
542,3039,3.5,1366471213
575,6392,3.5,1055523668
575,6454,3.5,1055387457
475,40752,3.5,1305328407
41,5577,3.5,1067131100
183,10,3.5,1381954813
84,70183,3.5,1437662407
158,586,3.5,1241296667
575,26245,3.5,1244828411
241,91658,3.5,1446670760
128,53468,3.5,1275271863
668,7583,3.5,1166369109
310,69374,3.5,1260266248
365,2761,3.5,1062892529
224,44974,3.5,1444708907
179,6242,3.5,1082805440
228,1911,3.5,1125608841
646,1580,3.5,1093653893
26,1784,3.5,1125690774
158,60072,3.5,1241329467
62,30846,3.5,1267426389
451,63,3.5,1131361376
358,1954,3.5,1408189190
192,50160,3.5,1187648673
590,33679,3.5,1404057029
484,1663,3.5,1308770265
576,48385,3.5,1449450226
413,52604,3.5,1309761587
461,4979,3.5,1193030218
343,50872,3.5,1196305180
575,3980,3.5,1182201272
627,2490,3.5,1237990365
668,1653,3.5,1099245516
668,106583,3.5,1440991609
668,6650,3.5,1191561948
519,2372,3.5,1446449925
168,5507,3.5,1159238265
38,260,3.5,1406487069
563,5995,3.5,1112208014
358,2405,3.5,1373741824
139,8644,3.5,1097184880
255,908,3.5,1174417396
458,86345,3.5,1415211567
402,5464,3.5,1172478958
458,5131,3.5,1071642667
554,4085,3.5,1111865428
228,361,3.5,1124282347
166,71535,3.5,1439763854
475,347,3.5,1402784644
389,63062,3.5,1312976925
387,55820,3.5,1301316829
255,7079,3.5,1174417556
590,2000,3.5,1243443892
161,6373,3.5,1448779778
475,520,3.5,1305331093
192,2012,3.5,1247081882
475,56333,3.5,1373658705
627,6805,3.5,1237941477
410,7481,3.5,1095884205
315,153,3.5,1099955248
475,8914,3.5,1402833895
177,3360,3.5,1074043532
110,592,3.5,1077955378
461,3072,3.5,1193067413
590,3020,3.5,1243381146
575,90866,3.5,1328547304
202,34,3.5,1174785715
668,7009,3.5,1375740721
232,1911,3.5,1277841084
668,64930,3.5,1230190002
389,2294,3.5,1319160897
255,2858,3.5,1174414887
228,667,3.5,1124283008
410,1081,3.5,1144963855
641,589,3.5,1349305637
177,1997,3.5,1074044525
413,44421,3.5,1379120750
560,4275,3.5,1067529777
299,1962,3.5,1290447679
37,58,3.5,1113690688
232,34048,3.5,1277839322
195,1923,3.5,1250803700
128,89470,3.5,1324623455
575,87270,3.5,1308575670
668,82059,3.5,1314892147
413,53519,3.5,1443667294
668,54190,3.5,1212754917
232,82744,3.5,1297576147
310,64497,3.5,1230014320
54,780,3.5,1146942584
461,48516,3.5,1421319584
384,1293,3.5,1065388087
83,8665,3.5,1418842135
530,6639,3.5,1076729699
461,8169,3.5,1193065588
206,778,3.5,1437518986
475,7376,3.5,1450546967
461,95510,3.5,1356976592
179,661,3.5,1056439975
87,1215,3.5,1173620119
218,2643,3.5,1255804957
549,2076,3.5,1219552862
387,108932,3.5,1416699443
448,293,3.5,1439418194
128,3421,3.5,1262377832
70,1704,3.5,1252702038
518,733,3.5,1439912874
255,8879,3.5,1174417610
189,3508,3.5,1170026681
179,468,3.5,1077163019
250,288,3.5,1107160921
168,1584,3.5,1159410549
458,51255,3.5,1231947843
410,2022,3.5,1137952206
232,4265,3.5,1277874972
557,2924,3.5,1284927562
348,4878,3.5,1311170647
232,158,3.5,1277375432
554,648,3.5,1111864995
634,1945,3.5,1188438512
177,3264,3.5,1074054630
41,2791,3.5,1067129735
22,4025,3.5,1111573662
167,86332,3.5,1446587979
413,96281,3.5,1390091802
310,1378,3.5,1092342059
668,25999,3.5,1188059515
220,1693,3.5,1112608895
410,552,3.5,1133457227
1,724,3.5,1217895794
563,2918,3.5,1112209498
377,4039,3.5,1201899401
575,88744,3.5,1328021312
418,1961,3.5,1100020875
668,7078,3.5,1180435411
668,104069,3.5,1375935123
627,41285,3.5,1237938166
627,1663,3.5,1237932106
220,1644,3.5,1111996609
310,2707,3.5,1092251299
277,6016,3.5,1445255686
310,5464,3.5,1117715686
383,1393,3.5,1214210397
220,277,3.5,1112264451
476,71156,3.5,1267572731
63,8622,3.5,1299504716
232,4720,3.5,1277404113
461,91500,3.5,1351319825
484,4128,3.5,1308770347
224,114662,3.5,1428042732
123,4487,3.5,1075394518
194,59369,3.5,1364055167
668,88810,3.5,1341148780
296,2294,3.5,1085799228
192,440,3.5,1247081864
220,2001,3.5,1111995039
275,5603,3.5,1136695961
383,3948,3.5,1214210890
475,94985,3.5,1376686501
63,3578,3.5,1299478499
569,4027,3.5,1245979045
668,58303,3.5,1219955062
569,53000,3.5,1245983139
268,1889,3.5,1227220524
224,1270,3.5,1390026642
328,377,3.5,1223426117
348,1320,3.5,1311169308
504,68954,3.5,1448046689
89,2163,3.5,1328924917
232,83480,3.5,1296005593
405,82564,3.5,1296443502
451,2989,3.5,1145359607
62,8783,3.5,1269669648
449,110,3.5,1449267487
238,540,3.5,1082152465
213,3168,3.5,1111503183
232,74946,3.5,1277955001
627,3363,3.5,1237990576
113,2248,3.5,1209273657
668,47629,3.5,1178978335
128,7348,3.5,1270860922
224,80489,3.5,1360738520
461,3481,3.5,1193030273
665,48738,3.5,1231676608
128,8369,3.5,1269395923
512,67186,3.5,1254432781
218,3081,3.5,1255810694
575,7151,3.5,1094587992
232,102686,3.5,1393643046
451,1962,3.5,1130472032
220,1304,3.5,1111994582
63,45499,3.5,1299697063
542,32825,3.5,1378063946
255,8360,3.5,1174415897
232,83613,3.5,1313018153
113,2406,3.5,1217129380
113,49272,3.5,1427727894
513,2995,3.5,1322787142
384,926,3.5,1065386823
438,231,3.5,1224530601
87,5299,3.5,1173622384
576,1721,3.5,1448937904
586,1265,3.5,1397068711
269,2006,3.5,1293104728
575,1217,3.5,1061244083
451,7773,3.5,1131405279
308,52283,3.5,1233349929
232,4015,3.5,1277840817
521,48516,3.5,1351088169
63,59016,3.5,1300030596
410,4941,3.5,1146157112
339,919,3.5,1172020050
113,5650,3.5,1209263850
179,272,3.5,1056439982
389,2706,3.5,1315057911
310,507,3.5,1139839134
668,32882,3.5,1171123123
576,60126,3.5,1446402146
268,56788,3.5,1227217940
343,5952,3.5,1196304332
668,77731,3.5,1293826021
567,5481,3.5,1129534322
461,2004,3.5,1217046851
668,920,3.5,1180542161
128,86320,3.5,1333233906
451,3421,3.5,1130472655
213,4321,3.5,1111502578
568,8933,3.5,1146933012
310,1876,3.5,1150013852
232,31420,3.5,1277374136
484,6816,3.5,1308770308
61,1355,3.5,1059007076
164,100507,3.5,1440812950
301,31,3.5,1317056220
668,25748,3.5,1366143989
413,298,3.5,1394231963
331,1391,3.5,1138984169
576,4844,3.5,1446414286
668,65685,3.5,1261990900
224,104,3.5,1390165863
415,48394,3.5,1341532758
451,2294,3.5,1130594180
368,6212,3.5,1053358972
668,8422,3.5,1171177753
88,2003,3.5,1143677151
84,8368,3.5,1437309806
128,924,3.5,1262156510
179,4226,3.5,1056698371
328,33794,3.5,1256102507
476,1721,3.5,1267572884
63,3481,3.5,1299478572
598,1298,3.5,1270496859
499,68358,3.5,1278288508
590,57368,3.5,1243381506
292,48780,3.5,1190270957
575,67508,3.5,1269021114
336,480,3.5,1248028642
18,1909,3.5,1107374330
128,48385,3.5,1269624927
220,2762,3.5,1111498108
560,1381,3.5,1067537746
477,1380,3.5,1063565085
569,5673,3.5,1245982927
403,3535,3.5,1222302460
358,3826,3.5,1373741789
627,65596,3.5,1237995360
528,110,3.5,1252650147
128,58295,3.5,1269821865
428,44,3.5,1087081517
480,45722,3.5,1167544771
447,296,3.5,1444583969
659,597,3.5,1394687869
310,48516,3.5,1169927000
164,95,3.5,1440962561
413,96821,3.5,1386302257
310,8014,3.5,1165430677
179,1132,3.5,1056440810
557,1635,3.5,1285003053
576,4270,3.5,1446408157
519,4886,3.5,1446443157
310,5015,3.5,1103992580
668,84772,3.5,1342156187
358,8961,3.5,1408188942
480,1810,3.5,1136553110
576,5971,3.5,1445290865
461,112852,3.5,1421319207
253,48518,3.5,1353180036
602,3950,3.5,1105451556
569,1921,3.5,1245983321
232,65682,3.5,1277850533
418,1617,3.5,1100030803
261,1221,3.5,1138113203
668,78420,3.5,1276940770
128,91529,3.5,1356304650
114,90746,3.5,1452131562
402,357,3.5,1172478003
62,48304,3.5,1267426257
413,84944,3.5,1305335250
475,91630,3.5,1328171616
164,134393,3.5,1440811839
668,73330,3.5,1262472055
413,1979,3.5,1397907641
79,1278,3.5,1227242965
537,3471,3.5,1356397902
567,2406,3.5,1129521403
590,53125,3.5,1243444075
268,1954,3.5,1227219732
422,1909,3.5,1063253784
413,7387,3.5,1309846274
627,59315,3.5,1237932679
627,799,3.5,1237938835
230,954,3.5,1192688761
128,27728,3.5,1269569215
668,412,3.5,1410326413
255,4322,3.5,1174421165
255,3498,3.5,1174421471
220,1344,3.5,1111758257
220,95,3.5,1111994200
368,6280,3.5,1053358959
220,420,3.5,1111994531
63,3981,3.5,1299476294
655,2294,3.5,1255790726
458,95441,3.5,1444851814
530,1542,3.5,1076730785
194,70567,3.5,1364052580
228,153,3.5,1124280633
224,2985,3.5,1393131140
224,72395,3.5,1428133226
484,2174,3.5,1308770548
461,2808,3.5,1179880835
220,2707,3.5,1111996283
668,27317,3.5,1188060216
22,1084,3.5,1111573507
177,852,3.5,1074041919
315,2662,3.5,1075409753
567,3275,3.5,1130953680
18,1917,3.5,1107364248
401,30707,3.5,1417253229
310,40278,3.5,1151096188
247,7444,3.5,1451122820
166,56367,3.5,1439763830
113,3698,3.5,1247702520
310,7156,3.5,1223986779
228,2081,3.5,1124281258
128,1385,3.5,1262377895
458,59022,3.5,1241630440
63,60069,3.5,1299478016
475,970,3.5,1356731541
575,8984,3.5,1114436307
310,2616,3.5,1091957935
224,5152,3.5,1425326316
82,915,3.5,1217431427
220,2355,3.5,1111498117
410,30749,3.5,1146590627
137,3418,3.5,1223510993
63,62434,3.5,1299506876
530,1292,3.5,1076730682
622,61248,3.5,1449578552
458,7416,3.5,1085825705
232,4887,3.5,1277849289
348,2028,3.5,1311170069
213,2300,3.5,1111503395
506,590,3.5,1175243282
627,1967,3.5,1237932695
575,94070,3.5,1352826280
343,3147,3.5,1196304769
358,367,3.5,1408188570
512,3421,3.5,1254431134
568,8873,3.5,1142798137
528,2356,3.5,1252648762
403,5378,3.5,1222682163
413,99728,3.5,1360920039
54,1387,3.5,1146942674
452,2109,3.5,1290764806
627,2133,3.5,1237940828
649,6281,3.5,1063211803
314,96610,3.5,1448467306
310,6708,3.5,1095805023
220,1020,3.5,1112609631
619,2997,3.5,1445257748
213,733,3.5,1129881154
232,78266,3.5,1277839071
228,1923,3.5,1124280454
647,91630,3.5,1451787101
392,74458,3.5,1281451939
310,4034,3.5,1092231415
575,48982,3.5,1174311307
574,48738,3.5,1339817414
183,1246,3.5,1379257692
128,27397,3.5,1447976878
413,6708,3.5,1305423172
458,7445,3.5,1282929487
310,5171,3.5,1092230988
475,7323,3.5,1387619814
69,2406,3.5,1121088012
128,2424,3.5,1262377863
500,58559,3.5,1318399645
458,50872,3.5,1195563612
668,54406,3.5,1425842588
89,380,3.5,1328925179
475,112940,3.5,1436725052
54,5693,3.5,1146947209
255,3683,3.5,1174417728
310,6953,3.5,1116324489
224,91542,3.5,1390151859
331,1029,3.5,1138985165
152,2642,3.5,1317152593
128,1552,3.5,1262380474
366,1247,3.5,1084816459
255,223,3.5,1174420584
88,1088,3.5,1195682640
396,70286,3.5,1449803284
206,5690,3.5,1437526370
410,1517,3.5,1144965275
358,2115,3.5,1408188856
310,1954,3.5,1128140177
232,43836,3.5,1277874727
560,849,3.5,1067547989
194,55094,3.5,1364052159
461,3701,3.5,1193065601
567,5903,3.5,1133655019
228,3354,3.5,1124281583
268,6218,3.5,1227218837
668,1810,3.5,1204957687
88,1645,3.5,1195681382
668,84387,3.5,1298729354
569,30825,3.5,1245983349
88,4102,3.5,1110083306
625,165,3.5,1085176278
177,4993,3.5,1074042562
290,2470,3.5,1405038538
458,39381,3.5,1156140509
19,109374,3.5,1442283224
668,95167,3.5,1356932078
213,5294,3.5,1111502853
113,3072,3.5,1209273249
63,3946,3.5,1299697572
642,87869,3.5,1439771373
568,480,3.5,1146933158
218,45722,3.5,1255810652
537,3198,3.5,1356396605
542,7147,3.5,1303679830
409,6936,3.5,1292752137
308,2273,3.5,1233353495
89,3578,3.5,1328925308
413,4007,3.5,1379077751
461,7657,3.5,1264802538
521,8665,3.5,1351089070
568,3108,3.5,1142790431
412,69757,3.5,1415279457
460,3248,3.5,1130303025
434,1732,3.5,1241406234
413,68159,3.5,1322831789
63,69131,3.5,1299773645
232,4306,3.5,1277374699
23,85774,3.5,1427524498
310,3071,3.5,1092954087
668,4921,3.5,1168827719
224,93840,3.5,1425233966
164,91658,3.5,1440814856
166,33679,3.5,1439763922
220,7036,3.5,1111758713
84,5679,3.5,1437658731
659,80906,3.5,1394645014
52,5952,3.5,1441811837
475,103228,3.5,1377274579
128,3977,3.5,1262158466
575,48385,3.5,1173292832
403,53519,3.5,1225993698
261,1960,3.5,1138113352
402,1303,3.5,1182008086
627,6816,3.5,1237931096
220,4105,3.5,1111757986
180,44665,3.5,1180913617
232,4367,3.5,1277839581
79,2174,3.5,1227242788
449,48774,3.5,1449268331
123,1784,3.5,1075393719
62,8781,3.5,1269755297
461,5349,3.5,1179853757
152,502,3.5,1317152661
590,46530,3.5,1243813043
89,1136,3.5,1328925314
310,1061,3.5,1092230133
123,5377,3.5,1075390009
590,5617,3.5,1243444421
63,4372,3.5,1300029003
38,150,3.5,1406487990
668,8401,3.5,1271633563
574,7481,3.5,1257235002
590,7147,3.5,1243424654
236,4306,3.5,1119980748
465,3745,3.5,1097880778
115,77658,3.5,1414425847
296,2912,3.5,1085800120
220,497,3.5,1111496553
531,5444,3.5,1450646885
518,780,3.5,1439912833
405,55363,3.5,1341972921
228,95,3.5,1124281919
224,3717,3.5,1393131099
137,2795,3.5,1223511876
224,3255,3.5,1390079219
113,3552,3.5,1209263960
123,2469,3.5,1075394503
183,1569,3.5,1382796315
575,5954,3.5,1262623106
87,2406,3.5,1173622549
568,1291,3.5,1142789397
567,7318,3.5,1129536022
484,3253,3.5,1308769825
480,8781,3.5,1140258414
87,316,3.5,1173621308
567,6957,3.5,1129527837
403,56339,3.5,1290723060
668,58154,3.5,1214557279
114,1282,3.5,1452130664
220,1277,3.5,1113307461
232,3624,3.5,1277839839
409,69481,3.5,1292705595
668,80094,3.5,1294560564
668,26237,3.5,1237164404
565,5418,3.5,1433883360
301,6377,3.5,1317056608
22,1617,3.5,1111573513
228,2027,3.5,1141172725
589,86833,3.5,1438051686
310,4095,3.5,1119997155
230,54997,3.5,1192688919
386,50601,3.5,1223162664
437,6016,3.5,1436320890
250,2706,3.5,1107161178
296,4041,3.5,1085800555
576,78209,3.5,1447004845
310,30898,3.5,1129108978
616,5673,3.5,1259906259
113,300,3.5,1217129286
627,2916,3.5,1237934612
179,1441,3.5,1082804955
139,5135,3.5,1095887227
275,2115,3.5,1136701059
542,520,3.5,1303678343
425,517,3.5,1077477527
463,3155,3.5,1274470418
137,44022,3.5,1223515482
458,4710,3.5,1377606857
668,77223,3.5,1272173387
402,8493,3.5,1172481747
576,6188,3.5,1446943529
567,2288,3.5,1129523459
610,4963,3.5,1303105774
542,1198,3.5,1303680592
590,2194,3.5,1243424293
386,34072,3.5,1223162298
627,4121,3.5,1238076029
530,48516,3.5,1167786213
54,368,3.5,1146947901
413,5349,3.5,1305346073
88,2011,3.5,1143679199
422,1680,3.5,1063253591
627,6003,3.5,1237938399
365,595,3.5,1062894238
354,2793,3.5,1109701221
557,322,3.5,1284928408
268,4995,3.5,1227218835
568,232,3.5,1142790482
63,1616,3.5,1299505995
224,34271,3.5,1425336410
128,1097,3.5,1271217533
470,2133,3.5,1293420134
310,7143,3.5,1092223749
451,3745,3.5,1130594211
339,780,3.5,1172019785
194,5296,3.5,1364055792
67,1968,3.5,1054101236
63,31785,3.5,1299477365
310,3978,3.5,1092223858
44,4251,3.5,1225240541
568,6188,3.5,1142791513
315,7122,3.5,1075410026
310,1620,3.5,1092223554
310,2990,3.5,1140790518
310,1252,3.5,1237238827
232,2710,3.5,1277374983
310,53956,3.5,1199894200
20,8961,3.5,1289757730
87,208,3.5,1173621767
5,3616,3.5,1303500222
384,2863,3.5,1065386603
62,59315,3.5,1268781330
451,8865,3.5,1131361038
224,53996,3.5,1420876223
386,4993,3.5,1223152369
220,590,3.5,1111994015
413,115617,3.5,1421669110
255,7247,3.5,1174420433
448,2692,3.5,1443232453
627,4007,3.5,1237933452
366,3317,3.5,1084996961
255,2361,3.5,1174417065
458,88140,3.5,1338313547
428,3704,3.5,1087082044
232,59369,3.5,1277403778
589,108190,3.5,1433649796
61,3741,3.5,1058834084
668,7925,3.5,1185770686
461,2321,3.5,1193067311
220,3702,3.5,1111996162
192,1197,3.5,1247081705
668,45329,3.5,1235515808
475,2178,3.5,1305331887
425,356,3.5,1077475356
69,27846,3.5,1121283909
410,6645,3.5,1101236098
567,31923,3.5,1129527685
659,4995,3.5,1394688154
231,71057,3.5,1321055614
213,353,3.5,1111501874
668,35015,3.5,1184531998
21,66097,3.5,1428013939
460,33794,3.5,1137345315
627,2803,3.5,1237991105
458,54331,3.5,1220735567
310,6591,3.5,1092224643
88,7325,3.5,1100620324
619,5388,3.5,1445257317
461,2395,3.5,1193066822
461,2918,3.5,1179854206
220,3977,3.5,1111995154
616,2028,3.5,1259879807
590,8784,3.5,1243424545
53,2018,3.5,1285956159
461,1225,3.5,1193066453
403,2118,3.5,1225993118
451,3868,3.5,1130471720
177,3617,3.5,1074389025
506,648,3.5,1175243343
627,26242,3.5,1237937331
88,68963,3.5,1244511138
475,3730,3.5,1373176962
632,1393,3.5,1388950343
386,1244,3.5,1223298084
7,60684,3.5,1322065045
350,89745,3.5,1425024338
668,2231,3.5,1196501235
310,7167,3.5,1092170348
141,1580,3.5,1267891305
668,3011,3.5,1111815679
586,2947,3.5,1397069028
619,48774,3.5,1445257926
61,307,3.5,1059070471
668,81562,3.5,1302698534
220,589,3.5,1111498165
296,3471,3.5,1085798768
580,1527,3.5,1209464097
627,1580,3.5,1237989478
232,61729,3.5,1277849865
308,2867,3.5,1233296935
568,8376,3.5,1142791757
554,3617,3.5,1111874132
451,2794,3.5,1131360855
228,2803,3.5,1141173358
250,1441,3.5,1107160366
236,1291,3.5,1119980541
63,3984,3.5,1299697358
67,1394,3.5,1054101331
255,595,3.5,1174416060
179,247,3.5,1056440393
668,56719,3.5,1351571090
44,1276,3.5,1225239196
164,327,3.5,1440813977
617,1073,3.5,1225248001
23,593,3.5,1420799352
250,2640,3.5,1107161444
575,7371,3.5,1195160591
60,5103,3.5,1162941767
504,47610,3.5,1447973928
38,1610,3.5,1420860573
569,5010,3.5,1245981521
413,96588,3.5,1357029310
451,2018,3.5,1138618136
402,364,3.5,1172355960
510,674,3.5,1217319256
463,165,3.5,1274471066
308,54771,3.5,1233208241
164,2428,3.5,1440962758
38,8641,3.5,1406486439
87,6377,3.5,1173620798
532,10,3.5,1440345743
668,25835,3.5,1195928635
247,111921,3.5,1451124946
192,5016,3.5,1077119822
213,953,3.5,1111498188
575,8371,3.5,1108995474
633,592,3.5,1140153108
458,127315,3.5,1424086651
220,2729,3.5,1112264965
461,52281,3.5,1238335604
179,2390,3.5,1082805885
88,1639,3.5,1164340943
44,6377,3.5,1225239889
232,80727,3.5,1297114412
438,3617,3.5,1224531451
402,25962,3.5,1175344192
174,2959,3.5,1276571381
668,89492,3.5,1327194182
22,357,3.5,1111573593
179,7347,3.5,1082952282
627,7007,3.5,1237993496
315,858,3.5,1075409163
668,5062,3.5,1204175968
38,1263,3.5,1403015709
549,46578,3.5,1219549458
228,2194,3.5,1124123911
627,34405,3.5,1237932088
250,1527,3.5,1107161077
668,70286,3.5,1262753729
428,7379,3.5,1105416614
277,5952,3.5,1445249875
83,4816,3.5,1418842786
480,588,3.5,1136462612
220,1957,3.5,1111996362
128,3744,3.5,1269624966
339,1721,3.5,1172019891
310,4067,3.5,1124193129
228,1208,3.5,1124278071
452,58293,3.5,1290764964
401,4963,3.5,1417253087
641,2916,3.5,1349305746
521,36529,3.5,1351088984
386,48142,3.5,1223420382
336,68358,3.5,1248026489
519,4966,3.5,1446449566
475,6731,3.5,1441810266
484,4662,3.5,1308770721
296,1269,3.5,1085799349
373,68358,3.5,1449332380
308,3036,3.5,1233353587
62,36529,3.5,1269332586
458,4930,3.5,1362534130
232,76079,3.5,1279063510
62,5630,3.5,1269669520
232,108928,3.5,1399162495
38,102125,3.5,1409372423
458,79720,3.5,1311538235
413,100487,3.5,1372423504
530,50685,3.5,1183211363
633,231,3.5,1140153234
158,68319,3.5,1247268974
63,163,3.5,1299697258
54,5995,3.5,1146940798
43,5377,3.5,1178270074
568,4270,3.5,1142916038
220,1241,3.5,1112609164
238,3408,3.5,1082152040
586,2797,3.5,1397069905
308,56757,3.5,1233350855
568,318,3.5,1142789106
63,48516,3.5,1299507301
590,2001,3.5,1243370377
567,3702,3.5,1129523365
458,4467,3.5,1096793959
100,5218,3.5,1116728684
590,4015,3.5,1247599195
79,231,3.5,1227242490
458,2414,3.5,1398532426
232,3785,3.5,1277839533
224,71838,3.5,1428130930
277,7770,3.5,1445254854
665,58303,3.5,1231678374
560,3623,3.5,1067533925
659,1396,3.5,1394688754
336,1387,3.5,1262104723
232,46970,3.5,1277841165
668,2993,3.5,1338895636
220,7618,3.5,1111498097
668,1094,3.5,1098131740
113,5377,3.5,1209264303
554,317,3.5,1111865337
387,5574,3.5,1369603628
310,1196,3.5,1091954135
63,6796,3.5,1299477937
455,150,3.5,1107193648
575,2943,3.5,1157113808
642,91529,3.5,1439791897
668,88131,3.5,1330664075
310,55946,3.5,1229864428
220,161,3.5,1111994162
97,105468,3.5,1448958474
386,36276,3.5,1223162397
567,7325,3.5,1176229029
668,7074,3.5,1306107678
567,5349,3.5,1129522748
63,6567,3.5,1300031881
308,45183,3.5,1233351349
83,1,3.5,1418837866
530,1394,3.5,1064710832
61,3030,3.5,1058833843
220,4514,3.5,1111497601
506,1240,3.5,1175243458
569,1276,3.5,1245982873
480,2599,3.5,1136440437
89,4226,3.5,1328925371
139,2321,3.5,1095884550
590,5449,3.5,1244730669
668,59912,3.5,1222751202
568,1784,3.5,1142789486
137,1923,3.5,1201401245
224,5218,3.5,1390064405
413,608,3.5,1231558924
137,2291,3.5,1205622317
114,83134,3.5,1452131191
339,1097,3.5,1172019876
575,73344,3.5,1298475644
383,1073,3.5,1214210240
668,97921,3.5,1363999176
451,2671,3.5,1130494612
475,26306,3.5,1436004785
139,5051,3.5,1095886404
310,1233,3.5,1092340340
177,288,3.5,1074053900
232,83067,3.5,1303094045
89,733,3.5,1328925272
232,8492,3.5,1278487077
619,5349,3.5,1445257217
521,37733,3.5,1351089101
7,2288,3.5,1322056537
110,6333,3.5,1077942638
22,6870,3.5,1111575309
657,3070,3.5,1243037539
530,26695,3.5,1132723256
510,778,3.5,1217320136
487,7320,3.5,1199648221
461,2034,3.5,1193065830
668,1019,3.5,1345330645
232,3948,3.5,1277375271
224,5816,3.5,1393195781
38,60126,3.5,1409803800
413,97643,3.5,1375185861
668,7720,3.5,1089574111
668,86320,3.5,1321055451
458,7487,3.5,1085825642
220,3821,3.5,1112264919
232,3081,3.5,1277839010
590,5500,3.5,1243381099
44,1089,3.5,1225240034
448,108981,3.5,1439501159
451,33493,3.5,1130836537
413,4033,3.5,1308826141
567,1476,3.5,1129533986
413,1729,3.5,1308955032
554,8643,3.5,1111865660
232,48322,3.5,1277849837
69,1203,3.5,1121104735
506,1079,3.5,1175243845
179,6791,3.5,1077161742
228,1304,3.5,1124278529
250,595,3.5,1107160721
220,1997,3.5,1111995307
348,68237,3.5,1311171116
310,3198,3.5,1237999170
475,86028,3.5,1386324409
549,296,3.5,1219548518
130,6299,3.5,1063067834
213,1876,3.5,1129881724
310,46723,3.5,1187077558
493,597,3.5,1218333078
668,72405,3.5,1271395911
451,1374,3.5,1130471330
512,1387,3.5,1254432681
328,48385,3.5,1256102201
61,1982,3.5,1059070458
451,6615,3.5,1131346688
410,26865,3.5,1146172957
599,59306,3.5,1424825895
166,5445,3.5,1439762603
480,1500,3.5,1136440419
365,4246,3.5,1062893147
410,3253,3.5,1144965308
17,6537,3.5,1234034171
480,3033,3.5,1136441897
114,47,3.5,1452131575
42,5481,3.5,1399112493
580,26870,3.5,1209462358
220,3261,3.5,1111759379
413,4299,3.5,1396482852
232,1391,3.5,1277375113
418,1348,3.5,1100029808
232,3753,3.5,1277838718
128,62378,3.5,1337550332
179,4027,3.5,1056698555
177,3740,3.5,1074043907
403,648,3.5,1222301559
386,6993,3.5,1223298078
164,91978,3.5,1440812462
137,3671,3.5,1205621292
310,5948,3.5,1135501142
224,118900,3.5,1428042671
247,6377,3.5,1451122405
533,7293,3.5,1215816259
617,1223,3.5,1225248753
94,427,3.5,1169272290
668,79293,3.5,1280363918
224,2657,3.5,1393131148
542,2949,3.5,1303680682
535,79132,3.5,1432618414
336,1393,3.5,1248029134
213,1608,3.5,1129881576
560,2046,3.5,1067534950
232,5254,3.5,1277840750
576,64969,3.5,1449034771
668,7052,3.5,1165044844
128,3793,3.5,1262680546
224,858,3.5,1393131055
668,81229,3.5,1346271552
490,720,3.5,1399941698
213,2951,3.5,1111502485
255,2617,3.5,1174416370
659,316,3.5,1394687865
423,31,3.5,1087859302
621,62376,3.5,1289746728
413,1732,3.5,1305422904
458,8639,3.5,1102926563
128,44828,3.5,1272343555
113,6879,3.5,1247702459
158,65642,3.5,1241328540
592,8783,3.5,1447969973
128,57368,3.5,1262159160
232,5401,3.5,1277851062
403,53000,3.5,1222302740
475,144656,3.5,1448056504
576,1425,3.5,1447493886
422,6596,3.5,1063152713
668,55247,3.5,1205126017
575,30812,3.5,1117991601
567,27873,3.5,1176953577
183,1225,3.5,1381955263
275,25839,3.5,1136712565
224,62081,3.5,1428128345
183,497,3.5,1379260321
451,5816,3.5,1130471551
224,61323,3.5,1425233968
224,87222,3.5,1428130927
167,8981,3.5,1446587922
63,84273,3.5,1302282132
194,45442,3.5,1364056398
232,5523,3.5,1277373149
475,117517,3.5,1443039219
475,1350,3.5,1420886222
255,7493,3.5,1174421267
310,55286,3.5,1217445853
575,73321,3.5,1274801407
22,500,3.5,1111575909
277,81591,3.5,1445254824
63,51091,3.5,1299507341
113,1091,3.5,1209262980
236,4508,3.5,1120082310
405,2890,3.5,1299803310
554,3869,3.5,1111874484
38,72998,3.5,1406488333
194,86817,3.5,1364051687
255,1378,3.5,1174416757
458,52435,3.5,1340210550
113,2301,3.5,1209263821
586,1304,3.5,1397069259
241,69757,3.5,1446671025
655,780,3.5,1255640219
575,6934,3.5,1084378400
549,48780,3.5,1219555392
575,88163,3.5,1323185925
668,32844,3.5,1427487840
461,8949,3.5,1193031407
475,114554,3.5,1414954815
192,5548,3.5,1206560911
213,2366,3.5,1111502968
161,6,3.5,1442649719
567,4718,3.5,1129534188
576,3635,3.5,1448937713
627,3556,3.5,1237938295
458,3985,3.5,1412165161
576,180,3.5,1447400198
627,3301,3.5,1237990694
475,97230,3.5,1385804116
519,69306,3.5,1446449221
451,1375,3.5,1130471339
410,2997,3.5,1134753556
177,4757,3.5,1074054575
224,54272,3.5,1390065522
627,3408,3.5,1237932241
62,1271,3.5,1269671596
626,4975,3.5,1258665062
62,8949,3.5,1268781354
137,2423,3.5,1223511927
179,2580,3.5,1077163832
519,296,3.5,1446443201
63,49651,3.5,1299619720
327,4447,3.5,1167368865
466,858,3.5,1430363868
310,1307,3.5,1092233137
61,1233,3.5,1058833073
38,1088,3.5,1415201129
560,4010,3.5,1069089741
310,48696,3.5,1218318651
168,2428,3.5,1159238367
475,3160,3.5,1305325905
5,4890,3.5,1303499201
567,5500,3.5,1129535999
344,2005,3.5,1079416010
213,4641,3.5,1111503412
451,1047,3.5,1131665147
192,7250,3.5,1077063770
627,479,3.5,1237993318
532,2455,3.5,1440349239
180,1,3.5,1180846101
220,5418,3.5,1111996146
310,32031,3.5,1154108679
410,3246,3.5,1146590712
413,5833,3.5,1316082404
255,7020,3.5,1174422852
611,1198,3.5,1368125814
365,5444,3.5,1062892936
273,370,3.5,1227880140
461,34405,3.5,1179853521
314,5445,3.5,1448467527
530,5572,3.5,1155176876
194,51935,3.5,1364055882
668,106163,3.5,1404007730
386,364,3.5,1223296817
642,586,3.5,1439774040
575,46850,3.5,1186077746
384,2355,3.5,1065387364
373,1682,3.5,1449332697
484,2410,3.5,1308769014
106,134170,3.5,1440860963
44,2288,3.5,1225239406
475,31660,3.5,1305326503
255,4899,3.5,1174420324
521,2959,3.5,1351088049
576,62792,3.5,1449186954
206,88810,3.5,1437518851
141,1595,3.5,1267832828
220,3499,3.5,1111757372
560,367,3.5,1067529745
461,208,3.5,1179853731
83,2797,3.5,1418841760
23,1079,3.5,1420797923
458,58998,3.5,1249849053
590,1517,3.5,1243443839
308,2997,3.5,1233208747
611,1304,3.5,1368126241
1,1243,3.5,1217897427
268,1060,3.5,1227220647
128,96110,3.5,1356720731
413,3246,3.5,1376742097
310,4008,3.5,1108460933
575,6973,3.5,1070759566
480,3247,3.5,1136771329
386,8482,3.5,1223160465
668,32349,3.5,1113661465
451,7325,3.5,1131749851
530,3994,3.5,1057372604
402,56339,3.5,1200350776
10,3186,3.5,1318896532
448,48738,3.5,1439485485
161,3623,3.5,1446723263
627,1387,3.5,1237933235
232,4340,3.5,1277373940
348,2278,3.5,1311169393
642,2628,3.5,1439776572
158,6537,3.5,1270934527
413,253,3.5,1317122942
352,2762,3.5,1076262650
220,543,3.5,1111994916
458,97860,3.5,1359422507
413,71535,3.5,1308824187
23,4967,3.5,1420797789
668,8459,3.5,1088479755
192,5502,3.5,1077119750
358,318,3.5,1408188406
602,8905,3.5,1105452246
164,2558,3.5,1440963017
513,36529,3.5,1322788063
428,2002,3.5,1105416284
123,357,3.5,1155480017
87,7445,3.5,1173655813
179,7020,3.5,1077161421
633,58,3.5,1134969938
506,1036,3.5,1175243674
549,52328,3.5,1219555039
123,585,3.5,1155480426
220,185,3.5,1111994175
458,70728,3.5,1265314486
410,1729,3.5,1054912311
512,7311,3.5,1254432024
310,36517,3.5,1136835180
255,6365,3.5,1174416047
668,6837,3.5,1383670045
347,63876,3.5,1274981239
530,3210,3.5,1132722964
218,836,3.5,1255810926
458,86190,3.5,1314918419
560,4148,3.5,1067545221
386,1274,3.5,1223161307
508,122892,3.5,1451230420
310,8798,3.5,1108460532
315,1267,3.5,1075409554
310,6198,3.5,1137182389
627,8364,3.5,1237933700
627,1127,3.5,1237931861
358,434,3.5,1408188709
62,55820,3.5,1268779865
224,3114,3.5,1393195739
113,5349,3.5,1209264982
568,265,3.5,1142789749
232,59900,3.5,1277842533
448,8732,3.5,1439501030
575,32291,3.5,1130592518
220,3114,3.5,1111496562
213,8798,3.5,1111502787
309,7454,3.5,1293923694
590,48593,3.5,1246757377
590,1288,3.5,1243424230
484,7026,3.5,1308770737
542,3959,3.5,1428278310
232,72378,3.5,1277372519
233,296,5.0,835095888
428,6808,5.0,1105414197
370,292,5.0,830304110
69,5782,5.0,1121089204
144,44191,5.0,1242184972
198,3422,5.0,958687152
432,185,5.0,957670704
224,119141,5.0,1420877085
588,1945,5.0,993932030
607,1321,5.0,974788775
267,1208,5.0,968989654
88,1036,5.0,1040275328
289,4018,5.0,1446724702
234,1387,5.0,901930184
365,1148,5.0,1062894153
584,1271,5.0,944926422
189,741,5.0,1170027198
198,1617,5.0,958686954
210,4452,5.0,1045510001
604,2571,5.0,1448883025
605,1270,5.0,954087546
164,3508,5.0,1440964366
600,3448,5.0,1014435616
120,595,5.0,960332195
109,4993,5.0,1018624637
24,1212,5.0,963467549
511,356,5.0,834597566
203,3257,5.0,955137308
110,1252,5.0,992249095
6,33004,5.0,1348692341
370,590,5.0,830303993
455,6863,5.0,1107193898
300,1198,5.0,942965003
459,47,5.0,845305853
156,1220,5.0,885580998
568,111,5.0,1142789384
145,1208,5.0,955414495
444,47,5.0,833531488
203,1912,5.0,955135956
147,4011,5.0,986111995
184,19,5.0,1148547113
155,998,5.0,945102240
509,1097,5.0,1088440427
91,590,5.0,949282183
92,509,5.0,840581750
650,2987,5.0,965433498
662,1276,5.0,945174691
502,2088,5.0,1062969408
213,3365,5.0,1111502478
555,537,5.0,875312661
194,2950,5.0,1364053919
41,5669,5.0,1067130098
260,356,5.0,847822564
457,260,5.0,854879261
333,288,5.0,834761706
109,1500,5.0,918795660
605,1246,5.0,955376502
647,3298,5.0,1451786297
234,1213,5.0,901930839
144,2139,5.0,1242184720
149,1265,5.0,855909617
210,1213,5.0,1041826640
409,2804,5.0,1292704235
33,3362,5.0,1009741052
461,1127,5.0,1179853576
546,1061,5.0,1036015331
114,4011,5.0,1452130426
352,6753,5.0,1077067331
156,39,5.0,885584126
588,1963,5.0,994721512
224,68237,5.0,1390027643
416,50,5.0,844956579
582,172,5.0,911288519
149,47,5.0,835535342
546,3724,5.0,1036014988
245,150,5.0,830280893
550,296,5.0,1425578752
199,3703,5.0,975877787
389,4148,5.0,1312976690
623,282,5.0,836686246
578,692,5.0,858656219
499,527,5.0,1278288098
505,587,5.0,965682001
167,92259,5.0,1446587305
607,4638,5.0,995553912
109,1263,5.0,919143040
46,296,5.0,954566960
35,141,5.0,860343861
493,1089,5.0,1218330063
160,1589,5.0,903570002
531,364,5.0,1447663656
600,3196,5.0,969754296
354,858,5.0,965328396
130,418,5.0,947478184
81,2139,5.0,976285594
496,4980,5.0,1185239631
433,85056,5.0,1439794972
589,79592,5.0,1420616276
227,2396,5.0,971138047
199,1376,5.0,975878073
650,1688,5.0,965433343
589,6377,5.0,1420583095
538,1380,5.0,1034122491
601,1217,5.0,938946135
588,3654,5.0,995162417
203,2001,5.0,955133075
106,85414,5.0,1440861349
600,1219,5.0,969753917
198,1041,5.0,958688120
532,5952,5.0,1440346564
109,1344,5.0,919146711
567,2193,5.0,1129523142
37,912,5.0,1113691092
471,2762,5.0,972781148
282,2028,5.0,959208446
319,6812,5.0,1413899187
82,318,5.0,1217431272
561,2571,5.0,944927495
198,1300,5.0,958688200
359,778,5.0,1401325724
469,36,5.0,865436297
500,50851,5.0,1318399576
118,150,5.0,1045087835
600,1730,5.0,1019971011
434,3365,5.0,1241447704
637,3996,5.0,983919051
461,5319,5.0,1230541759
207,1213,5.0,992198916
144,1967,5.0,1242185016
547,378,5.0,835256217
443,1272,5.0,915220841
160,213,5.0,901155307
451,6104,5.0,1130472644
164,165,5.0,1440813778
148,357,5.0,837259630
558,345,5.0,841217075
649,6874,5.0,1073419180
561,318,5.0,948000441
393,338,5.0,861130789
545,110,5.0,845321621
662,750,5.0,945174691
606,318,5.0,1448031534
353,161,5.0,844639400
611,1203,5.0,1368125816
218,7293,5.0,1255817269
146,969,5.0,944926362
169,163,5.0,853511961
509,1246,5.0,1088440065
232,46347,5.0,1277707280
164,3671,5.0,1440964183
228,1704,5.0,1124126439
117,783,5.0,851343649
650,1645,5.0,965515114
588,1950,5.0,994721512
599,84772,5.0,1424813371
166,44199,5.0,1439763697
244,953,5.0,953170956
353,593,5.0,844639370
222,527,5.0,946192685
603,912,5.0,857569587
432,1954,5.0,957670844
560,7153,5.0,1075153405
666,599,5.0,1021280834
189,1252,5.0,1170026024
380,3037,5.0,1020278186
124,741,5.0,1011478050
88,1208,5.0,1040276261
387,2542,5.0,1301316961
642,90405,5.0,1439771406
322,1945,5.0,1030116940
393,94,5.0,861113853
198,2248,5.0,958687103
662,1307,5.0,945178464
438,2959,5.0,1224530627
561,1909,5.0,944928084
444,736,5.0,833532061
417,858,5.0,956691695
409,68157,5.0,1292612607
458,1272,5.0,938852823
15,48394,5.0,1447478399
501,4878,5.0,1042991404
119,2571,5.0,1204582700
625,6537,5.0,1085177101
440,3549,5.0,962679030
599,73321,5.0,1424813369
650,2161,5.0,965516077
563,4628,5.0,1112205760
584,1357,5.0,944926422
443,1094,5.0,915219592
363,2746,5.0,947643866
224,7438,5.0,1360738460
481,1197,5.0,938871429
443,1183,5.0,915219408
270,858,5.0,1004070866
597,1784,5.0,965118677
330,1189,5.0,1053308457
546,590,5.0,1036015772
241,74458,5.0,1446670700
433,68358,5.0,1439794784
228,58559,5.0,1233250445
561,1275,5.0,944929328
664,1291,5.0,1423496369
644,800,5.0,868190402
228,608,5.0,1124278081
668,2935,5.0,1025846413
597,2541,5.0,965155262
156,1197,5.0,885580574
119,1483,5.0,1204582463
336,6863,5.0,1248029289
614,55908,5.0,1417317855
146,2087,5.0,944927149
11,720,5.0,850816371
315,1284,5.0,969729805
413,70286,5.0,1272272666
223,1208,5.0,948941114
300,1197,5.0,942965003
198,3067,5.0,958686892
389,342,5.0,1312973644
339,5782,5.0,1172020552
109,474,5.0,918630829
299,3897,5.0,1290571875
335,858,5.0,1303497146
531,104211,5.0,1447797278
640,3,5.0,860492141
399,1234,5.0,945151524
248,3702,5.0,1013780209
399,1660,5.0,945155085
411,47,5.0,833711506
589,48516,5.0,1420583101
291,260,5.0,967487006
584,1957,5.0,945275878
100,2565,5.0,1116728728
218,44555,5.0,1255806360
446,480,5.0,835116459
210,3359,5.0,1041826285
223,3125,5.0,948940723
546,2984,5.0,1036015633
428,8917,5.0,1105415979
150,5989,5.0,1043209158
631,110,5.0,943354384
72,1,5.0,877801634
358,1199,5.0,1408189280
458,555,5.0,953240741
584,1088,5.0,945278067
160,2145,5.0,902695047
413,59810,5.0,1333955770
164,293,5.0,1440811685
460,3396,5.0,1130278335
7,260,5.0,1322062772
252,5991,5.0,1048127752
349,527,5.0,834661611
109,2108,5.0,918642395
99,1197,5.0,1371941803
355,329,5.0,835212973
218,47465,5.0,1256680620
491,367,5.0,839302051
32,954,5.0,903751619
198,2391,5.0,958689437
652,3148,5.0,974685992
417,1259,5.0,956692280
387,1036,5.0,1300088043
614,2571,5.0,1415079702
413,68157,5.0,1272273275
210,5952,5.0,1041826560
109,1,5.0,918637609
38,1197,5.0,1385175649
303,745,5.0,975171999
209,5014,5.0,1013140218
161,1704,5.0,1445848608
443,670,5.0,915219465
192,1693,5.0,1077120661
291,407,5.0,967487569
599,73323,5.0,1424825246
615,154,5.0,955125396
50,1237,5.0,905248992
198,1947,5.0,958688997
666,1172,5.0,1021280864
359,532,5.0,1401325231
397,318,5.0,979409429
294,1198,5.0,1001985700
481,2360,5.0,977270063
458,1344,5.0,975729399
4,951,5.0,950323638
24,2206,5.0,963467549
393,226,5.0,861130824
199,426,5.0,975878148
600,3072,5.0,977982833
567,1073,5.0,1129521908
428,1210,5.0,1087081715
373,51255,5.0,1449332453
600,1291,5.0,1018672372
622,74851,5.0,1447455614
102,1732,5.0,975429419
93,858,5.0,862555049
193,2763,5.0,944899917
207,1923,5.0,992197932
637,1148,5.0,983919755
414,750,5.0,1032193424
124,1648,5.0,1011472842
453,1425,5.0,859303352
161,91529,5.0,1442649642
247,54001,5.0,1451122554
460,1188,5.0,1130278607
665,56782,5.0,1231675322
520,4995,5.0,1449866282
546,650,5.0,1036015832
66,5349,5.0,1041611373
108,34,5.0,944964733
327,4878,5.0,1167368325
662,1095,5.0,945178501
577,2028,5.0,1030685357
378,1196,5.0,957661344
418,1264,5.0,1100030136
605,3108,5.0,954088257
24,1249,5.0,963468641
426,1207,5.0,973996895
203,923,5.0,955136391
578,1359,5.0,858655799
457,457,5.0,854879493
415,89745,5.0,1340867678
461,8961,5.0,1179853365
650,1377,5.0,965502060
110,3844,5.0,992252250
352,2917,5.0,1025711738
428,7143,5.0,1105414205
561,1376,5.0,944927727
395,2268,5.0,1012595079
607,47,5.0,974706315
637,2355,5.0,983919783
652,3060,5.0,974688209
120,1066,5.0,960332224
389,7362,5.0,1312978048
300,2406,5.0,942965165
549,1240,5.0,1216531148
342,266,5.0,845453938
597,356,5.0,965182275
218,5971,5.0,1255805938
160,1399,5.0,901155401
88,1226,5.0,1040274918
4,937,5.0,950323355
368,6323,5.0,1053358856
555,778,5.0,875312093
443,944,5.0,915222474
188,1208,5.0,879098165
210,110,5.0,1041825565
601,1719,5.0,938943005
563,3812,5.0,1112205756
198,2571,5.0,958689306
24,1270,5.0,963471763
358,1732,5.0,1408188893
513,59315,5.0,1322787813
156,1513,5.0,886109849
213,2920,5.0,1112241927
203,908,5.0,955136439
432,3591,5.0,957672550
612,198,5.0,940519095
484,1210,5.0,1308768727
562,2762,5.0,953421758
393,454,5.0,848976588
601,1913,5.0,938946774
648,1,5.0,859029646
614,908,5.0,1416814396
147,1258,5.0,986111539
221,10,5.0,832577436
555,253,5.0,875313818
480,1147,5.0,1136440670
234,527,5.0,901932033
343,6539,5.0,1196304426
632,5618,5.0,1388949385
396,608,5.0,1449803253
109,2997,5.0,1004718532
607,1207,5.0,974803449
640,1357,5.0,860492521
376,1234,5.0,942186708
615,2227,5.0,955126642
527,62,5.0,838824048
599,1036,5.0,1424812810
238,1099,5.0,1082123074
299,47,5.0,1290573990
97,7254,5.0,1448956492
589,119141,5.0,1420583065
290,1298,5.0,1405039986
531,7458,5.0,1447687848
276,4848,5.0,1334345268
473,480,5.0,836972607
586,260,5.0,1397065522
477,2432,5.0,1063623620
614,7153,5.0,1417314669
460,1210,5.0,1130272355
600,1097,5.0,977982833
578,1105,5.0,858655743
203,780,5.0,955137042
484,1197,5.0,1308768736
121,908,5.0,945968235
433,1198,5.0,1439794676
299,1393,5.0,1292893078
110,3967,5.0,994413598
399,2916,5.0,945153048
461,1200,5.0,1179853491
198,1958,5.0,958688394
512,5899,5.0,1254435332
160,1345,5.0,902697002
409,923,5.0,1292704200
600,3504,5.0,969754474
232,58078,5.0,1279428456
337,1225,5.0,962607667
252,2747,5.0,1048128192
578,1113,5.0,858656117
189,5147,5.0,1195628569
114,5349,5.0,1452130783
443,1259,5.0,915221175
199,541,5.0,975877740
615,1263,5.0,955127136
358,1206,5.0,1408188755
381,6,5.0,844075108
292,364,5.0,1190271965
274,1729,5.0,892801095
593,3481,5.0,976422165
329,1777,5.0,1010112357
499,2858,5.0,1278288474
505,2353,5.0,965682887
432,151,5.0,957670180
160,1925,5.0,902695698
62,3578,5.0,1267565003
445,17,5.0,866303226
228,1729,5.0,1124279730
339,1206,5.0,1172020135
435,595,5.0,974423293
389,47,5.0,1315057038
385,8641,5.0,1094777467
583,592,5.0,978506075
92,318,5.0,840581253
315,7090,5.0,1099955604
600,1073,5.0,1014434881
290,7438,5.0,1441338167
232,96821,5.0,1355822223
326,282,5.0,844184197
532,55820,5.0,1440346585
603,1206,5.0,857569277
32,913,5.0,903751174
210,4226,5.0,1041826577
471,47,5.0,972781950
157,2311,5.0,916672933
584,1683,5.0,944925093
544,1220,5.0,945035697
650,2125,5.0,965432334
316,1249,5.0,940239159
582,1779,5.0,911288024
121,3448,5.0,954388997
389,88810,5.0,1319075123
661,1042,5.0,866411179
666,318,5.0,1021279398
599,79091,5.0,1424824599
575,1387,5.0,945200624
483,4226,5.0,1387206483
145,296,5.0,955414393
607,1678,5.0,974714736
397,2571,5.0,979408813
560,3897,5.0,1067528312
607,3751,5.0,974706586
16,161,5.0,842888169
160,1095,5.0,903570222
627,2959,5.0,1237930732
232,31696,5.0,1277840342
531,4993,5.0,1447611298
666,1358,5.0,1021280864
637,3527,5.0,983918575
158,296,5.0,1241051215
440,3175,5.0,962679030
604,1196,5.0,1448883019
354,904,5.0,965328556
575,858,5.0,939927286
35,1061,5.0,860344540
30,1957,5.0,1292632668
512,7818,5.0,1254431267
130,2297,5.0,941882727
160,1231,5.0,903488995
267,1288,5.0,968989749
156,1580,5.0,886109849
274,1240,5.0,892802111
458,858,5.0,938853043
380,919,5.0,1020279330
622,60074,5.0,1450207399
54,858,5.0,1146935071
486,1230,5.0,1231903899
595,802,5.0,863240668
555,1265,5.0,875312489
232,71838,5.0,1277409054
69,1249,5.0,1121104604
119,2762,5.0,1204582728
560,110,5.0,1067530425
112,1234,5.0,956591203
228,30820,5.0,1124278618
138,364,5.0,835879290
520,112552,5.0,1449866276
632,527,5.0,1388949339
652,2908,5.0,974691667
279,1246,5.0,965499933
646,2959,5.0,1097026569
536,141,5.0,860417690
241,54503,5.0,1446918457
460,1028,5.0,1130278395
199,1270,5.0,975877585
637,260,5.0,983918454
128,66785,5.0,1262126954
247,91500,5.0,1451122353
561,150,5.0,948000675
531,44199,5.0,1447687894
228,1136,5.0,1124278309
437,106100,5.0,1436491724
540,356,5.0,1241713887
124,1258,5.0,1011477743
347,4027,5.0,1274981253
600,1950,5.0,969751715
380,260,5.0,1020278314
369,2997,5.0,943210586
555,318,5.0,875311794
118,110,5.0,1045002675
560,6617,5.0,1067528575
303,3361,5.0,976218051
369,1111,5.0,953445170
160,976,5.0,902694919
451,1202,5.0,1416814873
615,2019,5.0,955125005
161,2268,5.0,1444008663
600,3200,5.0,1014435483
218,1566,5.0,1255804862
164,43396,5.0,1440814567
88,1262,5.0,1040275650
303,1245,5.0,976136050
149,608,5.0,855910091
520,96079,5.0,1449866344
577,1722,5.0,1031892150
451,1258,5.0,1130494655
440,1097,5.0,962687064
213,5954,5.0,1111503534
647,64030,5.0,1451787503
560,1270,5.0,1067536039
254,2019,5.0,1358513787
559,2028,5.0,1012186576
461,3703,5.0,1193031414
330,1086,5.0,1021830202
433,260,5.0,1439794673
109,1212,5.0,919144491
414,1214,5.0,1032193342
303,123,5.0,976733450
409,69757,5.0,1292613017
460,2115,5.0,1130271779
275,908,5.0,1136695738
421,898,5.0,879858224
236,4886,5.0,1119960726
607,4723,5.0,999922727
160,1254,5.0,903816985
499,3949,5.0,1284422563
109,1288,5.0,918641763
615,1219,5.0,955126173
108,3033,5.0,944976936
567,296,5.0,1129521670
330,1219,5.0,1021830047
436,593,5.0,837693751
560,390,5.0,1067530966
650,1282,5.0,965433470
257,1208,5.0,1093986363
520,54286,5.0,1449866252
615,659,5.0,955126769
160,31,5.0,903489483
601,1788,5.0,938943995
528,31658,5.0,1252650385
315,8368,5.0,1131920763
98,1193,5.0,955174718
606,109487,5.0,1448032420
655,750,5.0,1255662102
589,8533,5.0,1420582475
147,1213,5.0,986110591
396,68237,5.0,1449803256
433,70336,5.0,1439795150
213,1089,5.0,1111501823
187,457,5.0,863200313
209,594,5.0,1013140790
35,858,5.0,860344420
21,5952,5.0,1428011003
213,30707,5.0,1111498522
69,293,5.0,1121089444
160,465,5.0,901155116
414,4034,5.0,1037036610
22,356,5.0,1111574877
146,1099,5.0,944927357
541,1304,5.0,1004509591
454,1,5.0,833724912
209,260,5.0,1013138726
147,47,5.0,986111857
110,3040,5.0,992251013
195,1213,5.0,1234131736
604,68954,5.0,1448883411
156,5,5.0,885583119
30,5418,5.0,1314480595
599,111759,5.0,1424813256
264,457,5.0,847927831
380,3129,5.0,1020279781
415,5989,5.0,1341263276
432,2528,5.0,957670603
413,106920,5.0,1393925877
232,88129,5.0,1325289818
555,678,5.0,875311982
156,135,5.0,885583714
228,1370,5.0,1141170197
164,51255,5.0,1440814833
110,3751,5.0,992250715
164,4896,5.0,1440888767
263,858,5.0,916309699
126,6539,5.0,1269878216
567,8528,5.0,1129535861
118,3578,5.0,1045087879
88,1278,5.0,1040271406
63,59369,5.0,1299577524
322,2762,5.0,1030116982
128,7147,5.0,1262126234
647,139644,5.0,1451786394
607,4993,5.0,1008805780
161,1784,5.0,1442649686
24,22,5.0,963468987
451,4640,5.0,1134606779
319,60756,5.0,1413898539
39,3578,5.0,1001786879
5,81847,5.0,1303500307
352,1619,5.0,1076254501
307,214,5.0,831901766
636,527,5.0,939631713
543,2336,5.0,995891479
116,593,5.0,834668588
565,2028,5.0,1433883145
278,1136,5.0,1341367663
332,85414,5.0,1307509252
647,2353,5.0,1451786366
545,50,5.0,845321846
150,4995,5.0,1052614941
637,3471,5.0,983918454
444,329,5.0,833531434
188,1060,5.0,879096799
599,6539,5.0,1424811780
505,2324,5.0,965682495
71,1951,5.0,1063749496
433,56801,5.0,1439795100
326,780,5.0,844184546
147,3576,5.0,986110805
479,8784,5.0,1445739632
7,2028,5.0,1322062892
528,5618,5.0,1252654549
500,3489,5.0,1318398384
663,253,5.0,851580295
402,1201,5.0,1172346901
286,1210,5.0,1437596524
266,590,5.0,841655400
419,7502,5.0,1447584820
522,380,5.0,833476737
328,32587,5.0,1249354564
109,4010,5.0,1028731363
299,3275,5.0,1290450865
164,4011,5.0,1440964746
375,1172,5.0,1046188798
11,5060,5.0,850817750
358,77658,5.0,1408189362
413,1210,5.0,1355490869
504,89774,5.0,1447973809
73,1245,5.0,945886270
584,272,5.0,944925912
652,282,5.0,974699254
443,1252,5.0,915219293
397,4022,5.0,979408629
164,40815,5.0,1440888751
583,1196,5.0,978425905
124,1214,5.0,1011474616
382,917,5.0,1322871291
341,858,5.0,956685218
560,5816,5.0,1067529642
109,3481,5.0,971086565
517,608,5.0,851082947
88,3635,5.0,1040275460
55,2420,5.0,1225252225
15,1258,5.0,1447479120
88,2763,5.0,1040276958
238,2324,5.0,1082122325
460,2313,5.0,1130302801
385,3671,5.0,1094777653
223,905,5.0,948940658
429,2861,5.0,993082866
599,1320,5.0,1424813429
458,3671,5.0,975731261
203,1954,5.0,955132951
301,1704,5.0,1317056767
525,1617,5.0,946570469
352,2463,5.0,1025710413
389,68157,5.0,1312978381
47,29,5.0,843154525
294,508,5.0,1001986728
198,58,5.0,958687122
576,3578,5.0,1446942348
525,246,5.0,946570469
46,2762,5.0,954566942
62,61240,5.0,1269709526
599,2167,5.0,1424812855
209,4246,5.0,1013139678
257,2959,5.0,1093986380
555,1573,5.0,875327348
1,1222,5.0,1217897625
600,3093,5.0,969754344
160,1217,5.0,902696215
603,903,5.0,857569325
32,1958,5.0,903794006
519,1201,5.0,1446443017
32,1954,5.0,903226798
286,1997,5.0,1437596651
607,235,5.0,974705736
192,72641,5.0,1267811362
166,62511,5.0,1439762856
363,1380,5.0,947644063
599,3704,5.0,1424812854
72,1573,5.0,877801265
373,2413,5.0,1449334085
160,114,5.0,903489442
157,1374,5.0,916672908
440,1198,5.0,962682412
584,2130,5.0,945275690
86,8914,5.0,1450073094
338,3250,5.0,969763597
546,4329,5.0,1036016042
246,277,5.0,845316822
330,3789,5.0,1053308561
647,80590,5.0,1451787309
28,588,5.0,884099856
639,99114,5.0,1418498808
224,89470,5.0,1428130865
609,1546,5.0,865264913
562,2028,5.0,953422442
113,50,5.0,1209264685
367,62,5.0,851785784
498,356,5.0,852919024
666,2964,5.0,1021279449
303,1244,5.0,976733197
471,1307,5.0,972414695
568,1204,5.0,1142789886
121,2609,5.0,944958278
213,1250,5.0,1111502232
328,54999,5.0,1224230560
541,3527,5.0,1004507537
24,2067,5.0,963469566
199,2011,5.0,975877982
124,4103,5.0,1011473619
160,678,5.0,902697909
109,371,5.0,918801450
150,4226,5.0,1042254029
315,5669,5.0,1075410399
302,110,5.0,837046970
203,165,5.0,955137255
433,6350,5.0,1439795474
232,6059,5.0,1277492721
95,761,5.0,862503011
88,48516,5.0,1180029303
614,4299,5.0,1416813792
600,4017,5.0,1025321476
261,6874,5.0,1138112633
201,3409,5.0,1027373843
541,1356,5.0,1004507519
502,1923,5.0,1062968460
413,6502,5.0,1371987593
601,1300,5.0,938946292
138,597,5.0,835879453
650,39,5.0,965433049
231,1265,5.0,1321056193
267,456,5.0,968990171
376,904,5.0,942186214
69,1287,5.0,1121284732
122,1089,5.0,1024805337
207,296,5.0,992197592
344,2916,5.0,1079416073
447,87234,5.0,1444583495
160,1944,5.0,902695008
432,356,5.0,957670076
569,1732,5.0,1245979538
261,2959,5.0,1138111955
432,1527,5.0,957670580
275,951,5.0,1136695892
541,1175,5.0,1004507473
228,1732,5.0,1124279265
597,858,5.0,965788155
451,2019,5.0,1130494862
164,110,5.0,1440813738
560,3114,5.0,1067535277
584,838,5.0,944925093
262,527,5.0,1183002031
358,48516,5.0,1408189293
381,318,5.0,844074432
358,1207,5.0,1408189184
266,364,5.0,841655698
107,260,5.0,958155572
417,1094,5.0,956691886
91,1704,5.0,949282039
600,1945,5.0,969754089
358,4973,5.0,1408188789
241,6953,5.0,1446671076
164,2542,5.0,1440888730
110,1374,5.0,992250982
203,858,5.0,955132832
156,588,5.0,886109849
65,110,5.0,835490450
322,1961,5.0,1030115751
443,1242,5.0,915220274
267,1213,5.0,968988872
637,2916,5.0,983918913
228,2762,5.0,1124124505
599,71252,5.0,1424825524
542,1265,5.0,1438507252
583,165,5.0,978506258
652,2442,5.0,974690918
224,2905,5.0,1425243923
164,111362,5.0,1440814923
150,5388,5.0,1042254281
156,637,5.0,885584742
600,4993,5.0,1018671589
93,994,5.0,862555049
192,3827,5.0,1030747159
607,1356,5.0,987838617
387,4308,5.0,1416700194
69,1275,5.0,1121284566
176,2918,5.0,965402096
578,1398,5.0,858656400
369,858,5.0,941391134
331,6539,5.0,1138755002
228,37733,5.0,1141169211
443,924,5.0,915219408
432,2002,5.0,957671091
627,26776,5.0,1237936325
171,1363,5.0,852834127
622,5418,5.0,1447034392
544,2000,5.0,945034289
241,4235,5.0,1446671118
121,2396,5.0,944957409
575,1200,5.0,939916130
228,1407,5.0,1129381518
548,3476,5.0,953596948
188,750,5.0,879098164
598,72998,5.0,1270497350
650,2083,5.0,965517188
299,1,5.0,1290574147
490,8961,5.0,1399941660
253,54503,5.0,1353227642
330,527,5.0,1022545276
100,1035,5.0,1116728669
303,1148,5.0,975183168
327,527,5.0,1167368569
462,653,5.0,862800553
4,2725,5.0,950324287
171,736,5.0,852833722
632,3000,5.0,1388949692
330,903,5.0,1021830072
555,1266,5.0,875313756
578,1459,5.0,858656360
436,527,5.0,837693920
108,1391,5.0,944977019
399,928,5.0,945152303
637,2019,5.0,983919020
615,47,5.0,955127985
146,1136,5.0,944925959
550,1193,5.0,1425578716
429,339,5.0,993082486
259,4878,5.0,1079616967
541,1345,5.0,1004507096
146,1287,5.0,944927798
322,1394,5.0,1030141926
569,923,5.0,1245981750
589,88163,5.0,1433650152
303,3011,5.0,976124513
565,50,5.0,1433883151
429,1307,5.0,993082382
451,55442,5.0,1262770783
330,926,5.0,1053308328
475,8014,5.0,1305325902
174,1270,5.0,1276468615
628,2700,5.0,1112474022
328,50,5.0,1234070987
409,4571,5.0,1292705596
543,1258,5.0,995889473
109,1721,5.0,901259706
555,497,5.0,875312310
633,7090,5.0,1134970708
622,6365,5.0,1447965627
446,440,5.0,835116475
119,1221,5.0,1204582597
555,1342,5.0,875311982
607,1997,5.0,974788775
78,1682,5.0,1422654376
636,1704,5.0,939631789
539,1344,5.0,1033520333
223,994,5.0,948941233
241,5952,5.0,1446670820
382,940,5.0,1322870916
531,4015,5.0,1447672967
425,6210,5.0,1078384752
397,593,5.0,979409429
650,3034,5.0,965433498
164,553,5.0,1440963968
545,785,5.0,845742019
544,1097,5.0,945035360
627,319,5.0,1237937823
435,589,5.0,974422879
389,88405,5.0,1315057265
88,1219,5.0,1040937112
203,377,5.0,955133023
4,1936,5.0,950322914
599,54785,5.0,1424825413
72,1676,5.0,889219859
546,3552,5.0,1036014068
650,3489,5.0,965502948
354,1213,5.0,965328570
63,30707,5.0,1299476986
373,2716,5.0,1449332613
160,1333,5.0,902696881
412,1291,5.0,1415279143
175,1225,5.0,974835459
534,318,5.0,916850100
443,1136,5.0,915220840
562,1200,5.0,953422249
222,916,5.0,945321912
578,65,5.0,858655380
275,926,5.0,1136696028
525,1221,5.0,946570630
358,1682,5.0,1408188767
532,8874,5.0,1440349851
106,7153,5.0,1440860833
147,4210,5.0,986113140
177,5418,5.0,1074042926
479,72641,5.0,1445792671
285,1210,5.0,974035768
666,260,5.0,1021279731
33,4581,5.0,1009739667
174,1273,5.0,1276469082
312,168,5.0,828564955
56,5013,5.0,1013031701
167,3578,5.0,1446587293
232,86377,5.0,1421965245
329,2273,5.0,1009869765
505,2268,5.0,965682681
51,457,5.0,836242169
304,58559,5.0,1351444577
132,527,5.0,903035316
380,1247,5.0,1020278721
409,2144,5.0,1292751356
561,4006,5.0,944928426
164,45722,5.0,1440964142
660,524,5.0,833100660
4,1281,5.0,950323231
409,7438,5.0,1306430303
234,296,5.0,901930802
599,58559,5.0,1424812004
531,47099,5.0,1447688054
232,68157,5.0,1277406042
267,750,5.0,968988995
471,17,5.0,972414536
8,1471,5.0,858611143
410,924,5.0,1137508884
652,2858,5.0,974686950
479,6565,5.0,1445792202
532,8665,5.0,1440349867
234,1196,5.0,901931997
147,1748,5.0,986111511
188,1258,5.0,879099416
131,2732,5.0,962763428
666,2395,5.0,1021278457
394,368,5.0,845891316
121,3536,5.0,959401090
195,4011,5.0,1250058544
224,5618,5.0,1390094630
110,3260,5.0,992249646
248,527,5.0,1013711444
88,2502,5.0,1100396857
109,260,5.0,901259632
561,1197,5.0,944928789
274,1721,5.0,892800849
615,920,5.0,955127136
213,1252,5.0,1111498150
88,3852,5.0,1053535280
91,608,5.0,949281964
110,4034,5.0,992254343
647,5574,5.0,1451787491
356,162,5.0,833958954
146,474,5.0,944928177
614,99114,5.0,1416814098
33,750,5.0,1009740382
110,608,5.0,992249347
599,80363,5.0,1424813409
385,16,5.0,1094777212
67,2571,5.0,1054101428
213,2186,5.0,1111502332
458,5198,5.0,1055064355
330,4327,5.0,1021829884
238,920,5.0,1082123354
560,5152,5.0,1067548990
453,589,5.0,859326083
42,5308,5.0,1399110086
339,7438,5.0,1172021572
560,3000,5.0,1067530481
546,3189,5.0,1036016063
588,915,5.0,995645290
283,923,5.0,868265259
252,4308,5.0,1048128748
627,2912,5.0,1237937532
528,1682,5.0,1252816851
435,1792,5.0,974423793
632,5690,5.0,1388949687
409,81591,5.0,1298488917
281,1287,5.0,992331493
387,3702,5.0,1416700366
637,555,5.0,983919230
663,296,5.0,851580292
460,8183,5.0,1130278551
569,3504,5.0,1245975511
285,3114,5.0,974036560
471,1895,5.0,972415068
279,778,5.0,965499790
41,62,5.0,1067132155
650,2506,5.0,965433991
375,1267,5.0,1046194791
143,317,5.0,841221907
557,2019,5.0,1284927702
354,2100,5.0,1017844135
633,1259,5.0,1149379909
559,3578,5.0,1012186934
413,104177,5.0,1383474089
140,858,5.0,867827809
109,596,5.0,918643626
358,296,5.0,1408188385
32,1270,5.0,903751773
414,541,5.0,1032193342
513,54286,5.0,1322787916
546,2289,5.0,1036014282
240,3052,5.0,1007877103
399,2160,5.0,945152023
33,3246,5.0,1009739635
628,8827,5.0,1112467987
458,1673,5.0,938814661
104,163,5.0,836834971
496,4571,5.0,1185239631
495,1200,5.0,993842397
147,4117,5.0,986110736
569,1267,5.0,1245983376
109,3675,5.0,971092740
458,1343,5.0,953240679
580,5955,5.0,1209462427
128,858,5.0,1262125848
103,1277,5.0,978554776
548,194,5.0,953596758
242,1208,5.0,945669867
124,608,5.0,1011475426
235,1617,5.0,953676730
359,7361,5.0,1401326155
130,307,5.0,941840551
47,800,5.0,841750655
546,1963,5.0,1036015707
555,1080,5.0,875312271
650,261,5.0,965515720
164,2502,5.0,1440962575
160,308,5.0,901155360
449,41285,5.0,1449267049
300,2174,5.0,942967961
499,8529,5.0,1284412487
578,648,5.0,858655124
451,106916,5.0,1410603968
275,1219,5.0,1136695639
336,68954,5.0,1248026125
160,1249,5.0,902698025
283,1104,5.0,868264801
624,1584,5.0,891384969
380,2716,5.0,1020279060
642,96610,5.0,1439775301
600,1259,5.0,1014435101
224,112183,5.0,1428042646
446,150,5.0,835116255
238,326,5.0,1082153281
30,26614,5.0,1313950837
304,1221,5.0,1351444560
389,5989,5.0,1319160437
426,858,5.0,973996238
578,737,5.0,858655379
17,4993,5.0,1350207006
218,2843,5.0,1255809892
303,1223,5.0,975183278
32,1097,5.0,903794542
15,32160,5.0,1447478774
156,1527,5.0,886109759
338,908,5.0,969761631
623,150,5.0,836688821
122,593,5.0,1024805309
110,1375,5.0,992251940
647,102716,5.0,1451787288
541,1997,5.0,1004507063
109,3654,5.0,971087406
188,322,5.0,879098005
637,1240,5.0,983919051
541,968,5.0,1004506280
126,4963,5.0,1269878458
520,61132,5.0,1449866496
399,538,5.0,945151812
203,1259,5.0,955136705
278,1732,5.0,1341366970
428,1196,5.0,1087081690
558,318,5.0,841215986
433,33493,5.0,1439794875
492,235,5.0,835506017
438,2858,5.0,1224530574
303,1199,5.0,976124703
607,1278,5.0,974707590
373,1200,5.0,1449332374
330,541,5.0,1022545128
650,2797,5.0,965516048
657,1203,5.0,1243037014
425,2692,5.0,1077441054
147,1997,5.0,986111922
11,1148,5.0,850816620
305,1196,5.0,995561354
359,4973,5.0,1401325483
232,88744,5.0,1313563547
203,924,5.0,955136877
516,1285,5.0,1001472122
48,529,5.0,1081162500
114,2571,5.0,1452130157
189,1945,5.0,1170026838
192,802,5.0,1077120877
218,3186,5.0,1255816914
615,1204,5.0,955127047
607,4973,5.0,1027036815
424,593,5.0,836378129
137,8961,5.0,1201400941
20,2145,5.0,1289756619
644,260,5.0,868190096
599,81535,5.0,1424825701
164,858,5.0,1440811675
205,300,5.0,839438590
106,106920,5.0,1440861039
584,1131,5.0,945275690
358,1198,5.0,1408188483
352,1097,5.0,1025711632
42,4558,5.0,1399112720
218,5694,5.0,1255818035
329,3785,5.0,1009869878
451,85414,5.0,1338644137
614,57640,5.0,1417317179
160,1912,5.0,901154510
266,349,5.0,841655488
387,1246,5.0,1416699815
108,367,5.0,944976563
363,1982,5.0,947645120
44,912,5.0,1225239461
338,969,5.0,969763074
560,2804,5.0,1067528318
33,1358,5.0,1009741149
108,70,5.0,944975260
541,923,5.0,1004504703
426,3359,5.0,973997063
114,96737,5.0,1452130794
21,5618,5.0,1428011334
597,2872,5.0,965181842
17,44191,5.0,1311179720
389,8368,5.0,1319160844
666,968,5.0,1021278356
189,5121,5.0,1195626646
66,1288,5.0,961696594
428,2571,5.0,1087081665
11,260,5.0,850816371
631,318,5.0,943353152
499,73608,5.0,1289514222
597,1,5.0,965788559
245,11,5.0,830280299
225,590,5.0,835161684
614,8807,5.0,1416814090
460,5218,5.0,1156177462
294,1222,5.0,1001985829
130,2745,5.0,941883798
72,1500,5.0,877801421
24,858,5.0,963470071
649,2997,5.0,1062618259
603,1248,5.0,857568881
323,953,5.0,1429968677
417,246,5.0,956674164
289,3948,5.0,1446724642
451,1274,5.0,1130495070
591,54286,5.0,1281986070
121,3148,5.0,951358732
315,2571,5.0,951716960
160,593,5.0,901154994
228,2542,5.0,1124278342
156,380,5.0,885580831
499,356,5.0,1277426627
414,2858,5.0,1032191425
443,1270,5.0,915220732
262,47,5.0,1183002067
615,2859,5.0,955128336
612,1240,5.0,940518075
122,1610,5.0,1024805531
199,1320,5.0,975878425
164,3210,5.0,1440964191
599,57274,5.0,1424811353
299,64614,5.0,1290571805
66,5388,5.0,1041611373
245,246,5.0,830280893
445,296,5.0,866303383
207,858,5.0,992198969
336,4361,5.0,1262104918
432,494,5.0,957671063
358,1262,5.0,1408189451
135,306,5.0,891655190
301,318,5.0,1317056787
482,296,5.0,974652978
408,280,5.0,831667737
541,1285,5.0,1004504719
160,1085,5.0,903489209
580,1213,5.0,1209462312
615,897,5.0,955127294
607,2607,5.0,993903547
547,440,5.0,835255809
151,719,5.0,864684568
388,112552,5.0,1440159757
303,1233,5.0,976056704
147,1617,5.0,986188141
62,7361,5.0,1268779516
122,1221,5.0,1024808124
568,6235,5.0,1146932456
600,4427,5.0,1005451027
588,1077,5.0,993877027
213,1387,5.0,1111501800
192,7318,5.0,1171560006
32,1674,5.0,903752189
224,1111,5.0,1444776836
213,1217,5.0,1111502610
134,1120,5.0,862764435
485,7153,5.0,1072047256
599,589,5.0,1424812766
666,2712,5.0,1021278854
145,971,5.0,955414412
399,923,5.0,945151167
465,2395,5.0,1097880175
397,2357,5.0,979409357
601,1747,5.0,938944031
33,50,5.0,1009740412
380,2324,5.0,1020278046
582,1210,5.0,911288314
501,4034,5.0,1042989625
232,54190,5.0,1277373093
69,1222,5.0,1121104472
541,1206,5.0,1004507366
471,838,5.0,972415607
400,589,5.0,1197752326
666,1537,5.0,1021279762
31,318,5.0,832397461
160,904,5.0,902697909
409,2918,5.0,1292613557
207,1393,5.0,992197825
519,32587,5.0,1446449660
532,79702,5.0,1440350048
195,750,5.0,1250242153
211,3475,5.0,1138402433
551,31,5.0,833098007
591,231,5.0,1281985966
160,1036,5.0,902698025
134,761,5.0,862764224
43,2797,5.0,1364390225
11,919,5.0,850817427
560,919,5.0,1067534763
453,593,5.0,859324941
109,2716,5.0,935733620
7,1136,5.0,1322062989
500,296,5.0,1318398894
286,260,5.0,1437596513
471,1291,5.0,972783921
97,76093,5.0,1448958381
147,50,5.0,986110780
124,337,5.0,1011473081
15,296,5.0,1447478367
435,11,5.0,974423477
41,595,5.0,1067131573
409,1288,5.0,1292702458
322,1617,5.0,1030116814
122,260,5.0,1024806605
224,1291,5.0,1390079161
589,4993,5.0,1420582266
604,2115,5.0,1448883270
600,508,5.0,1005450302
188,175,5.0,879100310
588,3307,5.0,993876241
193,1022,5.0,944903674
601,1189,5.0,938947646
210,1245,5.0,1041825886
270,296,5.0,1004071409
32,1250,5.0,903750971
399,924,5.0,945151694
466,1276,5.0,1430363991
175,589,5.0,974835679
32,1946,5.0,903751085
46,3478,5.0,954566336
164,73017,5.0,1440888749
124,593,5.0,1011474679
24,913,5.0,963466677
412,1270,5.0,1415279185
541,750,5.0,1004507366
203,292,5.0,955137188
436,594,5.0,837694213
336,59315,5.0,1248029674
210,1204,5.0,1041826135
471,260,5.0,972783895
114,1270,5.0,1452131188
560,940,5.0,1067528784
433,4993,5.0,1439794736
228,593,5.0,1124128317
180,33162,5.0,1180845919
520,136020,5.0,1449866889
662,1073,5.0,945173849
442,25,5.0,840555684
228,3300,5.0,1141173312
241,79274,5.0,1446918970
228,3949,5.0,1124278022
303,3271,5.0,976135733
119,1222,5.0,1204582887
32,1945,5.0,903750792
531,64716,5.0,1447688407
461,3740,5.0,1193030969
546,2628,5.0,1036015364
315,1084,5.0,1084223702
627,1196,5.0,1237930590
88,3104,5.0,1040275403
254,51255,5.0,1354258660
156,1608,5.0,897595516
121,3037,5.0,944958083
331,7153,5.0,1138756145
650,104,5.0,965503507
607,3917,5.0,974788775
90,1201,5.0,974601947
451,26729,5.0,1168987067
457,161,5.0,854879490
352,1250,5.0,1006557183
88,1845,5.0,1040308539
109,750,5.0,971085094
426,3551,5.0,1006031125
28,953,5.0,884099623
157,377,5.0,916673728
541,4262,5.0,1004509591
429,2683,5.0,993082622
415,3510,5.0,1340867801
174,1732,5.0,1276657766
555,347,5.0,875313854
524,2028,5.0,993243566
655,44191,5.0,1255635181
599,8371,5.0,1424812867
149,538,5.0,840427997
199,2660,5.0,975877787
547,339,5.0,835255719
567,2115,5.0,1129522398
541,3996,5.0,1004504703
232,8781,5.0,1277841722
189,3621,5.0,1199942514
275,933,5.0,1136704925
358,904,5.0,1408189333
38,66934,5.0,1385175836
580,4002,5.0,1209636742
352,17,5.0,1006559762
160,635,5.0,901155401
387,58559,5.0,1294128440
303,34,5.0,975183238
42,72998,5.0,1399111931
652,265,5.0,974686768
574,296,5.0,1257553459
188,1173,5.0,879098601
263,2395,5.0,918988068
134,858,5.0,862764183
88,1136,5.0,1040271368
354,1221,5.0,965328556
607,3499,5.0,974713857
600,1276,5.0,965681770
600,1375,5.0,1018672613
469,110,5.0,865533406
385,4306,5.0,1094777283
600,3028,5.0,977982340
88,541,5.0,1040271765
466,1193,5.0,1430363877
228,3000,5.0,1124278393
334,356,5.0,845388605
5,46972,5.0,1303500388
637,541,5.0,983919894
446,434,5.0,835116357
143,597,5.0,841221928
209,2628,5.0,1013138726
192,27002,5.0,1267811719
650,531,5.0,965503073
262,3481,5.0,1183002218
480,5618,5.0,1136440817
622,5989,5.0,1447526289
458,3100,5.0,953240597
164,51662,5.0,1440811722
218,26776,5.0,1255805879
299,81591,5.0,1308599703
628,4993,5.0,1112468045
147,1699,5.0,986111641
655,364,5.0,1255640663
490,551,5.0,1400033250
105,480,5.0,857735427
198,912,5.0,958687059
420,915,5.0,956588767
576,108583,5.0,1445086760
8,766,5.0,858611946
399,2692,5.0,945151031
303,1242,5.0,977413530
509,919,5.0,1088440505
433,58559,5.0,1439794753
409,69122,5.0,1292614669
370,339,5.0,830304068
592,3147,5.0,1447969357
560,761,5.0,1067535086
417,720,5.0,956691782
600,954,5.0,969753250
118,2353,5.0,1045006016
449,103984,5.0,1449267938
241,102084,5.0,1446919525
426,1955,5.0,1006031125
228,6197,5.0,1141172795
382,46967,5.0,1322875426
216,891,5.0,1025570948
218,55814,5.0,1255811181
222,2186,5.0,946192804
664,68358,5.0,1423497253
555,799,5.0,875312583
380,2193,5.0,1020279586
8,1476,5.0,858611101
611,94959,5.0,1368126258
544,2069,5.0,945035013
303,1228,5.0,976135629
435,1370,5.0,974423679
597,592,5.0,965118871
160,1280,5.0,901154994
6,7438,5.0,1348881371
378,3471,5.0,957662687
561,1097,5.0,944927631
583,474,5.0,978427208
138,225,5.0,835879265
647,111443,5.0,1451786483
267,1231,5.0,968989686
69,32,5.0,1121104686
67,750,5.0,1054101285
4,1203,5.0,950323355
531,99114,5.0,1447611318
154,1501,5.0,888784450
19,7502,5.0,1442282465
352,1204,5.0,1025711111
59,1682,5.0,1439121755
24,1944,5.0,963469470
460,34,5.0,1130274125
414,2360,5.0,1032192283
245,595,5.0,830280893
160,1952,5.0,903570222
110,3499,5.0,992251271
189,7043,5.0,1195629162
93,1050,5.0,862555119
601,2132,5.0,938946972
562,2355,5.0,953424182
558,515,5.0,841216354
420,852,5.0,956588743
210,29,5.0,1045509854
602,6874,5.0,1105451257
108,2144,5.0,944976142
298,8261,5.0,1311698132
275,532,5.0,1136704525
600,1394,5.0,965681770
307,306,5.0,831901230
663,47,5.0,851580293
375,1224,5.0,1046194460
601,1537,5.0,938947990
42,1183,5.0,1399112617
157,2028,5.0,916673328
110,1517,5.0,1003665220
224,98124,5.0,1420877481
607,213,5.0,984728447
24,3066,5.0,963469656
32,1784,5.0,904093046
189,3788,5.0,1199942764
560,588,5.0,1067535358
110,1289,5.0,1077956285
232,97188,5.0,1355020483
81,594,5.0,976285625
599,102125,5.0,1424813307
109,908,5.0,918637405
358,1250,5.0,1408189527
471,2081,5.0,972415553
294,50,5.0,1001986930
476,50,5.0,1267547254
474,46976,5.0,1323046421
150,3893,5.0,1042253120
330,1610,5.0,1021830227
393,349,5.0,848976545
536,733,5.0,860417735
315,541,5.0,940982667
254,58559,5.0,1354258550
555,501,5.0,875313154
535,106489,5.0,1432621302
359,105355,5.0,1401325613
168,318,5.0,1159237688
389,6942,5.0,1319263075
354,2300,5.0,965328435
193,595,5.0,944903769
658,2580,5.0,956602527
459,344,5.0,845305732
109,2987,5.0,971086984
5,68793,5.0,1303500362
339,914,5.0,1172019551
37,858,5.0,1113691037
15,6987,5.0,1447478727
299,33166,5.0,1290574092
584,2858,5.0,944922268
192,5989,5.0,1077119302
193,541,5.0,944901557
228,6291,5.0,1124279488
31,17,5.0,832397621
376,1193,5.0,942185753
32,858,5.0,903226590
228,1258,5.0,1124278476
203,2023,5.0,955137415
600,2858,5.0,965669458
531,2959,5.0,1447611296
575,3545,5.0,956065609
532,69524,5.0,1440349317
296,750,5.0,1085798388
599,96691,5.0,1424813374
85,2571,5.0,1400699893
532,115569,5.0,1440349860
600,3100,5.0,1018671962
561,2542,5.0,948002379
203,357,5.0,955136002
389,69122,5.0,1319197242
4,1085,5.0,950322829
144,48043,5.0,1242185291
22,1884,5.0,1111573913
662,997,5.0,945177868
598,71033,5.0,1270497103
518,318,5.0,1439912793
389,56367,5.0,1319267574
29,1198,5.0,846943018
546,3654,5.0,1036014254
70,1620,5.0,1252701563
285,2762,5.0,974036515
500,1347,5.0,1318398462
380,1073,5.0,1020279406
228,30707,5.0,1141872208
546,3984,5.0,1036014596
450,318,5.0,835226322
110,919,5.0,992249560
109,1090,5.0,919143522
109,903,5.0,918637712
72,1073,5.0,877801761
19,88810,5.0,1442282977
330,1947,5.0,1021830470
479,27815,5.0,1445792417
127,2692,5.0,1044479110
47,296,5.0,841750319
128,6,5.0,1262125871
160,944,5.0,903488918
315,2010,5.0,951716933
252,5679,5.0,1048128260
144,745,5.0,1242185357
552,765,5.0,850495734
303,2313,5.0,976124752
228,7153,5.0,1124278247
232,1291,5.0,1277374707
269,1036,5.0,1293105105
614,5903,5.0,1416813096
531,58425,5.0,1450373129
63,2529,5.0,1299506247
412,1196,5.0,1415279162
627,7587,5.0,1237936211
459,356,5.0,845305778
566,42418,5.0,1381620991
47,531,5.0,845915707
519,6934,5.0,1446443991
120,2096,5.0,960332253
299,69757,5.0,1290571942
188,728,5.0,879096799
147,2959,5.0,986111238
375,5577,5.0,1046188590
280,2858,5.0,944898590
494,318,5.0,1328297337
160,1240,5.0,902696508
109,3082,5.0,971093647
209,1027,5.0,1013145984
347,2858,5.0,1274981030
192,8965,5.0,1206561014
416,861,5.0,844956956
352,1873,5.0,1006557906
319,6548,5.0,1426671352
156,1198,5.0,885820873
330,3654,5.0,1022545276
120,1035,5.0,960332224
599,101864,5.0,1424813336
311,626,5.0,850408762
546,1732,5.0,1036015018
124,2600,5.0,1011475041
304,1213,5.0,1351444520
100,261,5.0,1116728649
160,266,5.0,902695228
160,194,5.0,903489074
659,50,5.0,1394644947
354,1250,5.0,965328893
567,608,5.0,1129521771
594,5952,5.0,1163478589
541,1732,5.0,1004508075
312,231,5.0,828564955
342,553,5.0,845453980
60,3317,5.0,1162942088
524,4270,5.0,993243331
291,2395,5.0,967487750
372,6377,5.0,1111665850
319,318,5.0,1402406988
409,2005,5.0,1292723948
628,6331,5.0,1112472265
605,2396,5.0,954087671
519,2951,5.0,1446443012
532,99112,5.0,1442002731
539,2151,5.0,1033520041
666,2019,5.0,1021280285
489,858,5.0,971348598
25,1136,5.0,916664012
607,5146,5.0,1031133621
415,55908,5.0,1341297648
214,2804,5.0,1059599624
399,111,5.0,945151122
198,3104,5.0,958688459
311,1105,5.0,850408762
235,912,5.0,953675736
570,161,5.0,833568146
303,2110,5.0,976218458
203,2529,5.0,955132902
304,593,5.0,1351444667
143,158,5.0,841222045
121,2583,5.0,944957601
555,457,5.0,875311908
188,1234,5.0,879098569
544,1246,5.0,945033702
252,588,5.0,1048128730
544,1302,5.0,945033702
185,3717,5.0,1099686625
650,1020,5.0,965503840
108,353,5.0,944962914
160,1035,5.0,902697699
458,1953,5.0,975729350
109,902,5.0,919156137
615,1094,5.0,955127136
474,2093,5.0,1323122042
238,5995,5.0,1082122312
625,1240,5.0,1085177059
398,2194,5.0,939779217
318,357,5.0,842517958
86,608,5.0,1450071518
399,50,5.0,945151651
189,1214,5.0,1170026925
217,923,5.0,941215759
451,1136,5.0,1130472971
541,1370,5.0,1004508086
213,1234,5.0,1111502009
299,5445,5.0,1290448258
647,92507,5.0,1451786867
565,356,5.0,1433882965
666,4967,5.0,1021281257
399,1178,5.0,945151199
357,3996,5.0,992450366
4,1204,5.0,950323087
607,4951,5.0,1006067447
599,89745,5.0,1424812747
198,2918,5.0,958688359
274,1429,5.0,892802222
637,480,5.0,983918738
615,1214,5.0,955126269
232,55247,5.0,1277406056
245,457,5.0,834948252
580,1704,5.0,1209462467
561,1225,5.0,948001701
50,1219,5.0,904745375
596,6190,5.0,1048834979
315,6650,5.0,1154540142
41,596,5.0,1067129856
652,1183,5.0,974688632
299,1270,5.0,1290448244
295,356,5.0,837884692
546,2947,5.0,1036015207
198,1264,5.0,958686738
399,858,5.0,945151083
272,1584,5.0,952634189
422,4041,5.0,1064795201
286,1258,5.0,1437596638
32,1291,5.0,903752078
116,595,5.0,834668511
433,54001,5.0,1439795338
583,2947,5.0,978426820
7,3275,5.0,1322064676
428,303,5.0,1105416704
109,599,5.0,919142613
16,196,5.0,842888652
363,1298,5.0,947644926
639,1704,5.0,1418517721
495,1207,5.0,993843956
505,1092,5.0,965682387
444,480,5.0,833532113
481,2243,5.0,938872120
541,253,5.0,1004507235
32,1198,5.0,903751773
164,102716,5.0,1440812310
660,50,5.0,833100692
531,87869,5.0,1450372690
428,2722,5.0,1105416868
614,5418,5.0,1415080579
241,5418,5.0,1446670860
107,589,5.0,958155765
599,70994,5.0,1424825944
360,79132,5.0,1286595710
63,81591,5.0,1299476653
607,2455,5.0,974707254
101,5110,5.0,1278885841
524,1580,5.0,993243629
443,1950,5.0,915221175
149,260,5.0,855907994
409,8376,5.0,1292705464
615,1104,5.0,955125265
210,1276,5.0,1041825905
88,3210,5.0,1053535674
555,608,5.0,875311497
451,1216,5.0,1168988119
248,858,5.0,1013711367
637,1653,5.0,983918738
228,48394,5.0,1233251537
516,2639,5.0,1001472285
354,923,5.0,965328655
446,292,5.0,835116357
380,1244,5.0,1020278125
599,56174,5.0,1424813342
201,3534,5.0,1027311571
78,103228,5.0,1422655757
149,475,5.0,855908473
563,1228,5.0,1112208272
69,3703,5.0,1121284716
405,53123,5.0,1341972954
458,1635,5.0,940758739
525,1213,5.0,946570913
221,319,5.0,832578040
171,631,5.0,852833898
573,3551,5.0,1006522500
2,608,5.0,859046959
555,1240,5.0,875314095
109,2001,5.0,918634511
222,357,5.0,945070337
590,58047,5.0,1243444590
145,1252,5.0,955414171
46,2706,5.0,954480675
567,1587,5.0,1129534072
575,150,5.0,939808323
160,599,5.0,902697545
277,858,5.0,1445249991
354,1136,5.0,965328453
611,356,5.0,1368126244
484,1517,5.0,1308768486
109,4034,5.0,1018624558
198,1035,5.0,958689023
114,1214,5.0,1452130347
599,3275,5.0,1424812737
399,296,5.0,945153794
537,858,5.0,1356396513
299,8636,5.0,1290573201
543,3203,5.0,995891432
473,293,5.0,836972757
532,5816,5.0,1440349316
561,161,5.0,948000285
516,364,5.0,1001471089
475,589,5.0,1305329583
655,48,5.0,1257645922
552,708,5.0,850495559
599,55577,5.0,1424825183
355,316,5.0,835212973
499,55247,5.0,1289582025
286,33794,5.0,1437596599
475,101971,5.0,1402152209
605,1961,5.0,955376370
590,53468,5.0,1245630968
369,1729,5.0,941390192
289,106487,5.0,1446724314
458,590,5.0,953240705
240,2571,5.0,1007877194
578,808,5.0,858656117
615,1833,5.0,955128997
520,81158,5.0,1449869572
588,898,5.0,993932204
354,3108,5.0,1017935413
109,1029,5.0,941016322
78,1265,5.0,1422654360
511,589,5.0,834597621
443,1035,5.0,915222333
607,3481,5.0,985815765
177,349,5.0,1074044478
549,2455,5.0,1216531262
432,500,5.0,957673065
454,293,5.0,833725034
156,589,5.0,885820568
109,2795,5.0,971169177
444,296,5.0,833531345
455,7153,5.0,1107329030
663,593,5.0,851580205
263,969,5.0,916309699
519,1198,5.0,1446442937
188,58,5.0,879097056
167,48516,5.0,1446588323
53,79702,5.0,1285956900
160,161,5.0,901155447
66,5971,5.0,1041612791
216,2107,5.0,1025570948
603,1365,5.0,868272689
512,858,5.0,1254430412
528,5690,5.0,1252650341
241,5507,5.0,1446671175
315,913,5.0,969729805
436,342,5.0,837694195
119,5445,5.0,1204582866
584,2401,5.0,945276974
29,1291,5.0,846943250
531,68157,5.0,1447671841
607,2912,5.0,985810837
588,1250,5.0,995162391
211,1944,5.0,1138402913
461,2804,5.0,1193063769
198,1219,5.0,958688906
75,3549,5.0,1051071382
358,2288,5.0,1408189323
75,1197,5.0,1051070153
109,597,5.0,918642600
601,1244,5.0,938946734
109,1019,5.0,918645260
376,25,5.0,942190667
627,3114,5.0,1237936729
177,364,5.0,1074043858
597,1213,5.0,965788474
375,1670,5.0,1046194652
86,55820,5.0,1450071834
358,1527,5.0,1408188682
650,1042,5.0,965503485
456,6,5.0,841936428
358,1278,5.0,1408189104
458,913,5.0,975984004
423,2858,5.0,1087859855
210,1206,5.0,1041826685
561,7,5.0,948002646
589,3916,5.0,1426393199
580,50,5.0,1209462275
164,6753,5.0,1440888873
387,2918,5.0,1301402458
399,1280,5.0,945152053
458,2439,5.0,938814001
440,1223,5.0,962680151
606,47,5.0,1448032476
584,2846,5.0,945278406
432,1676,5.0,957670549
155,2078,5.0,945102331
222,902,5.0,945070089
4,32,5.0,950323750
158,47,5.0,1241060930
590,73017,5.0,1336062842
625,380,5.0,1085177145
458,1956,5.0,975779934
627,6874,5.0,1237933238
428,733,5.0,1105414293
231,44191,5.0,1321055906
627,1230,5.0,1237933607
590,64716,5.0,1245623685
128,318,5.0,1262128239
334,593,5.0,845388588
339,1,5.0,1172019772
50,1228,5.0,905247974
415,4995,5.0,1341263198
497,1584,5.0,1096452884
104,539,5.0,836834694
296,1303,5.0,1085800200
666,1203,5.0,1021280108
555,1279,5.0,875314753
169,1080,5.0,857626050
603,909,5.0,860499024
352,3510,5.0,1006561891
41,4306,5.0,1067130965
228,3174,5.0,1125608702
119,480,5.0,1204582640
584,1094,5.0,944925133
198,1291,5.0,958688498
534,1265,5.0,916849793
145,2010,5.0,955414128
529,7153,5.0,1260118401
597,3510,5.0,965182331
453,1396,5.0,859326281
483,858,5.0,1387206395
637,2174,5.0,983920236
116,318,5.0,834668511
277,1206,5.0,1445250004
201,4992,5.0,1027310342
577,4995,5.0,1030684618
385,5418,5.0,1094777551
561,3081,5.0,944926600
607,1266,5.0,974706519
69,3996,5.0,1121089467
607,1883,5.0,974706464
501,924,5.0,1042991772
311,612,5.0,850409060
616,54503,5.0,1259906253
303,1198,5.0,977413481
199,3032,5.0,975878295
352,3039,5.0,1049512557
228,353,5.0,1124125976
354,1265,5.0,965328915
617,4306,5.0,1225248031
343,1527,5.0,1196304546
376,1073,5.0,942192206
541,2542,5.0,1004508131
15,3462,5.0,1447478378
114,26662,5.0,1452132021
541,1916,5.0,1004509591
409,1258,5.0,1292611370
17,223,5.0,1350207076
575,1196,5.0,939916174
382,965,5.0,1322875449
569,7361,5.0,1245978849
460,4299,5.0,1130273425
164,2763,5.0,1440962613
279,1090,5.0,965499669
192,50923,5.0,1206559962
352,1233,5.0,1006316437
156,1136,5.0,885821222
346,2959,5.0,1279996803
219,4308,5.0,1011719397
254,60069,5.0,1358513780
433,52722,5.0,1439795167
283,1228,5.0,868271093
109,1266,5.0,919142613
284,708,5.0,855582347
232,344,5.0,1277373054
657,64034,5.0,1243036900
445,805,5.0,866304021
399,1625,5.0,945154189
410,1396,5.0,1140390254
646,4973,5.0,1093653497
76,5952,5.0,1416612808
399,1358,5.0,945152303
87,1721,5.0,1173620731
560,2502,5.0,1067536081
71,2571,5.0,1063749169
24,3035,5.0,963469471
433,31696,5.0,1439795431
147,2118,5.0,986111951
572,32,5.0,855516357
494,1375,5.0,1328296397
607,2716,5.0,974709887
337,110,5.0,962606154
213,608,5.0,1111501575
46,3142,5.0,954471608
91,2396,5.0,949282115
60,48780,5.0,1162941621
628,595,5.0,1112473817
516,356,5.0,1001472122
541,4846,5.0,1004504623
177,3996,5.0,1074043328
605,1196,5.0,955376369
563,2329,5.0,1112205186
432,1721,5.0,957670201
369,1264,5.0,952831527
358,1552,5.0,1408189216
578,29,5.0,858655689
480,1244,5.0,1136440925
613,361,5.0,833196953
254,76251,5.0,1358513782
600,1028,5.0,977982833
615,2076,5.0,955125787
189,562,5.0,1170024819
151,802,5.0,864684357
161,4901,5.0,1444730112
193,597,5.0,944904938
471,1408,5.0,972414655
422,3508,5.0,1062957643
607,2600,5.0,974709255
189,680,5.0,1170027038
157,589,5.0,916672908
369,308,5.0,953444186
188,1089,5.0,879099190
41,318,5.0,1067131273
164,42725,5.0,1440813211
498,594,5.0,852919415
567,8641,5.0,1129527919
114,1196,5.0,1452130155
500,2739,5.0,1318398540
409,1222,5.0,1292611426
128,1032,5.0,1262159185
455,527,5.0,1107193678
160,1287,5.0,903488848
589,80489,5.0,1439523029
213,6918,5.0,1112241493
599,52281,5.0,1424811373
642,7022,5.0,1439774853
337,1265,5.0,962605295
373,1517,5.0,1449332778
146,1073,5.0,944927230
142,56949,5.0,1307141153
242,1104,5.0,945673088
546,1230,5.0,1036015474
460,5418,5.0,1130278258
189,924,5.0,1170026921
501,1136,5.0,1042989255
147,1777,5.0,986111815
72,260,5.0,877801353
280,1197,5.0,944897720
436,62,5.0,837694066
455,32,5.0,1107193654
532,7323,5.0,1440349280
589,33794,5.0,1420582645
29,1210,5.0,846943018
496,2012,5.0,1185239624
607,2313,5.0,978816552
241,97,5.0,1446670669
16,780,5.0,849188177
600,1022,5.0,1018672824
193,919,5.0,944903674
590,8874,5.0,1243424181
597,1064,5.0,965118302
97,364,5.0,1448958346
109,1589,5.0,941531792
662,1617,5.0,945174486
237,2447,5.0,1215134977
286,1200,5.0,1437596659
195,318,5.0,1234131903
134,58,5.0,862764077
560,2363,5.0,1067530947
48,1199,5.0,1081162526
74,364,5.0,1112225113
7,1200,5.0,1322063112
223,1913,5.0,948941161
578,706,5.0,858656312
600,1254,5.0,969754039
578,712,5.0,858656445
260,508,5.0,847822827
542,47,5.0,1438507251
380,1077,5.0,1020279836
259,1748,5.0,997802085
8,1,5.0,858610933
8,36,5.0,858612240
278,8874,5.0,1341367693
88,4499,5.0,1053535665
501,4848,5.0,1042989897
261,1241,5.0,1138113035
399,1248,5.0,945151031
88,55820,5.0,1201288697
650,1022,5.0,965433547
385,7254,5.0,1094777606
160,2067,5.0,902694919
224,95149,5.0,1425288526
234,1233,5.0,901930839
650,250,5.0,965504270
254,7022,5.0,1354258811
192,4018,5.0,1030747762
275,1333,5.0,1136705561
421,318,5.0,879858148
149,1220,5.0,855909593
55,180,5.0,1225252204
330,4186,5.0,1021830470
160,341,5.0,903489209
241,64614,5.0,1446670986
109,1080,5.0,918796631
160,852,5.0,902694872
156,1730,5.0,897595391
472,6773,5.0,1079135064
555,150,5.0,875312349
213,926,5.0,1111503923
583,780,5.0,978506519
650,551,5.0,965433094
461,1663,5.0,1179852990
650,2687,5.0,965433343
15,7253,5.0,1447478847
567,1200,5.0,1129522061
108,1968,5.0,944976073
457,150,5.0,854879489
499,31658,5.0,1277426030
128,541,5.0,1286921616
164,2401,5.0,1440888964
547,357,5.0,835255833
303,1225,5.0,976124448
650,3176,5.0,965517689
229,95583,5.0,1439444865
549,1200,5.0,1216529855
399,1258,5.0,945153509
189,2730,5.0,1195628798
228,3527,5.0,1124123586
558,1035,5.0,841217979
146,912,5.0,944925796
173,1892,2.0,954597026
607,328,2.0,974713857
668,7399,2.0,1280110010
555,1370,2.0,875314943
546,4367,2.0,1036014068
668,4942,2.0,1090165514
28,350,2.0,884100331
666,2722,2.0,1021278209
203,2628,2.0,955133051
597,1126,2.0,965181515
190,532,2.0,840451670
402,420,2.0,1172478161
668,6952,2.0,1080486649
54,3273,2.0,1146967338
575,4718,2.0,1012131369
575,5382,2.0,1024139392
458,101137,2.0,1377030365
90,3176,2.0,974601786
532,111360,2.0,1440350178
530,801,2.0,1057371823
341,218,2.0,956598877
112,2529,2.0,956590883
575,49932,2.0,1192023422
575,5074,2.0,1030851505
151,65,2.0,864684411
615,952,2.0,955127650
542,45728,2.0,1303683230
575,2269,2.0,939803879
107,1673,2.0,958158350
475,5310,2.0,1383680557
575,3909,2.0,1000525407
530,3686,2.0,972347920
468,924,2.0,965671389
668,48,2.0,1025850810
107,1597,2.0,958164321
528,185,2.0,1252816681
156,1617,2.0,897595420
650,1644,2.0,965433848
420,2243,2.0,956588426
54,1556,2.0,1146963247
376,2344,2.0,942577745
194,97921,2.0,1446382494
600,2005,2.0,1018672685
518,2628,2.0,1439912881
544,784,2.0,945032089
303,3196,2.0,976135733
473,542,2.0,836973398
397,1635,2.0,979409303
666,2706,2.0,1021278065
668,4009,2.0,1026442064
414,3535,2.0,1037036728
575,2443,2.0,939809561
32,2088,2.0,903796194
128,59105,2.0,1364741311
607,4425,2.0,993545295
177,2816,2.0,1074297893
480,590,2.0,1136441896
591,69757,2.0,1271094506
310,2002,2.0,1092223924
573,3988,2.0,1009820893
575,422,2.0,940140485
252,4188,2.0,1048128703
508,98809,2.0,1451231199
668,3113,2.0,1025891614
403,480,2.0,1222301503
668,90430,2.0,1333514410
264,253,2.0,847928029
188,586,2.0,879099743
668,94919,2.0,1341022326
629,355,2.0,1168862993
458,5378,2.0,1037187792
668,32999,2.0,1313549872
275,2080,2.0,1136712660
402,66203,2.0,1248025015
668,2269,2.0,1025892018
668,2393,2.0,1025856898
381,196,2.0,844074868
451,5502,2.0,1130471620
668,3729,2.0,1025845116
354,3752,2.0,1019501106
668,958,2.0,1165989005
399,1190,2.0,945152147
575,6763,2.0,1080662367
475,55995,2.0,1305329597
458,2404,2.0,975730593
206,3897,2.0,1437526417
403,74370,2.0,1290723267
627,5920,2.0,1238076650
376,3087,2.0,943184895
413,77561,2.0,1308918183
109,2152,2.0,918803692
399,1748,2.0,945153334
376,3015,2.0,942191522
668,432,2.0,1025885385
235,2671,2.0,953740947
668,4602,2.0,1025892891
183,1222,2.0,1381955201
410,3479,2.0,1133198970
429,2546,2.0,993082773
160,1943,2.0,903816016
561,2553,2.0,944927680
649,2353,2.0,1062617626
131,480,2.0,962763428
607,2253,2.0,977942952
482,3753,2.0,974652797
416,736,2.0,844956608
578,1397,2.0,858656360
532,7254,2.0,1440346197
602,2404,2.0,1105451390
575,69306,2.0,1259618657
112,2455,2.0,956591027
668,2109,2.0,1036512670
473,93,2.0,836973316
423,762,2.0,1087859205
460,3682,2.0,1130272694
188,805,2.0,879096765
358,3623,2.0,1408189022
478,33499,2.0,1242657511
49,2616,2.0,938965679
668,5528,2.0,1067225571
668,52448,2.0,1215229405
337,1183,2.0,962606057
575,273,2.0,983301371
458,640,2.0,953243377
403,2391,2.0,1222301110
469,1049,2.0,865436602
10,480,2.0,1318897016
177,2450,2.0,1074297553
402,1586,2.0,1172479076
279,267,2.0,965445807
235,1573,2.0,953676980
668,4577,2.0,1183778083
354,1036,2.0,965329199
83,34048,2.0,1418841006
275,2087,2.0,1136712697
668,6927,2.0,1120099920
561,2334,2.0,948001336
668,46972,2.0,1182564535
105,849,2.0,857734911
224,86911,2.0,1428128324
627,2378,2.0,1238075483
668,1676,2.0,1025856950
473,419,2.0,836973206
354,1129,2.0,965327590
575,2410,2.0,939926249
458,133195,2.0,1446031592
69,637,2.0,1121284361
224,8907,2.0,1444708882
668,407,2.0,1025858690
228,37380,2.0,1141169027
668,8588,2.0,1191380983
409,2687,2.0,1292607973
575,33437,2.0,1129745530
542,113573,2.0,1428278394
72,839,2.0,889221338
244,1581,2.0,953172520
575,4544,2.0,995044574
458,1359,2.0,975730886
607,1479,2.0,974705272
60,8610,2.0,1162941658
591,27773,2.0,1281883843
512,4351,2.0,1254430265
512,541,2.0,1254435103
358,500,2.0,1408188565
651,2009,2.0,1064249605
402,1320,2.0,1172356582
668,252,2.0,1025855481
543,3285,2.0,995891361
668,65813,2.0,1249435712
590,750,2.0,1337286207
220,5,2.0,1112609325
576,8361,2.0,1448156772
354,3709,2.0,1017843738
310,656,2.0,1141991169
668,3421,2.0,1025890609
436,360,2.0,837694805
576,1584,2.0,1448938525
269,2699,2.0,1293104707
668,1332,2.0,1025859327
410,1240,2.0,1144962120
95,1210,2.0,862502962
668,96700,2.0,1348331926
668,45635,2.0,1161119086
367,344,2.0,833676471
118,218,2.0,1045002479
544,435,2.0,944940909
455,1408,2.0,1107147738
130,2872,2.0,996627318
440,3091,2.0,962682348
201,5428,2.0,1027310617
511,508,2.0,834652494
14,761,2.0,851766490
582,1676,2.0,911288475
498,585,2.0,852919455
488,2107,2.0,910638569
668,86931,2.0,1329891157
575,2906,2.0,1182609118
156,527,2.0,885580629
458,1825,2.0,975730404
607,2120,2.0,974713857
177,3270,2.0,1074130081
567,95,2.0,1129521944
601,1721,2.0,938942214
177,5829,2.0,1074053793
501,673,2.0,1042992270
275,2023,2.0,1136702473
7,8874,2.0,1322064664
575,477,2.0,951133515
161,6323,2.0,1448699918
331,3969,2.0,1138983539
368,6218,2.0,1053358861
668,1590,2.0,1025853040
235,2985,2.0,954450634
575,4816,2.0,1031524739
352,5114,2.0,1029379903
179,1190,2.0,1056713728
569,4701,2.0,1245983405
244,2683,2.0,953170040
402,60037,2.0,1213809371
161,527,2.0,1446208583
244,1101,2.0,953167646
443,1556,2.0,915231379
331,527,2.0,1138986644
283,466,2.0,868266016
130,2716,2.0,941840764
25,1581,2.0,916665319
234,1091,2.0,901931852
130,5378,2.0,1021846067
668,1129,2.0,1090239497
563,1721,2.0,1112209344
9,355,2.0,842686633
354,2657,2.0,965327561
235,170,2.0,953751306
575,516,2.0,1057007156
156,833,2.0,885584531
544,2050,2.0,945035736
573,3841,2.0,1009823410
668,1995,2.0,1025859612
544,2081,2.0,945033852
575,51617,2.0,1258396980
530,4169,2.0,1024623918
271,784,2.0,860663358
62,1620,2.0,1269755460
600,3538,2.0,977981742
69,112,2.0,1121087972
615,1619,2.0,955127374
597,3692,2.0,965154998
235,2455,2.0,954450634
62,376,2.0,1271396059
414,2805,2.0,1032191622
493,344,2.0,1218329745
506,344,2.0,1175243337
539,3981,2.0,1033519957
122,4148,2.0,1024805856
300,2003,2.0,942968127
545,288,2.0,845321663
128,56156,2.0,1265953922
122,3908,2.0,1024804289
627,33158,2.0,1237935672
250,380,2.0,1107160651
668,6879,2.0,1085149271
668,711,2.0,1191001049
588,648,2.0,993876096
402,3697,2.0,1172346628
530,3927,2.0,972346185
38,88810,2.0,1408381895
597,437,2.0,965155167
485,2036,2.0,1029356348
664,480,2.0,1423496482
402,2002,2.0,1172476848
402,51077,2.0,1172346715
96,719,2.0,857048880
157,160,2.0,916673232
249,333,2.0,1311817273
458,786,2.0,975729647
575,2263,2.0,939926070
205,288,2.0,839438564
62,780,2.0,1268780484
607,1805,2.0,974713585
495,2917,2.0,993842754
638,2763,2.0,955171028
107,471,2.0,958160390
485,4775,2.0,1072047337
48,1544,2.0,1081162514
575,3354,2.0,1208298038
376,2852,2.0,942573911
107,994,2.0,958163977
402,3910,2.0,1197813266
402,2405,2.0,1172479114
128,75425,2.0,1287093595
155,1080,2.0,945102046
567,7036,2.0,1176565149
303,2202,2.0,976999164
25,852,2.0,916665829
402,2012,2.0,1172401276
219,5046,2.0,1011718969
668,329,2.0,1025857005
607,2702,2.0,974804282
210,260,2.0,1041826822
485,516,2.0,1029356034
375,5956,2.0,1046463712
130,1358,2.0,941839998
575,7782,2.0,1084378113
255,7133,2.0,1174418666
575,8836,2.0,1107181034
575,2873,2.0,998686439
62,2122,2.0,1267577278
413,44397,2.0,1310013304
28,1562,2.0,884101089
9,248,2.0,842686918
350,5952,2.0,1425024152
668,35738,2.0,1254186826
668,2096,2.0,1025850654
303,1913,2.0,976135995
244,1009,2.0,953168084
255,3833,2.0,1174420263
250,2012,2.0,1107161435
399,1762,2.0,945153743
66,529,2.0,961685610
402,153,2.0,1172401294
300,2985,2.0,942965003
315,5799,2.0,1075410100
545,374,2.0,845651868
575,2468,2.0,983302069
109,2642,2.0,930915546
656,267,2.0,838778113
130,2533,2.0,941904491
376,280,2.0,942577883
665,45672,2.0,1231676242
303,3035,2.0,976124448
54,3623,2.0,1146933792
224,45662,2.0,1425362060
183,912,2.0,1379257535
235,237,2.0,953741101
668,1037,2.0,1025857265
668,96565,2.0,1372047146
668,31700,2.0,1144499842
310,2717,2.0,1091969910
668,1305,2.0,1026443006
575,2561,2.0,939802175
255,419,2.0,1174420348
402,6078,2.0,1198098397
235,2126,2.0,953676841
261,3996,2.0,1138111984
354,2363,2.0,1017843360
224,54648,2.0,1425336388
354,4564,2.0,1017759082
74,1485,2.0,1112224895
9,185,2.0,842686329
194,51084,2.0,1364055915
668,1334,2.0,1192300243
303,3008,2.0,976999297
261,5995,2.0,1138113290
444,39,2.0,833531574
177,1562,2.0,1074056135
386,1566,2.0,1223296925
451,2421,2.0,1131665092
66,2142,2.0,1041613083
458,2405,2.0,975730432
303,131,2.0,976733197
413,59369,2.0,1235466830
300,2471,2.0,942968516
244,520,2.0,953170251
83,2011,2.0,1418841766
575,8799,2.0,1213291678
50,1060,2.0,905249763
235,1995,2.0,953849850
310,3717,2.0,1135501209
150,2686,2.0,1042255171
668,4061,2.0,1025854048
575,1382,2.0,939890734
194,835,2.0,1364052978
113,344,2.0,1209265020
402,6294,2.0,1172481852
66,1441,2.0,961687785
128,6157,2.0,1269621298
244,1527,2.0,953169514
220,3440,2.0,1112264904
50,296,2.0,904745372
343,588,2.0,1196304330
575,79057,2.0,1290540622
451,4388,2.0,1131750229
537,2915,2.0,1356395720
50,318,2.0,904746097
668,115617,2.0,1426168318
668,586,2.0,1025891441
310,6996,2.0,1092169414
62,647,2.0,1269709912
203,485,2.0,955137338
89,377,2.0,1328925201
69,2540,2.0,1121284865
244,1339,2.0,953169631
575,3863,2.0,979489698
110,5481,2.0,1077955903
495,3785,2.0,993839850
575,2455,2.0,939926249
627,46970,2.0,1237992787
666,4446,2.0,1021278881
576,34,2.0,1445444115
440,3526,2.0,962682657
128,108945,2.0,1417390463
636,2504,2.0,939631177
490,1834,2.0,1400034224
342,141,2.0,845453994
607,2596,2.0,974712262
547,355,2.0,835255893
118,24,2.0,1045088401
203,3037,2.0,955136745
160,1762,2.0,903816747
575,36519,2.0,1138040413
458,95583,2.0,1440521015
596,153,2.0,1048826485
575,5673,2.0,1062364261
575,4976,2.0,1210886132
615,918,2.0,955124731
95,12,2.0,862502986
354,1466,2.0,1028160052
63,40148,2.0,1300738339
668,27618,2.0,1143960590
354,788,2.0,965327739
169,1088,2.0,854176605
668,2778,2.0,1025851379
310,2683,2.0,1092234293
668,99124,2.0,1356241017
244,2421,2.0,953168196
161,953,2.0,1448779756
575,7163,2.0,1086012611
458,2034,2.0,1055065533
458,103042,2.0,1434899324
235,1605,2.0,953741241
354,1064,2.0,965328202
668,108190,2.0,1406523022
383,1917,2.0,1214210471
603,224,2.0,860498825
575,3301,2.0,963658548
127,5349,2.0,1044479350
458,6365,2.0,1055063648
109,1831,2.0,918632859
443,1835,2.0,915223747
63,34530,2.0,1300738982
485,2249,2.0,1029355981
62,3868,2.0,1267493189
668,8810,2.0,1132804603
122,4265,2.0,1024805714
71,5222,2.0,1063749043
622,59725,2.0,1449578490
668,6115,2.0,1098366622
62,350,2.0,1267564324
140,1432,2.0,854667853
639,2706,2.0,1418517756
179,1500,2.0,1056440425
607,2107,2.0,974789716
668,90531,2.0,1361505953
485,4701,2.0,1028845153
383,1996,2.0,1214215850
433,474,2.0,1439794756
668,5821,2.0,1084507478
528,586,2.0,1252816673
597,1980,2.0,965182376
310,782,2.0,1129193962
461,44,2.0,1217046762
303,1914,2.0,975183316
155,539,2.0,945101926
28,1206,2.0,884099511
396,33493,2.0,1448472606
668,87869,2.0,1334717143
668,2851,2.0,1192300164
668,8617,2.0,1089403893
481,1183,2.0,938870999
543,3388,2.0,995889240
44,2788,2.0,1225239310
668,69773,2.0,1366603038
530,30812,2.0,1132722823
179,2076,2.0,1056441279
651,1126,2.0,1064249876
668,26505,2.0,1261328010
575,67788,2.0,1245852028
352,2819,2.0,1006558010
429,2701,2.0,993083348
617,2628,2.0,1225248602
130,1375,2.0,941900170
668,118880,2.0,1433992171
434,2770,2.0,1241405224
130,2454,2.0,941884048
668,1920,2.0,1025860725
274,780,2.0,892802111
402,2792,2.0,1172479879
337,48,2.0,962607056
367,586,2.0,833676072
508,54001,2.0,1451231113
224,65682,2.0,1428130968
62,266,2.0,1268792646
590,587,2.0,1336063693
575,3127,2.0,966032861
303,1127,2.0,976999297
668,97773,2.0,1354434443
244,92,2.0,953170304
376,2949,2.0,942194515
418,2859,2.0,1100029793
402,43928,2.0,1172482677
353,267,2.0,844640021
122,1591,2.0,1024806297
668,126929,2.0,1436668178
354,1414,2.0,1017932196
160,1289,2.0,902696264
352,377,2.0,1006559353
548,595,2.0,953597305
475,124867,2.0,1451814251
207,1732,2.0,992198742
607,587,2.0,974709887
668,2696,2.0,1183430903
569,1876,2.0,1245981748
62,1268,2.0,1267564645
11,317,2.0,850816286
5,2792,2.0,1303499206
458,1027,2.0,953242950
575,55267,2.0,1208785938
668,2867,2.0,1025892891
409,8360,2.0,1292613105
371,344,2.0,841274442
83,51662,2.0,1418842377
155,1683,2.0,945102399
140,434,2.0,847402817
130,6503,2.0,1063066236
485,3512,2.0,1028843928
458,329,2.0,953241518
29,71,2.0,840971766
62,708,2.0,1271396116
414,3285,2.0,1032191467
179,3253,2.0,1056711460
179,589,2.0,1056712746
668,111458,2.0,1400428323
25,2463,2.0,916663859
130,5791,2.0,1038582521
210,3355,2.0,1041826285
420,368,2.0,956588742
458,3197,2.0,975730256
625,1438,2.0,1085175874
575,5472,2.0,1025544534
481,1,2.0,938871429
260,380,2.0,847822516
310,2770,2.0,1091954103
354,485,2.0,1019501225
29,420,2.0,836583906
603,1210,2.0,868272894
458,1356,2.0,938814716
202,305,2.0,1174784998
133,1233,2.0,852201242
607,2424,2.0,974712771
668,54738,2.0,1446388474
163,3443,2.0,1208686862
575,4808,2.0,1000741786
574,51086,2.0,1257234981
458,948,2.0,975780158
209,3617,2.0,1013139976
25,1884,2.0,916664088
386,648,2.0,1223420376
203,934,2.0,955133131
651,6541,2.0,1064248912
262,165,2.0,1183002059
128,94777,2.0,1364741423
249,785,2.0,1311817286
115,2019,2.0,1364202446
275,2096,2.0,1136712641
63,37477,2.0,1299621089
542,153,2.0,1303774456
283,849,2.0,868266694
440,2791,2.0,962686977
601,1287,2.0,938947849
44,2918,2.0,1225239232
274,1707,2.0,892801604
668,4143,2.0,1025853040
63,52245,2.0,1299774578
69,479,2.0,1121284897
668,1042,2.0,1025852042
428,5445,2.0,1087081712
575,471,2.0,939803726
253,1036,2.0,1353236038
575,89087,2.0,1329756536
280,2028,2.0,945040287
668,31696,2.0,1146513911
43,6539,2.0,1364390216
177,3409,2.0,1074052894
268,8966,2.0,1227219562
458,748,2.0,953242150
575,4097,2.0,979762842
63,53972,2.0,1299620949
268,61729,2.0,1227217760
62,2268,2.0,1268792651
469,66,2.0,865436423
50,497,2.0,904744881
575,70932,2.0,1280947906
607,2430,2.0,974801816
104,596,2.0,836836136
410,4343,2.0,1146588549
615,356,2.0,955127294
575,5708,2.0,1034284723
376,2738,2.0,943183125
244,2616,2.0,953169695
376,2890,1.0,942589657
561,2322,1.0,944928487
376,2140,1.0,942576987
642,107348,1.0,1439771822
221,434,1.0,832577436
668,3064,1.0,1025859569
468,3752,1.0,965671715
501,3617,1.0,1042988938
8,731,1.0,858612008
607,3024,1.0,974787188
376,2000,1.0,942193351
610,56367,1.0,1303104617
498,160,1.0,852919239
634,4214,1.0,1188437820
62,1409,1.0,1269754416
118,4776,1.0,1045003947
315,1499,1.0,1354623590
329,3945,1.0,1009869683
244,333,1.0,953169993
410,3698,1.0,1133284278
130,4084,1.0,996627524
458,1479,1.0,953243513
63,6548,1.0,1299620284
38,8636,1.0,1406491484
458,2265,1.0,975732543
668,3580,1.0,1118901377
354,3269,1.0,965327866
458,101285,1.0,1394822688
140,81,1.0,867828018
666,3988,1.0,1021278961
25,2383,1.0,916666879
130,1969,1.0,941900532
25,2042,1.0,916665727
326,435,1.0,844184141
352,1465,1.0,1006560310
600,434,1.0,1018672661
331,1148,1.0,1138987005
354,2615,1.0,965327921
613,432,1.0,830716866
66,2809,1.0,1041611007
90,3973,1.0,974602850
541,2720,1.0,1004506224
668,2431,1.0,1025894094
220,1731,1.0,1111497281
379,778,1.0,864400120
354,4578,1.0,1017931134
63,57532,1.0,1300122693
130,429,1.0,941903696
203,1356,1.0,955136947
72,761,1.0,889221826
460,420,1.0,1130271766
645,2657,1.0,1275496008
130,1101,1.0,996627451
548,1089,1.0,953597127
245,413,1.0,830280893
668,52245,1.0,1185174696
171,837,1.0,852834005
574,208,1.0,1257553746
62,1968,1.0,1267427869
424,44,1.0,836378855
668,88118,1.0,1310531649
130,4128,1.0,996626934
597,1981,1.0,965182376
177,429,1.0,1074129398
458,747,1.0,975732486
668,96969,1.0,1348929911
542,181,1.0,1304345682
318,253,1.0,842517612
354,2668,1.0,965327895
312,243,1.0,828564955
244,343,1.0,953166684
376,1036,1.0,942190140
69,5501,1.0,1121284354
420,2502,1.0,956588510
69,996,1.0,1121284874
130,3999,1.0,981731328
668,99495,1.0,1357192203
512,3108,1.0,1254429871
188,4006,1.0,879098485
199,3758,1.0,975878148
609,88,1.0,865265076
668,113642,1.0,1416109594
161,2716,1.0,1446722848
668,4829,1.0,1025859667
63,82202,1.0,1299478831
607,1126,1.0,974708145
130,5445,1.0,1032551340
354,1461,1.0,1017931495
668,100810,1.0,1374818436
668,53953,1.0,1191681727
409,8972,1.0,1292751507
607,172,1.0,974711586
192,3617,1.0,1002211497
352,5222,1.0,1051979125
668,4876,1.0,1036101693
244,2718,1.0,953169631
666,3908,1.0,1021278477
352,40,1.0,1044935540
66,2798,1.0,961688173
130,2628,1.0,941840429
561,2868,1.0,948002256
